order_id,customer_id,order_date,sku_id,quantity,unit_price,line_total
ORD-000001,WCUST-00001,2026-07-13,REGULAR-BLEND-WHOLESALE,3,84.0,252.0
ORD-000002,WCUST-00001,2026-08-13,REGULAR-BLEND-WHOLESALE,4,84.0,336.0
ORD-000003,WCUST-00001,2026-09-04,REGULAR-BLEND-WHOLESALE,4,84.0,336.0
ORD-000003,WCUST-00001,2026-09-04,DECAF-BLEND-RETAIL,2,15.5,31.0
ORD-000004,WCUST-00002,2026-04-27,REGULAR-GUATEMALA-WHOLESALE,6,84.0,504.0
ORD-000005,WCUST-00002,2026-05-14,DECAF-PERU-WHOLESALE,5,93.0,465.0
ORD-000006,WCUST-00002,2026-06-10,REGULAR-BLEND-WHOLESALE,4,84.0,336.0
ORD-000007,WCUST-00002,2026-06-25,REGULAR-BLEND-WHOLESALE,7,84.0,588.0
ORD-000007,WCUST-00002,2026-06-25,DECAF-COLOMBIA-RETAIL,2,15.5,31.0
ORD-000008,WCUST-00002,2026-07-19,REGULAR-COLOMBIA-WHOLESALE,5,84.0,420.0
ORD-000009,WCUST-00002,2026-08-04,REGULAR-BLEND-WHOLESALE,3,84.0,252.0
ORD-000010,WCUST-00002,2026-08-22,REGULAR-BLEND-WHOLESALE,7,84.0,588.0
ORD-000011,WCUST-00003,2026-07-14,REGULAR-COLOMBIA-WHOLESALE,4,84.0,336.0
ORD-000012,WCUST-00003,2026-08-07,REGULAR-BLEND-WHOLESALE,4,84.0,336.0
ORD-000013,WCUST-00004,2026-03-29,REGULAR-GUATEMALA-WHOLESALE,5,84.0,420.0
ORD-000014,WCUST-00004,2026-05-03,REGULAR-BLEND-WHOLESALE,5,84.0,420.0
ORD-000015,WCUST-00004,2026-05-31,DECAF-PERU-WHOLESALE,3,93.0,279.0
ORD-000016,WCUST-00004,2026-06-27,REGULAR-BLEND-WHOLESALE,4,84.0,336.0
ORD-000017,WCUST-00004,2026-07-21,REGULAR-BLEND-WHOLESALE,3,84.0,252.0
ORD-000018,WCUST-00004,2026-08-23,REGULAR-BLEND-WHOLESALE,3,84.0,252.0
ORD-000019,WCUST-00005,2026-03-12,REGULAR-COLOMBIA-WHOLESALE,7,84.0,588.0
ORD-000019,WCUST-00005,2026-03-12,REGULAR-GUATEMALA-RETAIL,1,14.0,14.0
ORD-000020,WCUST-00005,2026-04-10,REGULAR-GUATEMALA-WHOLESALE,5,84.0,420.0
ORD-000021,WCUST-00005,2026-05-23,REGULAR-BLEND-WHOLESALE,6,84.0,504.0
ORD-000022,WCUST-00005,2026-06-25,REGULAR-BLEND-WHOLESALE,4,84.0,336.0
ORD-000023,WCUST-00005,2026-08-02,REGULAR-BLEND-WHOLESALE,4,84.0,336.0
ORD-000024,WCUST-00005,2026-08-31,REGULAR-COLOMBIA-WHOLESALE,6,84.0,504.0
ORD-000025,WCUST-00006,2025-10-17,REGULAR-GUATEMALA-WHOLESALE,6,84.0,504.0
ORD-000026,WCUST-00006,2025-11-17,DECAF-PERU-WHOLESALE,9,93.0,837.0
ORD-000027,WCUST-00006,2025-12-14,REGULAR-GUATEMALA-WHOLESALE,10,84.0,840.0
ORD-000028,WCUST-00006,2026-01-12,REGULAR-PERU-WHOLESALE,4,84.0,336.0
ORD-000029,WCUST-00006,2026-02-22,REGULAR-PERU-WHOLESALE,10,84.0,840.0
ORD-000030,WCUST-00006,2026-03-25,REGULAR-COLOMBIA-WHOLESALE,4,84.0,336.0
ORD-000031,WCUST-00006,2026-04-22,REGULAR-GUATEMALA-WHOLESALE,10,84.0,840.0
ORD-000032,WCUST-00006,2026-05-21,REGULAR-BLEND-WHOLESALE,5,84.0,420.0
ORD-000033,WCUST-00006,2026-07-01,REGULAR-COLOMBIA-WHOLESALE,10,84.0,840.0
ORD-000034,WCUST-00006,2026-07-30,REGULAR-BLEND-WHOLESALE,5,84.0,420.0
ORD-000035,WCUST-00006,2026-08-26,REGULAR-BLEND-WHOLESALE,8,84.0,672.0
ORD-000036,WCUST-00007,2025-11-09,REGULAR-BLEND-WHOLESALE,6,84.0,504.0
ORD-000037,WCUST-00007,2025-12-03,REGULAR-BLEND-WHOLESALE,8,84.0,672.0
ORD-000038,WCUST-00007,2025-12-24,REGULAR-BLEND-WHOLESALE,5,84.0,420.0
ORD-000038,WCUST-00007,2025-12-24,REGULAR-BLEND-RETAIL,3,14.0,42.0
ORD-000039,WCUST-00007,2026-01-12,REGULAR-BLEND-WHOLESALE,5,84.0,420.0
ORD-000039,WCUST-00007,2026-01-12,REGULAR-PERU-RETAIL,1,14.0,14.0
ORD-000040,WCUST-00007,2026-01-27,DECAF-PERU-WHOLESALE,8,93.0,744.0
ORD-000041,WCUST-00007,2026-02-23,REGULAR-PERU-WHOLESALE,7,84.0,588.0
ORD-000042,WCUST-00007,2026-03-12,REGULAR-COLOMBIA-WHOLESALE,8,84.0,672.0
ORD-000043,WCUST-00007,2026-04-07,REGULAR-GUATEMALA-WHOLESALE,8,84.0,672.0
ORD-000044,WCUST-00007,2026-04-24,REGULAR-GUATEMALA-WHOLESALE,5,84.0,420.0
ORD-000044,WCUST-00007,2026-04-24,REGULAR-GUATEMALA-RETAIL,2,14.0,28.0
ORD-000045,WCUST-00007,2026-05-16,REGULAR-BLEND-WHOLESALE,6,84.0,504.0
ORD-000046,WCUST-00007,2026-06-03,DECAF-COLOMBIA-WHOLESALE,8,93.0,744.0
ORD-000047,WCUST-00007,2026-06-25,REGULAR-BLEND-WHOLESALE,5,84.0,420.0
ORD-000048,WCUST-00007,2026-07-20,REGULAR-COLOMBIA-WHOLESALE,3,84.0,252.0
ORD-000049,WCUST-00007,2026-08-11,REGULAR-COLOMBIA-WHOLESALE,6,84.0,504.0
ORD-000050,WCUST-00007,2026-09-05,REGULAR-COLOMBIA-WHOLESALE,7,84.0,588.0
ORD-000051,WCUST-00008,2026-03-07,REGULAR-GUATEMALA-WHOLESALE,5,84.0,420.0
ORD-000052,WCUST-00008,2026-03-23,REGULAR-GUATEMALA-WHOLESALE,5,84.0,420.0
ORD-000053,WCUST-00008,2026-04-13,REGULAR-GUATEMALA-WHOLESALE,4,84.0,336.0
ORD-000054,WCUST-00008,2026-05-03,REGULAR-BLEND-WHOLESALE,5,84.0,420.0
ORD-000055,WCUST-00008,2026-05-18,REGULAR-BLEND-WHOLESALE,4,84.0,336.0
ORD-000056,WCUST-00008,2026-06-03,REGULAR-BLEND-WHOLESALE,4,84.0,336.0
ORD-000057,WCUST-00008,2026-06-25,REGULAR-BLEND-WHOLESALE,6,84.0,504.0
ORD-000058,WCUST-00008,2026-07-11,REGULAR-COLOMBIA-WHOLESALE,6,84.0,504.0
ORD-000059,WCUST-00008,2026-08-06,REGULAR-BLEND-WHOLESALE,4,84.0,336.0
ORD-000060,WCUST-00008,2026-09-01,REGULAR-BLEND-WHOLESALE,5,84.0,420.0
ORD-000061,WCUST-00009,2026-07-09,DECAF-COLOMBIA-WHOLESALE,2,93.0,186.0
ORD-000062,WCUST-00010,2025-10-23,REGULAR-PERU-WHOLESALE,7,84.0,588.0
ORD-000063,WCUST-00010,2025-11-13,REGULAR-GUATEMALA-WHOLESALE,6,84.0,504.0
ORD-000064,WCUST-00010,2025-11-28,REGULAR-BLEND-WHOLESALE,4,84.0,336.0
ORD-000065,WCUST-00010,2025-12-21,REGULAR-BLEND-WHOLESALE,4,84.0,336.0
ORD-000066,WCUST-00010,2026-01-11,DECAF-PERU-WHOLESALE,6,93.0,558.0
ORD-000067,WCUST-00010,2026-02-01,REGULAR-PERU-WHOLESALE,6,84.0,504.0
ORD-000068,WCUST-00010,2026-02-25,REGULAR-PERU-WHOLESALE,7,84.0,588.0
ORD-000068,WCUST-00010,2026-02-25,REGULAR-PERU-RETAIL,3,14.0,42.0
ORD-000069,WCUST-00010,2026-03-13,DECAF-COLOMBIA-WHOLESALE,5,93.0,465.0
ORD-000070,WCUST-00010,2026-04-09,DECAF-COLOMBIA-WHOLESALE,4,93.0,372.0
ORD-000071,WCUST-00010,2026-05-02,REGULAR-BLEND-WHOLESALE,4,84.0,336.0
ORD-000071,WCUST-00010,2026-05-02,REGULAR-BLEND-RETAIL,2,14.0,28.0
ORD-000072,WCUST-00010,2026-05-23,REGULAR-BLEND-WHOLESALE,7,84.0,588.0
ORD-000073,WCUST-00010,2026-06-17,REGULAR-BLEND-WHOLESALE,8,84.0,672.0
ORD-000074,WCUST-00010,2026-07-08,DECAF-COLOMBIA-WHOLESALE,7,93.0,651.0
ORD-000075,WCUST-00010,2026-07-27,REGULAR-BLEND-WHOLESALE,4,84.0,336.0
ORD-000076,WCUST-00010,2026-08-13,REGULAR-BLEND-WHOLESALE,4,84.0,336.0
ORD-000076,WCUST-00010,2026-08-13,REGULAR-COLOMBIA-RETAIL,2,14.0,28.0
ORD-000077,WCUST-00010,2026-09-06,REGULAR-COLOMBIA-WHOLESALE,4,84.0,336.0
ORD-000078,WCUST-00011,2024-08-30,REGULAR-PERU-WHOLESALE,3,84.0,252.0
ORD-000079,WCUST-00011,2024-09-22,REGULAR-BLEND-WHOLESALE,6,84.0,504.0
ORD-000080,WCUST-00011,2024-10-12,DECAF-GUATEMALA-WHOLESALE,6,93.0,558.0
ORD-000081,WCUST-00011,2024-10-31,REGULAR-GUATEMALA-WHOLESALE,6,84.0,504.0
ORD-000082,WCUST-00011,2024-11-26,REGULAR-GUATEMALA-WHOLESALE,5,84.0,420.0
ORD-000083,WCUST-00011,2024-12-20,DECAF-PERU-WHOLESALE,3,93.0,279.0
ORD-000084,WCUST-00011,2025-01-15,REGULAR-GUATEMALA-WHOLESALE,3,84.0,252.0
ORD-000085,WCUST-00011,2025-02-07,REGULAR-GUATEMALA-WHOLESALE,6,84.0,504.0
ORD-000086,WCUST-00011,2025-02-22,REGULAR-COLOMBIA-WHOLESALE,3,84.0,252.0
ORD-000086,WCUST-00011,2025-02-22,REGULAR-COLOMBIA-RETAIL,2,14.0,28.0
ORD-000087,WCUST-00011,2025-03-20,REGULAR-COLOMBIA-WHOLESALE,3,84.0,252.0
ORD-000088,WCUST-00011,2025-04-14,REGULAR-GUATEMALA-WHOLESALE,5,84.0,420.0
ORD-000088,WCUST-00011,2025-04-14,REGULAR-GUATEMALA-RETAIL,2,14.0,28.0
ORD-000089,WCUST-00011,2025-05-06,DECAF-BLEND-WHOLESALE,5,93.0,465.0
ORD-000090,WCUST-00011,2025-05-26,REGULAR-GUATEMALA-WHOLESALE,5,84.0,420.0
ORD-000091,WCUST-00011,2025-06-20,DECAF-BLEND-WHOLESALE,3,93.0,279.0
ORD-000092,WCUST-00011,2025-07-17,REGULAR-COLOMBIA-WHOLESALE,8,84.0,672.0
ORD-000093,WCUST-00011,2025-08-07,REGULAR-GUATEMALA-WHOLESALE,8,84.0,672.0
ORD-000094,WCUST-00011,2025-08-25,REGULAR-GUATEMALA-WHOLESALE,4,84.0,336.0
ORD-000095,WCUST-00011,2025-09-19,REGULAR-GUATEMALA-WHOLESALE,3,84.0,252.0
ORD-000096,WCUST-00011,2025-10-15,REGULAR-PERU-WHOLESALE,6,84.0,504.0
ORD-000097,WCUST-00011,2025-11-09,REGULAR-BLEND-WHOLESALE,7,84.0,588.0
ORD-000098,WCUST-00011,2025-11-28,REGULAR-GUATEMALA-WHOLESALE,6,84.0,504.0
ORD-000099,WCUST-00011,2025-12-17,REGULAR-GUATEMALA-WHOLESALE,8,84.0,672.0
ORD-000100,WCUST-00011,2026-01-09,DECAF-PERU-WHOLESALE,6,93.0,558.0
ORD-000101,WCUST-00011,2026-02-03,REGULAR-BLEND-WHOLESALE,7,84.0,588.0
ORD-000102,WCUST-00011,2026-02-26,REGULAR-PERU-WHOLESALE,3,84.0,252.0
ORD-000102,WCUST-00011,2026-02-26,REGULAR-PERU-RETAIL,2,14.0,28.0
ORD-000103,WCUST-00011,2026-03-24,REGULAR-GUATEMALA-WHOLESALE,8,84.0,672.0
ORD-000103,WCUST-00011,2026-03-24,REGULAR-GUATEMALA-RETAIL,3,14.0,42.0
ORD-000104,WCUST-00011,2026-04-11,REGULAR-GUATEMALA-WHOLESALE,3,84.0,252.0
ORD-000105,WCUST-00011,2026-05-03,REGULAR-BLEND-WHOLESALE,6,84.0,504.0
ORD-000106,WCUST-00011,2026-05-22,REGULAR-BLEND-WHOLESALE,7,84.0,588.0
ORD-000107,WCUST-00011,2026-06-15,REGULAR-BLEND-WHOLESALE,5,84.0,420.0
ORD-000108,WCUST-00011,2026-07-02,REGULAR-BLEND-WHOLESALE,5,84.0,420.0
ORD-000109,WCUST-00011,2026-07-20,REGULAR-BLEND-WHOLESALE,4,84.0,336.0
ORD-000110,WCUST-00011,2026-08-16,REGULAR-COLOMBIA-WHOLESALE,8,84.0,672.0
ORD-000111,WCUST-00011,2026-09-08,REGULAR-COLOMBIA-WHOLESALE,3,84.0,252.0
ORD-000112,WCUST-00012,2025-08-28,REGULAR-GUATEMALA-WHOLESALE,1,84.0,84.0
ORD-000113,WCUST-00012,2025-10-10,REGULAR-PERU-WHOLESALE,3,84.0,252.0
ORD-000114,WCUST-00012,2025-11-25,REGULAR-BLEND-WHOLESALE,2,84.0,168.0
ORD-000115,WCUST-00012,2026-01-23,REGULAR-BLEND-WHOLESALE,3,84.0,252.0
ORD-000116,WCUST-00012,2026-03-29,REGULAR-COLOMBIA-WHOLESALE,3,84.0,252.0
ORD-000117,WCUST-00012,2026-05-25,REGULAR-BLEND-WHOLESALE,1,84.0,84.0
ORD-000118,WCUST-00012,2026-07-08,REGULAR-BLEND-WHOLESALE,2,84.0,168.0
ORD-000119,WCUST-00012,2026-08-20,REGULAR-BLEND-WHOLESALE,2,84.0,168.0
ORD-000120,WCUST-00013,2025-08-08,REGULAR-PERU-WHOLESALE,7,84.0,588.0
ORD-000121,WCUST-00013,2025-08-23,REGULAR-PERU-WHOLESALE,4,84.0,336.0
ORD-000121,WCUST-00013,2025-08-23,REGULAR-GUATEMALA-RETAIL,1,14.0,14.0
ORD-000122,WCUST-00013,2025-09-14,REGULAR-PERU-WHOLESALE,3,84.0,252.0
ORD-000123,WCUST-00013,2025-10-11,REGULAR-PERU-WHOLESALE,3,84.0,252.0
ORD-000124,WCUST-00013,2025-10-29,REGULAR-GUATEMALA-WHOLESALE,4,84.0,336.0
ORD-000124,WCUST-00013,2025-10-29,REGULAR-PERU-RETAIL,2,14.0,28.0
ORD-000125,WCUST-00013,2025-11-16,REGULAR-GUATEMALA-WHOLESALE,3,84.0,252.0
ORD-000126,WCUST-00013,2025-12-03,REGULAR-GUATEMALA-WHOLESALE,6,84.0,504.0
ORD-000127,WCUST-00013,2025-12-29,REGULAR-GUATEMALA-WHOLESALE,6,84.0,504.0
ORD-000128,WCUST-00013,2026-01-16,REGULAR-BLEND-WHOLESALE,5,84.0,420.0
ORD-000129,WCUST-00013,2026-02-02,REGULAR-BLEND-WHOLESALE,7,84.0,588.0
ORD-000130,WCUST-00013,2026-03-01,REGULAR-GUATEMALA-WHOLESALE,5,84.0,420.0
ORD-000131,WCUST-00013,2026-03-17,REGULAR-GUATEMALA-WHOLESALE,5,84.0,420.0
ORD-000132,WCUST-00013,2026-04-06,REGULAR-GUATEMALA-WHOLESALE,7,84.0,588.0
ORD-000132,WCUST-00013,2026-04-06,REGULAR-GUATEMALA-RETAIL,3,14.0,42.0
ORD-000133,WCUST-00013,2026-05-02,REGULAR-BLEND-WHOLESALE,3,84.0,252.0
ORD-000134,WCUST-00013,2026-05-19,DECAF-PERU-WHOLESALE,4,93.0,372.0
ORD-000134,WCUST-00013,2026-05-19,REGULAR-BLEND-RETAIL,2,14.0,28.0
ORD-000135,WCUST-00013,2026-06-03,REGULAR-BLEND-WHOLESALE,6,84.0,504.0
ORD-000136,WCUST-00013,2026-06-24,REGULAR-BLEND-WHOLESALE,8,84.0,672.0
ORD-000137,WCUST-00013,2026-07-18,REGULAR-COLOMBIA-WHOLESALE,5,84.0,420.0
ORD-000138,WCUST-00013,2026-08-10,REGULAR-COLOMBIA-WHOLESALE,3,84.0,252.0
ORD-000139,WCUST-00013,2026-08-28,REGULAR-BLEND-WHOLESALE,8,84.0,672.0
ORD-000140,WCUST-00014,2026-06-06,REGULAR-BLEND-WHOLESALE,5,84.0,420.0
ORD-000141,WCUST-00014,2026-06-29,REGULAR-BLEND-WHOLESALE,6,84.0,504.0
ORD-000142,WCUST-00014,2026-07-16,REGULAR-BLEND-WHOLESALE,6,84.0,504.0
ORD-000143,WCUST-00014,2026-08-05,REGULAR-BLEND-WHOLESALE,4,84.0,336.0
ORD-000144,WCUST-00015,2024-08-27,REGULAR-BLEND-WHOLESALE,2,84.0,168.0
ORD-000145,WCUST-00015,2024-09-28,REGULAR-BLEND-WHOLESALE,5,84.0,420.0
ORD-000146,WCUST-00015,2024-10-25,REGULAR-GUATEMALA-WHOLESALE,3,84.0,252.0
ORD-000147,WCUST-00015,2024-11-14,DECAF-PERU-WHOLESALE,2,93.0,186.0
ORD-000148,WCUST-00015,2024-12-09,REGULAR-GUATEMALA-WHOLESALE,5,84.0,420.0
ORD-000149,WCUST-00015,2024-12-30,REGULAR-GUATEMALA-WHOLESALE,5,84.0,420.0
ORD-000150,WCUST-00015,2025-02-02,REGULAR-COLOMBIA-WHOLESALE,5,84.0,420.0
ORD-000151,WCUST-00015,2025-03-02,REGULAR-GUATEMALA-WHOLESALE,5,84.0,420.0
ORD-000152,WCUST-00015,2025-03-27,REGULAR-COLOMBIA-WHOLESALE,4,84.0,336.0
ORD-000153,WCUST-00015,2025-04-22,REGULAR-GUATEMALA-WHOLESALE,3,84.0,252.0
ORD-000154,WCUST-00016,2024-11-02,REGULAR-GUATEMALA-WHOLESALE,2,84.0,168.0
ORD-000155,WCUST-00016,2024-11-29,REGULAR-GUATEMALA-WHOLESALE,2,84.0,168.0
ORD-000156,WCUST-00016,2025-01-04,REGULAR-GUATEMALA-WHOLESALE,2,84.0,168.0
ORD-000157,WCUST-00016,2025-02-04,REGULAR-COLOMBIA-WHOLESALE,5,84.0,420.0
ORD-000158,WCUST-00016,2025-03-07,REGULAR-COLOMBIA-WHOLESALE,5,84.0,420.0
ORD-000159,WCUST-00016,2025-04-09,REGULAR-GUATEMALA-WHOLESALE,3,84.0,252.0
ORD-000160,WCUST-00016,2025-05-04,REGULAR-GUATEMALA-WHOLESALE,2,84.0,168.0
ORD-000161,WCUST-00016,2025-05-29,REGULAR-GUATEMALA-WHOLESALE,2,84.0,168.0
ORD-000162,WCUST-00016,2025-06-19,REGULAR-GUATEMALA-WHOLESALE,5,84.0,420.0
ORD-000163,WCUST-00016,2025-07-13,REGULAR-COLOMBIA-WHOLESALE,2,84.0,168.0
ORD-000164,WCUST-00016,2025-08-12,REGULAR-GUATEMALA-WHOLESALE,4,84.0,336.0
ORD-000165,WCUST-00016,2025-09-09,REGULAR-PERU-WHOLESALE,4,84.0,336.0
ORD-000166,WCUST-00016,2025-10-06,REGULAR-GUATEMALA-WHOLESALE,3,84.0,252.0
ORD-000167,WCUST-00016,2025-11-08,REGULAR-GUATEMALA-WHOLESALE,2,84.0,168.0
ORD-000168,WCUST-00016,2025-12-04,REGULAR-GUATEMALA-WHOLESALE,2,84.0,168.0
ORD-000169,WCUST-00016,2025-12-29,REGULAR-BLEND-WHOLESALE,4,84.0,336.0
ORD-000170,WCUST-00016,2026-01-22,DECAF-PERU-WHOLESALE,2,93.0,186.0
ORD-000171,WCUST-00016,2026-02-11,REGULAR-PERU-WHOLESALE,4,84.0,336.0
ORD-000172,WCUST-00016,2026-03-05,REGULAR-COLOMBIA-WHOLESALE,4,84.0,336.0
ORD-000173,WCUST-00016,2026-04-01,REGULAR-GUATEMALA-WHOLESALE,2,84.0,168.0
ORD-000174,WCUST-00017,2025-03-28,REGULAR-COLOMBIA-WHOLESALE,2,84.0,168.0
ORD-000175,WCUST-00017,2025-04-26,REGULAR-GUATEMALA-WHOLESALE,4,84.0,336.0
ORD-000176,WCUST-00017,2025-05-24,REGULAR-GUATEMALA-WHOLESALE,4,84.0,336.0
ORD-000177,WCUST-00017,2025-06-29,REGULAR-GUATEMALA-WHOLESALE,5,84.0,420.0
ORD-000178,WCUST-00017,2025-07-30,REGULAR-COLOMBIA-WHOLESALE,2,84.0,168.0
ORD-000179,WCUST-00017,2025-09-04,REGULAR-GUATEMALA-WHOLESALE,3,84.0,252.0
ORD-000180,WCUST-00017,2025-09-27,REGULAR-GUATEMALA-WHOLESALE,5,84.0,420.0
ORD-000181,WCUST-00017,2025-10-17,REGULAR-PERU-WHOLESALE,5,84.0,420.0
ORD-000182,WCUST-00017,2025-11-17,REGULAR-GUATEMALA-WHOLESALE,4,84.0,336.0
ORD-000183,WCUST-00017,2025-12-17,REGULAR-GUATEMALA-WHOLESALE,4,84.0,336.0
ORD-000184,WCUST-00017,2026-01-10,DECAF-PERU-WHOLESALE,5,93.0,465.0
ORD-000185,WCUST-00017,2026-02-15,DECAF-COLOMBIA-WHOLESALE,5,93.0,465.0
ORD-000186,WCUST-00017,2026-03-15,DECAF-COLOMBIA-WHOLESALE,3,93.0,279.0
ORD-000187,WCUST-00017,2026-04-16,REGULAR-GUATEMALA-WHOLESALE,3,84.0,252.0
ORD-000188,WCUST-00017,2026-05-13,REGULAR-BLEND-WHOLESALE,3,84.0,252.0
ORD-000188,WCUST-00017,2026-05-13,REGULAR-BLEND-RETAIL,1,14.0,14.0
ORD-000189,WCUST-00017,2026-06-14,REGULAR-BLEND-WHOLESALE,3,84.0,252.0
ORD-000190,WCUST-00017,2026-07-05,REGULAR-COLOMBIA-WHOLESALE,3,84.0,252.0
ORD-000191,WCUST-00017,2026-07-28,DECAF-COLOMBIA-WHOLESALE,3,93.0,279.0
ORD-000191,WCUST-00017,2026-07-28,REGULAR-BLEND-RETAIL,3,14.0,42.0
ORD-000192,WCUST-00017,2026-08-17,REGULAR-BLEND-WHOLESALE,5,84.0,420.0
ORD-000193,WCUST-00017,2026-09-06,REGULAR-COLOMBIA-WHOLESALE,2,84.0,168.0
ORD-000194,WCUST-00018,2025-11-28,REGULAR-BLEND-WHOLESALE,7,84.0,588.0
ORD-000195,WCUST-00018,2026-01-05,REGULAR-PERU-WHOLESALE,4,84.0,336.0
ORD-000196,WCUST-00018,2026-02-13,REGULAR-PERU-WHOLESALE,7,84.0,588.0
ORD-000197,WCUST-00018,2026-03-16,REGULAR-COLOMBIA-WHOLESALE,10,84.0,840.0
ORD-000198,WCUST-00018,2026-04-18,REGULAR-GUATEMALA-WHOLESALE,5,84.0,420.0
ORD-000199,WCUST-00018,2026-05-27,REGULAR-BLEND-WHOLESALE,10,84.0,840.0
ORD-000200,WCUST-00018,2026-07-05,DECAF-COLOMBIA-WHOLESALE,6,93.0,558.0
ORD-000201,WCUST-00018,2026-08-03,REGULAR-BLEND-WHOLESALE,5,84.0,420.0
ORD-000202,WCUST-00019,2025-12-08,DECAF-PERU-WHOLESALE,4,93.0,372.0
ORD-000203,WCUST-00019,2026-01-10,REGULAR-BLEND-WHOLESALE,2,84.0,168.0
ORD-000204,WCUST-00019,2026-02-08,REGULAR-PERU-WHOLESALE,5,84.0,420.0
ORD-000204,WCUST-00019,2026-02-08,REGULAR-PERU-RETAIL,2,14.0,28.0
ORD-000205,WCUST-00019,2026-03-13,DECAF-COLOMBIA-WHOLESALE,3,93.0,279.0
ORD-000206,WCUST-00019,2026-04-18,REGULAR-GUATEMALA-WHOLESALE,3,84.0,252.0
ORD-000207,WCUST-00019,2026-05-12,REGULAR-BLEND-WHOLESALE,5,84.0,420.0
ORD-000208,WCUST-00019,2026-06-01,REGULAR-BLEND-WHOLESALE,2,84.0,168.0
ORD-000209,WCUST-00019,2026-06-28,DECAF-COLOMBIA-WHOLESALE,2,93.0,186.0
ORD-000209,WCUST-00019,2026-06-28,REGULAR-BLEND-RETAIL,1,14.0,14.0
ORD-000210,WCUST-00019,2026-08-03,REGULAR-COLOMBIA-WHOLESALE,3,84.0,252.0
ORD-000211,WCUST-00019,2026-09-02,REGULAR-BLEND-WHOLESALE,4,84.0,336.0
ORD-000211,WCUST-00019,2026-09-02,REGULAR-COLOMBIA-RETAIL,2,14.0,28.0
ORD-000212,WCUST-00020,2025-06-15,REGULAR-GUATEMALA-WHOLESALE,2,84.0,168.0
ORD-000213,WCUST-00020,2025-07-08,REGULAR-COLOMBIA-WHOLESALE,2,84.0,168.0
ORD-000214,WCUST-00020,2025-08-03,REGULAR-PERU-WHOLESALE,5,84.0,420.0
ORD-000215,WCUST-00020,2025-08-25,REGULAR-GUATEMALA-WHOLESALE,5,84.0,420.0
ORD-000216,WCUST-00020,2025-09-15,REGULAR-GUATEMALA-WHOLESALE,2,84.0,168.0
ORD-000217,WCUST-00020,2025-10-08,REGULAR-PERU-WHOLESALE,3,84.0,252.0
ORD-000218,WCUST-00020,2025-11-12,REGULAR-GUATEMALA-WHOLESALE,2,84.0,168.0
ORD-000219,WCUST-00020,2025-12-09,REGULAR-GUATEMALA-WHOLESALE,3,84.0,252.0
ORD-000220,WCUST-00020,2026-01-04,REGULAR-BLEND-WHOLESALE,4,84.0,336.0
ORD-000221,WCUST-00020,2026-02-03,REGULAR-BLEND-WHOLESALE,4,84.0,336.0
ORD-000222,WCUST-00020,2026-02-27,REGULAR-BLEND-WHOLESALE,2,84.0,168.0
ORD-000223,WCUST-00020,2026-03-28,REGULAR-COLOMBIA-WHOLESALE,5,84.0,420.0
ORD-000224,WCUST-00020,2026-04-25,REGULAR-GUATEMALA-WHOLESALE,2,84.0,168.0
ORD-000225,WCUST-00020,2026-05-18,REGULAR-BLEND-WHOLESALE,3,84.0,252.0
ORD-000226,WCUST-00020,2026-06-22,REGULAR-BLEND-WHOLESALE,2,84.0,168.0
ORD-000227,WCUST-00020,2026-07-22,REGULAR-COLOMBIA-WHOLESALE,3,84.0,252.0
ORD-000228,WCUST-00020,2026-08-27,REGULAR-COLOMBIA-WHOLESALE,4,84.0,336.0
ORD-000229,WCUST-00021,2025-08-06,REGULAR-PERU-WHOLESALE,4,84.0,336.0
ORD-000230,WCUST-00021,2025-09-18,DECAF-GUATEMALA-WHOLESALE,7,93.0,651.0
ORD-000231,WCUST-00021,2025-10-26,REGULAR-GUATEMALA-WHOLESALE,8,84.0,672.0
ORD-000232,WCUST-00021,2025-11-28,REGULAR-GUATEMALA-WHOLESALE,4,84.0,336.0
ORD-000233,WCUST-00021,2026-01-07,REGULAR-BLEND-WHOLESALE,9,84.0,756.0
ORD-000234,WCUST-00021,2026-02-18,REGULAR-PERU-WHOLESALE,10,84.0,840.0
ORD-000235,WCUST-00021,2026-03-20,REGULAR-GUATEMALA-WHOLESALE,8,84.0,672.0
ORD-000236,WCUST-00021,2026-04-22,REGULAR-GUATEMALA-WHOLESALE,7,84.0,588.0
ORD-000237,WCUST-00021,2026-06-04,REGULAR-BLEND-WHOLESALE,9,84.0,756.0
ORD-000237,WCUST-00021,2026-06-04,REGULAR-BLEND-RETAIL,1,14.0,14.0
ORD-000238,WCUST-00021,2026-07-04,REGULAR-COLOMBIA-WHOLESALE,9,84.0,756.0
ORD-000239,WCUST-00021,2026-08-03,DECAF-BLEND-WHOLESALE,10,93.0,930.0
ORD-000239,WCUST-00021,2026-08-03,REGULAR-COLOMBIA-RETAIL,3,14.0,42.0
ORD-000240,WCUST-00022,2024-12-03,REGULAR-GUATEMALA-WHOLESALE,6,84.0,504.0
ORD-000241,WCUST-00022,2024-12-26,REGULAR-GUATEMALA-WHOLESALE,7,84.0,588.0
ORD-000242,WCUST-00022,2025-01-22,REGULAR-GUATEMALA-WHOLESALE,3,84.0,252.0
ORD-000243,WCUST-00022,2025-02-07,REGULAR-COLOMBIA-WHOLESALE,8,84.0,672.0
ORD-000244,WCUST-00022,2025-03-04,REGULAR-COLOMBIA-WHOLESALE,4,84.0,336.0
ORD-000245,WCUST-00022,2025-03-28,REGULAR-COLOMBIA-WHOLESALE,5,84.0,420.0
ORD-000246,WCUST-00022,2025-04-24,REGULAR-GUATEMALA-WHOLESALE,8,84.0,672.0
ORD-000247,WCUST-00022,2025-05-21,REGULAR-GUATEMALA-WHOLESALE,7,84.0,588.0
ORD-000248,WCUST-00022,2025-06-06,REGULAR-GUATEMALA-WHOLESALE,7,84.0,588.0
ORD-000248,WCUST-00022,2025-06-06,REGULAR-GUATEMALA-RETAIL,1,14.0,14.0
ORD-000249,WCUST-00022,2025-07-03,REGULAR-COLOMBIA-WHOLESALE,6,84.0,504.0
ORD-000249,WCUST-00022,2025-07-03,DECAF-BLEND-RETAIL,1,15.5,15.5
ORD-000250,WCUST-00022,2025-07-28,REGULAR-COLOMBIA-WHOLESALE,6,84.0,504.0
ORD-000251,WCUST-00022,2025-08-14,REGULAR-GUATEMALA-WHOLESALE,6,84.0,504.0
ORD-000252,WCUST-00022,2025-08-29,DECAF-GUATEMALA-WHOLESALE,4,93.0,372.0
ORD-000253,WCUST-00022,2025-09-14,REGULAR-PERU-WHOLESALE,4,84.0,336.0
ORD-000254,WCUST-00022,2025-10-02,REGULAR-GUATEMALA-WHOLESALE,7,84.0,588.0
ORD-000255,WCUST-00022,2025-10-20,REGULAR-GUATEMALA-WHOLESALE,7,84.0,588.0
ORD-000256,WCUST-00022,2025-11-12,REGULAR-BLEND-WHOLESALE,3,84.0,252.0
ORD-000257,WCUST-00022,2025-11-27,REGULAR-BLEND-WHOLESALE,7,84.0,588.0
ORD-000258,WCUST-00022,2025-12-14,DECAF-PERU-WHOLESALE,7,93.0,651.0
ORD-000259,WCUST-00022,2026-01-09,REGULAR-PERU-WHOLESALE,6,84.0,504.0
ORD-000260,WCUST-00022,2026-02-05,REGULAR-BLEND-WHOLESALE,8,84.0,672.0
ORD-000261,WCUST-00022,2026-02-22,REGULAR-BLEND-WHOLESALE,3,84.0,252.0
ORD-000262,WCUST-00022,2026-03-11,REGULAR-COLOMBIA-WHOLESALE,3,84.0,252.0
ORD-000263,WCUST-00022,2026-03-31,REGULAR-GUATEMALA-WHOLESALE,3,84.0,252.0
ORD-000264,WCUST-00022,2026-04-25,REGULAR-GUATEMALA-WHOLESALE,8,84.0,672.0
ORD-000265,WCUST-00022,2026-05-17,REGULAR-BLEND-WHOLESALE,8,84.0,672.0
ORD-000266,WCUST-00022,2026-06-10,REGULAR-BLEND-WHOLESALE,5,84.0,420.0
ORD-000267,WCUST-00022,2026-06-29,REGULAR-BLEND-WHOLESALE,5,84.0,420.0
ORD-000267,WCUST-00022,2026-06-29,DECAF-COLOMBIA-RETAIL,3,15.5,46.5
ORD-000268,WCUST-00022,2026-07-17,REGULAR-BLEND-WHOLESALE,4,84.0,336.0
ORD-000269,WCUST-00022,2026-08-04,REGULAR-COLOMBIA-WHOLESALE,6,84.0,504.0
ORD-000270,WCUST-00022,2026-08-28,REGULAR-COLOMBIA-WHOLESALE,4,84.0,336.0
ORD-000271,WCUST-00023,2024-10-20,REGULAR-GUATEMALA-WHOLESALE,5,84.0,420.0
ORD-000271,WCUST-00023,2024-10-20,REGULAR-GUATEMALA-RETAIL,1,14.0,14.0
ORD-000272,WCUST-00023,2024-11-04,REGULAR-GUATEMALA-WHOLESALE,3,84.0,252.0
ORD-000272,WCUST-00023,2024-11-04,REGULAR-GUATEMALA-RETAIL,3,14.0,42.0
ORD-000273,WCUST-00023,2024-11-30,DECAF-PERU-WHOLESALE,5,93.0,465.0
ORD-000274,WCUST-00023,2024-12-15,DECAF-PERU-WHOLESALE,3,93.0,279.0
ORD-000275,WCUST-00023,2025-01-08,REGULAR-GUATEMALA-WHOLESALE,7,84.0,588.0
ORD-000276,WCUST-00023,2025-01-27,REGULAR-GUATEMALA-WHOLESALE,6,84.0,504.0
ORD-000277,WCUST-00023,2025-02-16,REGULAR-GUATEMALA-WHOLESALE,6,84.0,504.0
ORD-000278,WCUST-00023,2025-03-13,REGULAR-GUATEMALA-WHOLESALE,5,84.0,420.0
ORD-000279,WCUST-00023,2025-04-02,DECAF-BLEND-WHOLESALE,5,93.0,465.0
ORD-000280,WCUST-00023,2025-04-23,REGULAR-GUATEMALA-WHOLESALE,6,84.0,504.0
ORD-000281,WCUST-00023,2025-05-12,DECAF-BLEND-WHOLESALE,3,93.0,279.0
ORD-000281,WCUST-00023,2025-05-12,REGULAR-GUATEMALA-RETAIL,3,14.0,42.0
ORD-000282,WCUST-00023,2025-06-08,DECAF-BLEND-WHOLESALE,4,93.0,372.0
ORD-000283,WCUST-00023,2025-07-05,REGULAR-COLOMBIA-WHOLESALE,8,84.0,672.0
ORD-000284,WCUST-00023,2025-07-21,DECAF-BLEND-WHOLESALE,5,93.0,465.0
ORD-000285,WCUST-00023,2025-08-17,REGULAR-PERU-WHOLESALE,8,84.0,672.0
ORD-000286,WCUST-00023,2025-09-04,REGULAR-PERU-WHOLESALE,7,84.0,588.0
ORD-000286,WCUST-00023,2025-09-04,REGULAR-GUATEMALA-RETAIL,1,14.0,14.0
ORD-000287,WCUST-00023,2025-09-19,REGULAR-PERU-WHOLESALE,4,84.0,336.0
ORD-000288,WCUST-00023,2025-10-08,REGULAR-GUATEMALA-WHOLESALE,7,84.0,588.0
ORD-000289,WCUST-00023,2025-11-04,REGULAR-BLEND-WHOLESALE,8,84.0,672.0
ORD-000290,WCUST-00023,2025-11-30,REGULAR-GUATEMALA-WHOLESALE,8,84.0,672.0
ORD-000291,WCUST-00023,2025-12-24,REGULAR-BLEND-WHOLESALE,5,84.0,420.0
ORD-000292,WCUST-00023,2026-01-09,REGULAR-PERU-WHOLESALE,3,84.0,252.0
ORD-000292,WCUST-00023,2026-01-09,DECAF-PERU-RETAIL,2,15.5,31.0
ORD-000293,WCUST-00023,2026-01-26,REGULAR-BLEND-WHOLESALE,4,84.0,336.0
ORD-000294,WCUST-00023,2026-02-17,REGULAR-PERU-WHOLESALE,8,84.0,672.0
ORD-000295,WCUST-00023,2026-03-07,REGULAR-COLOMBIA-WHOLESALE,3,84.0,252.0
ORD-000296,WCUST-00023,2026-03-29,REGULAR-COLOMBIA-WHOLESALE,5,84.0,420.0
ORD-000297,WCUST-00023,2026-04-19,REGULAR-GUATEMALA-WHOLESALE,3,84.0,252.0
ORD-000298,WCUST-00023,2026-05-14,REGULAR-BLEND-WHOLESALE,7,84.0,588.0
ORD-000299,WCUST-00023,2026-06-10,REGULAR-BLEND-WHOLESALE,8,84.0,672.0
ORD-000300,WCUST-00023,2026-06-27,REGULAR-BLEND-WHOLESALE,5,84.0,420.0
ORD-000301,WCUST-00023,2026-07-20,REGULAR-COLOMBIA-WHOLESALE,5,84.0,420.0
ORD-000301,WCUST-00023,2026-07-20,REGULAR-BLEND-RETAIL,3,14.0,42.0
ORD-000302,WCUST-00023,2026-08-05,REGULAR-COLOMBIA-WHOLESALE,3,84.0,252.0
ORD-000303,WCUST-00023,2026-08-26,REGULAR-COLOMBIA-WHOLESALE,6,84.0,504.0
ORD-000304,WCUST-00024,2026-01-31,REGULAR-BLEND-WHOLESALE,1,84.0,84.0
ORD-000304,WCUST-00024,2026-01-31,REGULAR-BLEND-RETAIL,3,14.0,42.0
ORD-000305,WCUST-00024,2026-03-31,REGULAR-GUATEMALA-WHOLESALE,3,84.0,252.0
ORD-000306,WCUST-00024,2026-05-24,REGULAR-BLEND-WHOLESALE,2,84.0,168.0
ORD-000306,WCUST-00024,2026-05-24,REGULAR-BLEND-RETAIL,3,14.0,42.0
ORD-000307,WCUST-00024,2026-07-19,REGULAR-COLOMBIA-WHOLESALE,1,84.0,84.0
ORD-000308,WCUST-00025,2025-06-11,REGULAR-GUATEMALA-WHOLESALE,5,84.0,420.0
ORD-000309,WCUST-00025,2025-06-30,REGULAR-GUATEMALA-WHOLESALE,8,84.0,672.0
ORD-000309,WCUST-00025,2025-06-30,REGULAR-GUATEMALA-RETAIL,2,14.0,28.0
ORD-000310,WCUST-00025,2025-07-27,REGULAR-COLOMBIA-WHOLESALE,6,84.0,504.0
ORD-000311,WCUST-00025,2025-08-20,REGULAR-PERU-WHOLESALE,6,84.0,504.0
ORD-000312,WCUST-00025,2025-09-13,REGULAR-PERU-WHOLESALE,4,84.0,336.0
ORD-000312,WCUST-00025,2025-09-13,REGULAR-GUATEMALA-RETAIL,3,14.0,42.0
ORD-000313,WCUST-00025,2025-10-02,REGULAR-GUATEMALA-WHOLESALE,4,84.0,336.0
ORD-000314,WCUST-00025,2025-10-18,DECAF-GUATEMALA-WHOLESALE,6,93.0,558.0
ORD-000314,WCUST-00025,2025-10-18,REGULAR-GUATEMALA-RETAIL,3,14.0,42.0
ORD-000315,WCUST-00025,2025-11-10,REGULAR-BLEND-WHOLESALE,7,84.0,588.0
ORD-000316,WCUST-00025,2025-12-03,REGULAR-BLEND-WHOLESALE,5,84.0,420.0
ORD-000317,WCUST-00026,2025-09-15,REGULAR-GUATEMALA-WHOLESALE,4,84.0,336.0
ORD-000318,WCUST-00026,2025-10-01,REGULAR-PERU-WHOLESALE,4,84.0,336.0
ORD-000319,WCUST-00026,2025-10-22,REGULAR-PERU-WHOLESALE,3,84.0,252.0
ORD-000320,WCUST-00026,2025-11-07,REGULAR-GUATEMALA-WHOLESALE,4,84.0,336.0
ORD-000321,WCUST-00026,2025-11-29,REGULAR-GUATEMALA-WHOLESALE,6,84.0,504.0
ORD-000322,WCUST-00026,2025-12-20,REGULAR-GUATEMALA-WHOLESALE,8,84.0,672.0
ORD-000323,WCUST-00026,2026-01-05,REGULAR-PERU-WHOLESALE,5,84.0,420.0
ORD-000324,WCUST-00026,2026-01-30,REGULAR-PERU-WHOLESALE,7,84.0,588.0
ORD-000325,WCUST-00026,2026-02-21,DECAF-COLOMBIA-WHOLESALE,7,93.0,651.0
ORD-000326,WCUST-00026,2026-03-18,REGULAR-COLOMBIA-WHOLESALE,3,84.0,252.0
ORD-000327,WCUST-00026,2026-04-08,REGULAR-GUATEMALA-WHOLESALE,4,84.0,336.0
ORD-000328,WCUST-00026,2026-05-04,REGULAR-BLEND-WHOLESALE,4,84.0,336.0
ORD-000328,WCUST-00026,2026-05-04,REGULAR-BLEND-RETAIL,1,14.0,14.0
ORD-000329,WCUST-00026,2026-05-27,REGULAR-BLEND-WHOLESALE,5,84.0,420.0
ORD-000330,WCUST-00026,2026-06-20,REGULAR-BLEND-WHOLESALE,3,84.0,252.0
ORD-000331,WCUST-00026,2026-07-14,DECAF-COLOMBIA-WHOLESALE,3,93.0,279.0
ORD-000332,WCUST-00026,2026-08-07,REGULAR-BLEND-WHOLESALE,8,84.0,672.0
ORD-000333,WCUST-00026,2026-08-30,REGULAR-BLEND-WHOLESALE,6,84.0,504.0
ORD-000333,WCUST-00026,2026-08-30,REGULAR-BLEND-RETAIL,2,14.0,28.0
ORD-000334,WCUST-00027,2026-04-22,REGULAR-GUATEMALA-WHOLESALE,6,84.0,504.0
ORD-000335,WCUST-00027,2026-05-16,REGULAR-BLEND-WHOLESALE,6,84.0,504.0
ORD-000335,WCUST-00027,2026-05-16,REGULAR-BLEND-RETAIL,1,14.0,14.0
ORD-000336,WCUST-00027,2026-06-07,REGULAR-BLEND-WHOLESALE,7,84.0,588.0
ORD-000336,WCUST-00027,2026-06-07,REGULAR-BLEND-RETAIL,2,14.0,28.0
ORD-000337,WCUST-00027,2026-06-26,REGULAR-BLEND-WHOLESALE,3,84.0,252.0
ORD-000338,WCUST-00027,2026-07-23,REGULAR-COLOMBIA-WHOLESALE,8,84.0,672.0
ORD-000339,WCUST-00027,2026-08-12,REGULAR-COLOMBIA-WHOLESALE,3,84.0,252.0
ORD-000339,WCUST-00027,2026-08-12,REGULAR-COLOMBIA-RETAIL,3,14.0,42.0
ORD-000340,WCUST-00027,2026-08-27,DECAF-BLEND-WHOLESALE,3,93.0,279.0
ORD-000341,WCUST-00028,2025-06-20,REGULAR-GUATEMALA-WHOLESALE,6,84.0,504.0
ORD-000342,WCUST-00028,2025-07-23,DECAF-BLEND-WHOLESALE,10,93.0,930.0
ORD-000343,WCUST-00028,2025-08-19,REGULAR-GUATEMALA-WHOLESALE,8,84.0,672.0
ORD-000344,WCUST-00028,2025-09-30,REGULAR-GUATEMALA-WHOLESALE,8,84.0,672.0
ORD-000344,WCUST-00028,2025-09-30,REGULAR-GUATEMALA-RETAIL,3,14.0,42.0
ORD-000345,WCUST-00028,2025-11-07,REGULAR-GUATEMALA-WHOLESALE,8,84.0,672.0
ORD-000346,WCUST-00028,2025-12-18,REGULAR-GUATEMALA-WHOLESALE,5,84.0,420.0
ORD-000347,WCUST-00028,2026-01-31,REGULAR-PERU-WHOLESALE,6,84.0,504.0
ORD-000348,WCUST-00028,2026-03-05,REGULAR-GUATEMALA-WHOLESALE,4,84.0,336.0
ORD-000349,WCUST-00028,2026-04-15,REGULAR-GUATEMALA-WHOLESALE,9,84.0,756.0
ORD-000349,WCUST-00028,2026-04-15,REGULAR-GUATEMALA-RETAIL,3,14.0,42.0
ORD-000350,WCUST-00028,2026-05-17,REGULAR-BLEND-WHOLESALE,9,84.0,756.0
ORD-000351,WCUST-00028,2026-06-20,DECAF-COLOMBIA-WHOLESALE,4,93.0,372.0
ORD-000352,WCUST-00028,2026-07-21,REGULAR-BLEND-WHOLESALE,5,84.0,420.0
ORD-000353,WCUST-00028,2026-08-20,REGULAR-COLOMBIA-WHOLESALE,7,84.0,588.0
ORD-000354,WCUST-00029,2025-11-05,REGULAR-BLEND-WHOLESALE,6,84.0,504.0
ORD-000355,WCUST-00029,2025-12-02,REGULAR-GUATEMALA-WHOLESALE,6,84.0,504.0
ORD-000356,WCUST-00029,2026-01-07,REGULAR-PERU-WHOLESALE,5,84.0,420.0
ORD-000356,WCUST-00029,2026-01-07,REGULAR-PERU-RETAIL,1,14.0,14.0
ORD-000357,WCUST-00029,2026-02-18,REGULAR-PERU-WHOLESALE,9,84.0,756.0
ORD-000358,WCUST-00029,2026-03-29,REGULAR-GUATEMALA-WHOLESALE,4,84.0,336.0
ORD-000359,WCUST-00029,2026-04-23,REGULAR-GUATEMALA-WHOLESALE,5,84.0,420.0
ORD-000360,WCUST-00030,2025-10-25,REGULAR-PERU-WHOLESALE,5,84.0,420.0
ORD-000361,WCUST-00030,2025-11-16,REGULAR-GUATEMALA-WHOLESALE,5,84.0,420.0
ORD-000362,WCUST-00030,2025-12-19,DECAF-PERU-WHOLESALE,2,93.0,186.0
ORD-000363,WCUST-00030,2026-01-22,REGULAR-PERU-WHOLESALE,2,84.0,168.0
ORD-000364,WCUST-00030,2026-02-13,REGULAR-PERU-WHOLESALE,5,84.0,420.0
ORD-000364,WCUST-00030,2026-02-13,REGULAR-PERU-RETAIL,3,14.0,42.0
ORD-000365,WCUST-00030,2026-03-08,REGULAR-COLOMBIA-WHOLESALE,3,84.0,252.0
ORD-000366,WCUST-00030,2026-04-10,REGULAR-GUATEMALA-WHOLESALE,4,84.0,336.0
ORD-000367,WCUST-00030,2026-05-07,REGULAR-BLEND-WHOLESALE,5,84.0,420.0
ORD-000368,WCUST-00030,2026-05-29,REGULAR-BLEND-WHOLESALE,4,84.0,336.0
ORD-000369,WCUST-00030,2026-06-30,REGULAR-BLEND-WHOLESALE,2,84.0,168.0
ORD-000370,WCUST-00030,2026-08-03,REGULAR-BLEND-WHOLESALE,2,84.0,168.0
ORD-000371,WCUST-00030,2026-08-27,REGULAR-BLEND-WHOLESALE,5,84.0,420.0
ORD-000372,WCUST-00031,2025-04-30,DECAF-BLEND-WHOLESALE,5,93.0,465.0
ORD-000373,WCUST-00031,2025-05-28,REGULAR-GUATEMALA-WHOLESALE,4,84.0,336.0
ORD-000374,WCUST-00031,2025-06-18,REGULAR-GUATEMALA-WHOLESALE,4,84.0,336.0
ORD-000375,WCUST-00031,2025-07-21,REGULAR-COLOMBIA-WHOLESALE,2,84.0,168.0
ORD-000375,WCUST-00031,2025-07-21,REGULAR-COLOMBIA-RETAIL,1,14.0,14.0
ORD-000376,WCUST-00031,2025-08-20,REGULAR-PERU-WHOLESALE,3,84.0,252.0
ORD-000377,WCUST-00031,2025-09-25,REGULAR-GUATEMALA-WHOLESALE,2,84.0,168.0
ORD-000378,WCUST-00031,2025-10-23,DECAF-GUATEMALA-WHOLESALE,5,93.0,465.0
ORD-000379,WCUST-00031,2025-11-21,REGULAR-GUATEMALA-WHOLESALE,4,84.0,336.0
ORD-000380,WCUST-00031,2025-12-26,REGULAR-BLEND-WHOLESALE,2,84.0,168.0
ORD-000381,WCUST-00031,2026-01-25,REGULAR-PERU-WHOLESALE,5,84.0,420.0
ORD-000381,WCUST-00031,2026-01-25,DECAF-PERU-RETAIL,3,15.5,46.5
ORD-000382,WCUST-00031,2026-02-18,REGULAR-BLEND-WHOLESALE,4,84.0,336.0
ORD-000382,WCUST-00031,2026-02-18,REGULAR-PERU-RETAIL,3,14.0,42.0
ORD-000383,WCUST-00031,2026-03-19,DECAF-COLOMBIA-WHOLESALE,4,93.0,372.0
ORD-000384,WCUST-00031,2026-04-21,REGULAR-GUATEMALA-WHOLESALE,2,84.0,168.0
ORD-000385,WCUST-00031,2026-05-17,REGULAR-BLEND-WHOLESALE,4,84.0,336.0
ORD-000385,WCUST-00031,2026-05-17,REGULAR-BLEND-RETAIL,1,14.0,14.0
ORD-000386,WCUST-00031,2026-06-22,REGULAR-BLEND-WHOLESALE,2,84.0,168.0
ORD-000387,WCUST-00031,2026-07-28,REGULAR-BLEND-WHOLESALE,2,84.0,168.0
ORD-000388,WCUST-00031,2026-08-29,REGULAR-BLEND-WHOLESALE,5,84.0,420.0
ORD-000389,WCUST-00032,2026-08-07,REGULAR-BLEND-WHOLESALE,4,84.0,336.0
ORD-000390,WCUST-00032,2026-09-02,REGULAR-BLEND-WHOLESALE,3,84.0,252.0
ORD-000390,WCUST-00032,2026-09-02,REGULAR-BLEND-RETAIL,2,14.0,28.0
ORD-000391,WCUST-00033,2026-08-16,REGULAR-BLEND-WHOLESALE,5,84.0,420.0
ORD-000392,WCUST-00034,2026-06-09,REGULAR-BLEND-WHOLESALE,3,84.0,252.0
ORD-000393,WCUST-00034,2026-07-13,REGULAR-COLOMBIA-WHOLESALE,2,84.0,168.0
ORD-000394,WCUST-00035,2025-08-19,REGULAR-GUATEMALA-WHOLESALE,8,84.0,672.0
ORD-000395,WCUST-00035,2025-09-08,REGULAR-PERU-WHOLESALE,3,84.0,252.0
ORD-000396,WCUST-00036,2026-04-04,DECAF-COLOMBIA-WHOLESALE,3,93.0,279.0
ORD-000397,WCUST-00036,2026-05-14,REGULAR-BLEND-WHOLESALE,3,84.0,252.0
ORD-000397,WCUST-00036,2026-05-14,REGULAR-BLEND-RETAIL,3,14.0,42.0
ORD-000398,WCUST-00036,2026-07-02,REGULAR-COLOMBIA-WHOLESALE,1,84.0,84.0
ORD-000399,WCUST-00036,2026-09-01,REGULAR-COLOMBIA-WHOLESALE,3,84.0,252.0
ORD-000400,WCUST-00037,2026-04-03,DECAF-COLOMBIA-WHOLESALE,4,93.0,372.0
ORD-000401,WCUST-00037,2026-04-27,REGULAR-GUATEMALA-WHOLESALE,5,84.0,420.0
ORD-000402,WCUST-00037,2026-05-28,REGULAR-BLEND-WHOLESALE,5,84.0,420.0
ORD-000403,WCUST-00037,2026-06-20,REGULAR-BLEND-WHOLESALE,2,84.0,168.0
ORD-000404,WCUST-00037,2026-07-17,REGULAR-BLEND-WHOLESALE,4,84.0,336.0
ORD-000405,WCUST-00037,2026-08-22,DECAF-BLEND-WHOLESALE,2,93.0,186.0
ORD-000406,WCUST-00038,2024-09-17,REGULAR-PERU-WHOLESALE,2,84.0,168.0
ORD-000407,WCUST-00038,2024-10-31,REGULAR-GUATEMALA-WHOLESALE,2,84.0,168.0
ORD-000408,WCUST-00038,2024-12-18,DECAF-PERU-WHOLESALE,1,93.0,93.0
ORD-000409,WCUST-00038,2025-02-09,REGULAR-GUATEMALA-WHOLESALE,3,84.0,252.0
ORD-000410,WCUST-00038,2025-04-03,REGULAR-GUATEMALA-WHOLESALE,1,84.0,84.0
ORD-000411,WCUST-00038,2025-05-15,REGULAR-GUATEMALA-WHOLESALE,3,84.0,252.0
ORD-000412,WCUST-00038,2025-07-04,REGULAR-COLOMBIA-WHOLESALE,1,84.0,84.0
ORD-000413,WCUST-00038,2025-09-03,REGULAR-GUATEMALA-WHOLESALE,2,84.0,168.0
ORD-000414,WCUST-00038,2025-11-11,REGULAR-GUATEMALA-WHOLESALE,1,84.0,84.0
ORD-000414,WCUST-00038,2025-11-11,REGULAR-GUATEMALA-RETAIL,1,14.0,14.0
ORD-000415,WCUST-00038,2025-12-30,REGULAR-GUATEMALA-WHOLESALE,3,84.0,252.0
ORD-000416,WCUST-00038,2026-03-11,REGULAR-COLOMBIA-WHOLESALE,2,84.0,168.0
ORD-000416,WCUST-00038,2026-03-11,DECAF-COLOMBIA-RETAIL,1,15.5,15.5
ORD-000417,WCUST-00038,2026-04-20,DECAF-COLOMBIA-WHOLESALE,2,93.0,186.0
ORD-000418,WCUST-00038,2026-06-06,REGULAR-BLEND-WHOLESALE,2,84.0,168.0
ORD-000419,WCUST-00038,2026-08-06,REGULAR-BLEND-WHOLESALE,2,84.0,168.0
ORD-000420,WCUST-00040,2024-10-26,REGULAR-GUATEMALA-WHOLESALE,7,84.0,588.0
ORD-000421,WCUST-00040,2024-11-11,REGULAR-GUATEMALA-WHOLESALE,4,84.0,336.0
ORD-000422,WCUST-00040,2024-11-29,REGULAR-GUATEMALA-WHOLESALE,4,84.0,336.0
ORD-000423,WCUST-00040,2024-12-22,REGULAR-GUATEMALA-WHOLESALE,8,84.0,672.0
ORD-000424,WCUST-00040,2025-01-14,REGULAR-GUATEMALA-WHOLESALE,4,84.0,336.0
ORD-000425,WCUST-00040,2025-02-04,REGULAR-COLOMBIA-WHOLESALE,3,84.0,252.0
ORD-000426,WCUST-00040,2025-03-03,REGULAR-COLOMBIA-WHOLESALE,8,84.0,672.0
ORD-000427,WCUST-00040,2025-03-24,REGULAR-GUATEMALA-WHOLESALE,8,84.0,672.0
ORD-000428,WCUST-00040,2025-04-17,REGULAR-GUATEMALA-WHOLESALE,7,84.0,588.0
ORD-000429,WCUST-00040,2025-05-02,DECAF-BLEND-WHOLESALE,4,93.0,372.0
ORD-000430,WCUST-00040,2025-05-23,REGULAR-GUATEMALA-WHOLESALE,6,84.0,504.0
ORD-000431,WCUST-00040,2025-06-09,REGULAR-GUATEMALA-WHOLESALE,3,84.0,252.0
ORD-000432,WCUST-00040,2025-06-29,REGULAR-GUATEMALA-WHOLESALE,3,84.0,252.0
ORD-000433,WCUST-00040,2025-07-22,REGULAR-COLOMBIA-WHOLESALE,3,84.0,252.0
ORD-000434,WCUST-00040,2025-08-12,REGULAR-PERU-WHOLESALE,8,84.0,672.0
ORD-000435,WCUST-00040,2025-08-27,REGULAR-GUATEMALA-WHOLESALE,6,84.0,504.0
ORD-000436,WCUST-00040,2025-09-22,REGULAR-GUATEMALA-WHOLESALE,8,84.0,672.0
ORD-000437,WCUST-00040,2025-10-19,REGULAR-GUATEMALA-WHOLESALE,5,84.0,420.0
ORD-000438,WCUST-00040,2025-11-15,REGULAR-BLEND-WHOLESALE,6,84.0,504.0
ORD-000439,WCUST-00040,2025-12-10,DECAF-PERU-WHOLESALE,5,93.0,465.0
ORD-000440,WCUST-00040,2025-12-26,REGULAR-GUATEMALA-WHOLESALE,5,84.0,420.0
ORD-000441,WCUST-00040,2026-01-13,REGULAR-BLEND-WHOLESALE,8,84.0,672.0
ORD-000442,WCUST-00040,2026-02-06,REGULAR-BLEND-WHOLESALE,7,84.0,588.0
ORD-000443,WCUST-00040,2026-02-25,DECAF-COLOMBIA-WHOLESALE,5,93.0,465.0
ORD-000444,WCUST-00040,2026-03-22,DECAF-COLOMBIA-WHOLESALE,5,93.0,465.0
ORD-000445,WCUST-00040,2026-04-13,REGULAR-GUATEMALA-WHOLESALE,7,84.0,588.0
ORD-000446,WCUST-00040,2026-04-28,REGULAR-GUATEMALA-WHOLESALE,7,84.0,588.0
ORD-000447,WCUST-00040,2026-05-25,REGULAR-BLEND-WHOLESALE,4,84.0,336.0
ORD-000448,WCUST-00040,2026-06-15,REGULAR-BLEND-WHOLESALE,4,84.0,336.0
ORD-000449,WCUST-00040,2026-07-06,REGULAR-COLOMBIA-WHOLESALE,3,84.0,252.0
ORD-000450,WCUST-00040,2026-07-21,DECAF-COLOMBIA-WHOLESALE,3,93.0,279.0
ORD-000451,WCUST-00040,2026-08-12,REGULAR-COLOMBIA-WHOLESALE,7,84.0,588.0
ORD-000452,WCUST-00040,2026-09-01,REGULAR-BLEND-WHOLESALE,8,84.0,672.0
ORD-000453,WCUST-00041,2023-12-18,DECAF-PERU-WHOLESALE,4,93.0,372.0
ORD-000454,WCUST-00041,2024-01-12,REGULAR-GUATEMALA-WHOLESALE,10,84.0,840.0
ORD-000455,WCUST-00041,2024-02-22,REGULAR-COLOMBIA-WHOLESALE,6,84.0,504.0
ORD-000455,WCUST-00041,2024-02-22,REGULAR-COLOMBIA-RETAIL,1,14.0,14.0
ORD-000456,WCUST-00041,2024-03-26,REGULAR-COLOMBIA-WHOLESALE,8,84.0,672.0
ORD-000457,WCUST-00041,2024-05-09,REGULAR-BLEND-WHOLESALE,10,84.0,840.0
ORD-000458,WCUST-00041,2024-06-20,REGULAR-BLEND-WHOLESALE,5,84.0,420.0
ORD-000459,WCUST-00041,2024-07-29,REGULAR-BLEND-WHOLESALE,10,84.0,840.0
ORD-000460,WCUST-00041,2024-08-30,REGULAR-PERU-WHOLESALE,7,84.0,588.0
ORD-000461,WCUST-00041,2024-10-10,REGULAR-GUATEMALA-WHOLESALE,10,84.0,840.0
ORD-000462,WCUST-00041,2024-11-20,REGULAR-GUATEMALA-WHOLESALE,9,84.0,756.0
ORD-000462,WCUST-00041,2024-11-20,REGULAR-GUATEMALA-RETAIL,3,14.0,42.0
ORD-000463,WCUST-00041,2024-12-30,REGULAR-GUATEMALA-WHOLESALE,4,84.0,336.0
ORD-000463,WCUST-00041,2024-12-30,REGULAR-GUATEMALA-RETAIL,2,14.0,28.0
ORD-000464,WCUST-00041,2025-01-29,DECAF-PERU-WHOLESALE,10,93.0,930.0
ORD-000465,WCUST-00041,2025-03-04,REGULAR-COLOMBIA-WHOLESALE,8,84.0,672.0
ORD-000466,WCUST-00041,2025-04-04,DECAF-BLEND-WHOLESALE,6,93.0,558.0
ORD-000467,WCUST-00041,2025-05-12,REGULAR-GUATEMALA-WHOLESALE,6,84.0,504.0
ORD-000467,WCUST-00041,2025-05-12,DECAF-BLEND-RETAIL,3,15.5,46.5
ORD-000468,WCUST-00041,2025-06-21,REGULAR-GUATEMALA-WHOLESALE,7,84.0,588.0
ORD-000469,WCUST-00041,2025-08-04,REGULAR-PERU-WHOLESALE,10,84.0,840.0
ORD-000470,WCUST-00041,2025-09-05,REGULAR-PERU-WHOLESALE,9,84.0,756.0
ORD-000471,WCUST-00041,2025-10-01,REGULAR-PERU-WHOLESALE,8,84.0,672.0
ORD-000472,WCUST-00041,2025-11-05,REGULAR-BLEND-WHOLESALE,5,84.0,420.0
ORD-000473,WCUST-00041,2025-12-10,REGULAR-BLEND-WHOLESALE,10,84.0,840.0
ORD-000474,WCUST-00041,2026-01-24,REGULAR-PERU-WHOLESALE,5,84.0,420.0
ORD-000475,WCUST-00041,2026-03-02,REGULAR-COLOMBIA-WHOLESALE,5,84.0,420.0
ORD-000476,WCUST-00041,2026-04-06,REGULAR-GUATEMALA-WHOLESALE,4,84.0,336.0
ORD-000477,WCUST-00041,2026-05-14,REGULAR-BLEND-WHOLESALE,9,84.0,756.0
ORD-000477,WCUST-00041,2026-05-14,REGULAR-BLEND-RETAIL,1,14.0,14.0
ORD-000478,WCUST-00041,2026-06-19,REGULAR-BLEND-WHOLESALE,6,84.0,504.0
ORD-000479,WCUST-00041,2026-08-03,REGULAR-BLEND-WHOLESALE,7,84.0,588.0
ORD-000480,WCUST-00042,2024-02-28,REGULAR-COLOMBIA-WHOLESALE,8,84.0,672.0
ORD-000481,WCUST-00042,2024-03-15,REGULAR-COLOMBIA-WHOLESALE,7,84.0,588.0
ORD-000482,WCUST-00042,2024-04-07,REGULAR-GUATEMALA-WHOLESALE,7,84.0,588.0
ORD-000483,WCUST-00042,2024-04-29,REGULAR-GUATEMALA-WHOLESALE,3,84.0,252.0
ORD-000483,WCUST-00042,2024-04-29,DECAF-GUATEMALA-RETAIL,3,15.5,46.5
ORD-000484,WCUST-00042,2024-05-20,REGULAR-BLEND-WHOLESALE,3,84.0,252.0
ORD-000485,WCUST-00042,2024-06-16,DECAF-GUATEMALA-WHOLESALE,5,93.0,465.0
ORD-000486,WCUST-00042,2024-07-05,REGULAR-BLEND-WHOLESALE,8,84.0,672.0
ORD-000487,WCUST-00042,2024-07-20,DECAF-BLEND-WHOLESALE,8,93.0,744.0
ORD-000488,WCUST-00042,2024-08-10,REGULAR-PERU-WHOLESALE,7,84.0,588.0
ORD-000489,WCUST-00042,2024-09-06,REGULAR-PERU-WHOLESALE,7,84.0,588.0
ORD-000490,WCUST-00042,2024-09-28,REGULAR-BLEND-WHOLESALE,5,84.0,420.0
ORD-000491,WCUST-00042,2024-10-24,REGULAR-GUATEMALA-WHOLESALE,4,84.0,336.0
ORD-000492,WCUST-00042,2024-11-11,REGULAR-GUATEMALA-WHOLESALE,7,84.0,588.0
ORD-000493,WCUST-00042,2024-12-07,REGULAR-GUATEMALA-WHOLESALE,3,84.0,252.0
ORD-000494,WCUST-00042,2024-12-28,REGULAR-GUATEMALA-WHOLESALE,3,84.0,252.0
ORD-000495,WCUST-00042,2025-01-22,DECAF-PERU-WHOLESALE,3,93.0,279.0
ORD-000496,WCUST-00042,2025-02-14,REGULAR-GUATEMALA-WHOLESALE,8,84.0,672.0
ORD-000497,WCUST-00042,2025-03-01,REGULAR-GUATEMALA-WHOLESALE,4,84.0,336.0
ORD-000497,WCUST-00042,2025-03-01,REGULAR-GUATEMALA-RETAIL,2,14.0,28.0
ORD-000498,WCUST-00042,2025-03-21,REGULAR-GUATEMALA-WHOLESALE,6,84.0,504.0
ORD-000499,WCUST-00042,2025-04-09,REGULAR-GUATEMALA-WHOLESALE,6,84.0,504.0
ORD-000500,WCUST-00042,2025-04-26,REGULAR-GUATEMALA-WHOLESALE,8,84.0,672.0
ORD-000501,WCUST-00042,2025-05-11,REGULAR-GUATEMALA-WHOLESALE,6,84.0,504.0
ORD-000502,WCUST-00042,2025-05-27,REGULAR-GUATEMALA-WHOLESALE,4,84.0,336.0
ORD-000503,WCUST-00042,2025-06-23,REGULAR-GUATEMALA-WHOLESALE,7,84.0,588.0
ORD-000504,WCUST-00042,2025-07-19,REGULAR-COLOMBIA-WHOLESALE,7,84.0,588.0
ORD-000505,WCUST-00042,2025-08-14,REGULAR-PERU-WHOLESALE,3,84.0,252.0
ORD-000506,WCUST-00042,2025-08-29,REGULAR-GUATEMALA-WHOLESALE,4,84.0,336.0
ORD-000507,WCUST-00042,2025-09-15,REGULAR-PERU-WHOLESALE,5,84.0,420.0
ORD-000508,WCUST-00042,2025-10-04,REGULAR-GUATEMALA-WHOLESALE,3,84.0,252.0
ORD-000509,WCUST-00042,2025-10-26,REGULAR-GUATEMALA-WHOLESALE,5,84.0,420.0
ORD-000510,WCUST-00042,2025-11-20,DECAF-PERU-WHOLESALE,4,93.0,372.0
ORD-000511,WCUST-00042,2025-12-06,REGULAR-GUATEMALA-WHOLESALE,3,84.0,252.0
ORD-000512,WCUST-00042,2025-12-23,REGULAR-BLEND-WHOLESALE,7,84.0,588.0
ORD-000513,WCUST-00042,2026-01-10,DECAF-PERU-WHOLESALE,6,93.0,558.0
ORD-000513,WCUST-00042,2026-01-10,REGULAR-BLEND-RETAIL,1,14.0,14.0
ORD-000514,WCUST-00042,2026-02-04,REGULAR-PERU-WHOLESALE,5,84.0,420.0
ORD-000515,WCUST-00042,2026-03-01,REGULAR-COLOMBIA-WHOLESALE,3,84.0,252.0
ORD-000516,WCUST-00042,2026-03-28,REGULAR-GUATEMALA-WHOLESALE,3,84.0,252.0
ORD-000517,WCUST-00042,2026-04-21,REGULAR-GUATEMALA-WHOLESALE,7,84.0,588.0
ORD-000518,WCUST-00042,2026-05-16,REGULAR-BLEND-WHOLESALE,7,84.0,588.0
ORD-000519,WCUST-00042,2026-06-03,REGULAR-BLEND-WHOLESALE,3,84.0,252.0
ORD-000519,WCUST-00042,2026-06-03,REGULAR-BLEND-RETAIL,3,14.0,42.0
ORD-000520,WCUST-00042,2026-06-20,REGULAR-BLEND-WHOLESALE,4,84.0,336.0
ORD-000521,WCUST-00042,2026-07-07,REGULAR-COLOMBIA-WHOLESALE,5,84.0,420.0
ORD-000522,WCUST-00042,2026-07-26,REGULAR-COLOMBIA-WHOLESALE,8,84.0,672.0
ORD-000523,WCUST-00042,2026-08-10,REGULAR-BLEND-WHOLESALE,6,84.0,504.0
ORD-000524,WCUST-00042,2026-09-06,REGULAR-COLOMBIA-WHOLESALE,3,84.0,252.0
ORD-000525,WCUST-00044,2026-04-03,REGULAR-GUATEMALA-WHOLESALE,1,84.0,84.0
ORD-000526,WCUST-00044,2026-05-26,REGULAR-BLEND-WHOLESALE,3,84.0,252.0
ORD-000526,WCUST-00044,2026-05-26,DECAF-PERU-RETAIL,1,15.5,15.5
ORD-000527,WCUST-00044,2026-07-15,REGULAR-COLOMBIA-WHOLESALE,2,84.0,168.0
ORD-000528,WCUST-00044,2026-09-06,REGULAR-COLOMBIA-WHOLESALE,2,84.0,168.0
ORD-000529,WCUST-00045,2025-05-23,REGULAR-GUATEMALA-WHOLESALE,7,84.0,588.0
ORD-000530,WCUST-00045,2025-07-06,REGULAR-COLOMBIA-WHOLESALE,5,84.0,420.0
ORD-000530,WCUST-00045,2025-07-06,REGULAR-COLOMBIA-RETAIL,2,14.0,28.0
ORD-000531,WCUST-00045,2025-08-07,REGULAR-GUATEMALA-WHOLESALE,9,84.0,756.0
ORD-000531,WCUST-00045,2025-08-07,REGULAR-GUATEMALA-RETAIL,3,14.0,42.0
ORD-000532,WCUST-00045,2025-09-08,REGULAR-PERU-WHOLESALE,7,84.0,588.0
ORD-000533,WCUST-00045,2025-10-15,DECAF-GUATEMALA-WHOLESALE,5,93.0,465.0
ORD-000533,WCUST-00045,2025-10-15,REGULAR-GUATEMALA-RETAIL,1,14.0,14.0
ORD-000534,WCUST-00045,2025-11-26,REGULAR-BLEND-WHOLESALE,6,84.0,504.0
ORD-000535,WCUST-00045,2025-12-29,REGULAR-GUATEMALA-WHOLESALE,10,84.0,840.0
ORD-000536,WCUST-00045,2026-01-31,DECAF-PERU-WHOLESALE,10,93.0,930.0
ORD-000536,WCUST-00045,2026-01-31,REGULAR-BLEND-RETAIL,2,14.0,28.0
ORD-000537,WCUST-00045,2026-03-01,REGULAR-GUATEMALA-WHOLESALE,6,84.0,504.0
ORD-000538,WCUST-00045,2026-04-10,DECAF-COLOMBIA-WHOLESALE,5,93.0,465.0
ORD-000539,WCUST-00045,2026-05-05,REGULAR-BLEND-WHOLESALE,10,84.0,840.0
ORD-000539,WCUST-00045,2026-05-05,DECAF-PERU-RETAIL,1,15.5,15.5
ORD-000540,WCUST-00045,2026-06-03,REGULAR-BLEND-WHOLESALE,7,84.0,588.0
ORD-000541,WCUST-00045,2026-07-17,REGULAR-COLOMBIA-WHOLESALE,7,84.0,588.0
ORD-000542,WCUST-00045,2026-08-25,REGULAR-COLOMBIA-WHOLESALE,6,84.0,504.0
ORD-000543,WCUST-00046,2025-09-10,REGULAR-GUATEMALA-WHOLESALE,6,84.0,504.0
ORD-000544,WCUST-00046,2025-10-03,REGULAR-PERU-WHOLESALE,8,84.0,672.0
ORD-000545,WCUST-00046,2025-10-28,REGULAR-GUATEMALA-WHOLESALE,7,84.0,588.0
ORD-000546,WCUST-00046,2025-11-16,REGULAR-GUATEMALA-WHOLESALE,8,84.0,672.0
ORD-000547,WCUST-00046,2025-12-07,REGULAR-BLEND-WHOLESALE,5,84.0,420.0
ORD-000548,WCUST-00046,2025-12-29,REGULAR-GUATEMALA-WHOLESALE,7,84.0,588.0
ORD-000549,WCUST-00046,2026-01-23,REGULAR-BLEND-WHOLESALE,8,84.0,672.0
ORD-000550,WCUST-00046,2026-02-11,REGULAR-BLEND-WHOLESALE,5,84.0,420.0
ORD-000551,WCUST-00046,2026-03-09,REGULAR-GUATEMALA-WHOLESALE,5,84.0,420.0
ORD-000552,WCUST-00046,2026-04-02,DECAF-COLOMBIA-WHOLESALE,6,93.0,558.0
ORD-000553,WCUST-00046,2026-04-21,REGULAR-GUATEMALA-WHOLESALE,6,84.0,504.0
ORD-000554,WCUST-00046,2026-05-13,REGULAR-BLEND-WHOLESALE,6,84.0,504.0
ORD-000555,WCUST-00046,2026-06-07,REGULAR-BLEND-WHOLESALE,4,84.0,336.0
ORD-000556,WCUST-00046,2026-06-25,REGULAR-BLEND-WHOLESALE,4,84.0,336.0
ORD-000557,WCUST-00046,2026-07-12,DECAF-COLOMBIA-WHOLESALE,8,93.0,744.0
ORD-000558,WCUST-00046,2026-07-31,REGULAR-BLEND-WHOLESALE,8,84.0,672.0
ORD-000558,WCUST-00046,2026-07-31,REGULAR-BLEND-RETAIL,1,14.0,14.0
ORD-000559,WCUST-00046,2026-08-24,REGULAR-COLOMBIA-WHOLESALE,6,84.0,504.0
ORD-000560,WCUST-00047,2025-03-16,REGULAR-COLOMBIA-WHOLESALE,3,84.0,252.0
ORD-000561,WCUST-00047,2025-04-19,REGULAR-GUATEMALA-WHOLESALE,4,84.0,336.0
ORD-000562,WCUST-00047,2025-05-15,DECAF-BLEND-WHOLESALE,4,93.0,372.0
ORD-000563,WCUST-00047,2025-06-12,REGULAR-GUATEMALA-WHOLESALE,5,84.0,420.0
ORD-000564,WCUST-00047,2025-07-05,REGULAR-COLOMBIA-WHOLESALE,4,84.0,336.0
ORD-000565,WCUST-00047,2025-08-01,REGULAR-GUATEMALA-WHOLESALE,3,84.0,252.0
ORD-000566,WCUST-00047,2025-08-28,REGULAR-PERU-WHOLESALE,4,84.0,336.0
ORD-000567,WCUST-00047,2025-09-22,REGULAR-PERU-WHOLESALE,5,84.0,420.0
ORD-000568,WCUST-00047,2025-10-25,REGULAR-GUATEMALA-WHOLESALE,5,84.0,420.0
ORD-000569,WCUST-00047,2025-11-20,REGULAR-GUATEMALA-WHOLESALE,3,84.0,252.0
ORD-000570,WCUST-00047,2025-12-24,REGULAR-GUATEMALA-WHOLESALE,5,84.0,420.0
ORD-000571,WCUST-00047,2026-01-23,REGULAR-PERU-WHOLESALE,3,84.0,252.0
ORD-000571,WCUST-00047,2026-01-23,REGULAR-PERU-RETAIL,3,14.0,42.0
ORD-000572,WCUST-00047,2026-02-17,REGULAR-PERU-WHOLESALE,5,84.0,420.0
ORD-000573,WCUST-00047,2026-03-15,DECAF-COLOMBIA-WHOLESALE,5,93.0,465.0
ORD-000574,WCUST-00047,2026-04-06,REGULAR-GUATEMALA-WHOLESALE,2,84.0,168.0
ORD-000575,WCUST-00047,2026-05-10,REGULAR-BLEND-WHOLESALE,2,84.0,168.0
ORD-000576,WCUST-00047,2026-05-30,REGULAR-BLEND-WHOLESALE,5,84.0,420.0
ORD-000577,WCUST-00047,2026-06-25,REGULAR-BLEND-WHOLESALE,3,84.0,252.0
ORD-000578,WCUST-00047,2026-07-19,REGULAR-BLEND-WHOLESALE,2,84.0,168.0
ORD-000579,WCUST-00047,2026-08-23,REGULAR-COLOMBIA-WHOLESALE,5,84.0,420.0
ORD-000580,WCUST-00048,2025-03-17,REGULAR-COLOMBIA-WHOLESALE,2,84.0,168.0
ORD-000581,WCUST-00048,2025-04-22,REGULAR-GUATEMALA-WHOLESALE,3,84.0,252.0
ORD-000582,WCUST-00048,2025-05-13,REGULAR-GUATEMALA-WHOLESALE,5,84.0,420.0
ORD-000583,WCUST-00048,2025-06-10,REGULAR-GUATEMALA-WHOLESALE,3,84.0,252.0
ORD-000584,WCUST-00048,2025-07-01,REGULAR-COLOMBIA-WHOLESALE,2,84.0,168.0
ORD-000585,WCUST-00048,2025-08-04,DECAF-GUATEMALA-WHOLESALE,4,93.0,372.0
ORD-000586,WCUST-00048,2025-09-04,REGULAR-GUATEMALA-WHOLESALE,4,84.0,336.0
ORD-000587,WCUST-00048,2025-10-01,REGULAR-PERU-WHOLESALE,3,84.0,252.0
ORD-000588,WCUST-00048,2025-10-24,REGULAR-PERU-WHOLESALE,2,84.0,168.0
ORD-000589,WCUST-00048,2025-11-20,REGULAR-GUATEMALA-WHOLESALE,5,84.0,420.0
ORD-000590,WCUST-00048,2025-12-24,DECAF-PERU-WHOLESALE,4,93.0,372.0
ORD-000591,WCUST-00048,2026-01-19,REGULAR-BLEND-WHOLESALE,5,84.0,420.0
ORD-000592,WCUST-00048,2026-02-24,REGULAR-BLEND-WHOLESALE,3,84.0,252.0
ORD-000593,WCUST-00048,2026-03-29,REGULAR-COLOMBIA-WHOLESALE,2,84.0,168.0
ORD-000594,WCUST-00048,2026-04-20,REGULAR-GUATEMALA-WHOLESALE,3,84.0,252.0
ORD-000595,WCUST-00048,2026-05-22,REGULAR-BLEND-WHOLESALE,3,84.0,252.0
ORD-000596,WCUST-00048,2026-06-22,REGULAR-BLEND-WHOLESALE,3,84.0,252.0
ORD-000597,WCUST-00048,2026-07-13,REGULAR-BLEND-WHOLESALE,2,84.0,168.0
ORD-000597,WCUST-00048,2026-07-13,REGULAR-COLOMBIA-RETAIL,2,14.0,28.0
ORD-000598,WCUST-00048,2026-08-06,DECAF-BLEND-WHOLESALE,5,93.0,465.0
ORD-000598,WCUST-00048,2026-08-06,REGULAR-COLOMBIA-RETAIL,1,14.0,14.0
ORD-000599,WCUST-00048,2026-08-29,REGULAR-COLOMBIA-WHOLESALE,3,84.0,252.0
ORD-000600,WCUST-00049,2024-06-20,REGULAR-BLEND-WHOLESALE,2,84.0,168.0
ORD-000601,WCUST-00049,2024-07-17,REGULAR-BLEND-WHOLESALE,5,84.0,420.0
ORD-000602,WCUST-00049,2024-08-12,REGULAR-PERU-WHOLESALE,3,84.0,252.0
ORD-000603,WCUST-00049,2024-09-02,REGULAR-BLEND-WHOLESALE,5,84.0,420.0
ORD-000604,WCUST-00049,2024-09-24,REGULAR-BLEND-WHOLESALE,4,84.0,336.0
ORD-000605,WCUST-00049,2024-10-14,REGULAR-GUATEMALA-WHOLESALE,4,84.0,336.0
ORD-000606,WCUST-00049,2024-11-05,REGULAR-GUATEMALA-WHOLESALE,4,84.0,336.0
ORD-000607,WCUST-00049,2024-12-03,REGULAR-GUATEMALA-WHOLESALE,5,84.0,420.0
ORD-000608,WCUST-00049,2025-01-07,REGULAR-GUATEMALA-WHOLESALE,3,84.0,252.0
ORD-000609,WCUST-00049,2025-02-02,REGULAR-COLOMBIA-WHOLESALE,2,84.0,168.0
ORD-000610,WCUST-00049,2025-02-28,DECAF-BLEND-WHOLESALE,3,93.0,279.0
ORD-000610,WCUST-00049,2025-02-28,DECAF-BLEND-RETAIL,1,15.5,15.5
ORD-000611,WCUST-00049,2025-03-20,REGULAR-COLOMBIA-WHOLESALE,5,84.0,420.0
ORD-000611,WCUST-00049,2025-03-20,REGULAR-COLOMBIA-RETAIL,1,14.0,14.0
ORD-000612,WCUST-00049,2025-04-21,REGULAR-GUATEMALA-WHOLESALE,5,84.0,420.0
ORD-000613,WCUST-00049,2025-05-27,DECAF-BLEND-WHOLESALE,3,93.0,279.0
ORD-000614,WCUST-00049,2025-06-20,REGULAR-GUATEMALA-WHOLESALE,4,84.0,336.0
ORD-000615,WCUST-00049,2025-07-15,REGULAR-COLOMBIA-WHOLESALE,4,84.0,336.0
ORD-000616,WCUST-00049,2025-08-11,REGULAR-GUATEMALA-WHOLESALE,3,84.0,252.0
ORD-000617,WCUST-00049,2025-09-06,REGULAR-GUATEMALA-WHOLESALE,5,84.0,420.0
ORD-000618,WCUST-00049,2025-09-30,REGULAR-PERU-WHOLESALE,4,84.0,336.0
ORD-000619,WCUST-00049,2025-10-26,DECAF-GUATEMALA-WHOLESALE,3,93.0,279.0
ORD-000620,WCUST-00049,2025-11-21,REGULAR-BLEND-WHOLESALE,5,84.0,420.0
ORD-000621,WCUST-00049,2025-12-23,REGULAR-BLEND-WHOLESALE,4,84.0,336.0
ORD-000622,WCUST-00049,2026-01-25,REGULAR-PERU-WHOLESALE,3,84.0,252.0
ORD-000623,WCUST-00049,2026-03-01,REGULAR-GUATEMALA-WHOLESALE,2,84.0,168.0
ORD-000624,WCUST-00049,2026-04-02,REGULAR-GUATEMALA-WHOLESALE,2,84.0,168.0
ORD-000625,WCUST-00049,2026-04-23,DECAF-COLOMBIA-WHOLESALE,5,93.0,465.0
ORD-000626,WCUST-00049,2026-05-15,REGULAR-BLEND-WHOLESALE,3,84.0,252.0
ORD-000627,WCUST-00049,2026-06-06,REGULAR-BLEND-WHOLESALE,5,84.0,420.0
ORD-000628,WCUST-00049,2026-06-26,REGULAR-BLEND-WHOLESALE,5,84.0,420.0
ORD-000629,WCUST-00049,2026-07-27,REGULAR-BLEND-WHOLESALE,5,84.0,420.0
ORD-000629,WCUST-00049,2026-07-27,REGULAR-BLEND-RETAIL,3,14.0,42.0
ORD-000630,WCUST-00049,2026-08-27,REGULAR-BLEND-WHOLESALE,4,84.0,336.0
ORD-000630,WCUST-00049,2026-08-27,REGULAR-BLEND-RETAIL,3,14.0,42.0
ORD-000631,WCUST-00050,2024-11-10,REGULAR-GUATEMALA-WHOLESALE,4,84.0,336.0
ORD-000632,WCUST-00050,2024-11-30,REGULAR-GUATEMALA-WHOLESALE,5,84.0,420.0
ORD-000633,WCUST-00050,2024-12-25,DECAF-PERU-WHOLESALE,3,93.0,279.0
ORD-000633,WCUST-00050,2024-12-25,REGULAR-GUATEMALA-RETAIL,2,14.0,28.0
ORD-000634,WCUST-00050,2025-01-18,REGULAR-GUATEMALA-WHOLESALE,5,84.0,420.0
ORD-000635,WCUST-00050,2025-02-19,DECAF-BLEND-WHOLESALE,5,93.0,465.0
ORD-000635,WCUST-00050,2025-02-19,REGULAR-COLOMBIA-RETAIL,1,14.0,14.0
ORD-000636,WCUST-00050,2025-03-14,REGULAR-COLOMBIA-WHOLESALE,3,84.0,252.0
ORD-000636,WCUST-00050,2025-03-14,REGULAR-GUATEMALA-RETAIL,2,14.0,28.0
ORD-000637,WCUST-00050,2025-04-17,REGULAR-GUATEMALA-WHOLESALE,3,84.0,252.0
ORD-000638,WCUST-00050,2025-05-12,REGULAR-GUATEMALA-WHOLESALE,5,84.0,420.0
ORD-000638,WCUST-00050,2025-05-12,REGULAR-GUATEMALA-RETAIL,1,14.0,14.0
ORD-000639,WCUST-00050,2025-06-09,REGULAR-GUATEMALA-WHOLESALE,3,84.0,252.0
ORD-000640,WCUST-00050,2025-07-11,REGULAR-COLOMBIA-WHOLESALE,5,84.0,420.0
ORD-000640,WCUST-00050,2025-07-11,REGULAR-COLOMBIA-RETAIL,2,14.0,28.0
ORD-000641,WCUST-00050,2025-08-07,REGULAR-PERU-WHOLESALE,2,84.0,168.0
ORD-000642,WCUST-00050,2025-09-09,REGULAR-GUATEMALA-WHOLESALE,2,84.0,168.0
ORD-000643,WCUST-00050,2025-10-11,REGULAR-PERU-WHOLESALE,2,84.0,168.0
ORD-000644,WCUST-00050,2025-11-16,REGULAR-BLEND-WHOLESALE,5,84.0,420.0
ORD-000645,WCUST-00050,2025-12-22,REGULAR-GUATEMALA-WHOLESALE,5,84.0,420.0
ORD-000646,WCUST-00050,2026-01-26,REGULAR-PERU-WHOLESALE,5,84.0,420.0
ORD-000647,WCUST-00050,2026-02-19,REGULAR-PERU-WHOLESALE,2,84.0,168.0
ORD-000648,WCUST-00050,2026-03-25,DECAF-COLOMBIA-WHOLESALE,5,93.0,465.0
ORD-000649,WCUST-00050,2026-04-24,REGULAR-GUATEMALA-WHOLESALE,5,84.0,420.0
ORD-000650,WCUST-00050,2026-05-24,REGULAR-BLEND-WHOLESALE,5,84.0,420.0
ORD-000651,WCUST-00050,2026-06-15,REGULAR-BLEND-WHOLESALE,4,84.0,336.0
ORD-000652,WCUST-00050,2026-07-10,DECAF-COLOMBIA-WHOLESALE,4,93.0,372.0
ORD-000652,WCUST-00050,2026-07-10,REGULAR-COLOMBIA-RETAIL,2,14.0,28.0
ORD-000653,WCUST-00050,2026-07-30,REGULAR-COLOMBIA-WHOLESALE,5,84.0,420.0
ORD-000653,WCUST-00050,2026-07-30,REGULAR-COLOMBIA-RETAIL,3,14.0,42.0
ORD-000654,WCUST-00050,2026-09-02,REGULAR-BLEND-WHOLESALE,5,84.0,420.0
ORD-000654,WCUST-00050,2026-09-02,REGULAR-COLOMBIA-RETAIL,1,14.0,14.0
ORD-000655,WCUST-00053,2025-10-10,REGULAR-GUATEMALA-WHOLESALE,8,84.0,672.0
ORD-000656,WCUST-00053,2025-11-06,REGULAR-GUATEMALA-WHOLESALE,7,84.0,588.0
ORD-000657,WCUST-00053,2025-11-28,REGULAR-GUATEMALA-WHOLESALE,5,84.0,420.0
ORD-000658,WCUST-00053,2025-12-22,REGULAR-BLEND-WHOLESALE,8,84.0,672.0
ORD-000659,WCUST-00053,2026-01-15,REGULAR-BLEND-WHOLESALE,6,84.0,504.0
ORD-000660,WCUST-00053,2026-02-06,REGULAR-PERU-WHOLESALE,4,84.0,336.0
ORD-000661,WCUST-00053,2026-03-01,REGULAR-GUATEMALA-WHOLESALE,5,84.0,420.0
ORD-000662,WCUST-00053,2026-03-22,REGULAR-GUATEMALA-WHOLESALE,4,84.0,336.0
ORD-000663,WCUST-00053,2026-04-16,REGULAR-GUATEMALA-WHOLESALE,7,84.0,588.0
ORD-000664,WCUST-00053,2026-05-02,REGULAR-BLEND-WHOLESALE,5,84.0,420.0
ORD-000665,WCUST-00053,2026-05-20,DECAF-PERU-WHOLESALE,3,93.0,279.0
ORD-000666,WCUST-00053,2026-06-10,DECAF-COLOMBIA-WHOLESALE,8,93.0,744.0
ORD-000667,WCUST-00053,2026-06-28,REGULAR-BLEND-WHOLESALE,4,84.0,336.0
ORD-000668,WCUST-00053,2026-07-25,DECAF-COLOMBIA-WHOLESALE,3,93.0,279.0
ORD-000669,WCUST-00053,2026-08-11,REGULAR-COLOMBIA-WHOLESALE,3,84.0,252.0
ORD-000670,WCUST-00053,2026-08-31,REGULAR-BLEND-WHOLESALE,7,84.0,588.0
ORD-000671,WCUST-00055,2025-01-16,DECAF-PERU-WHOLESALE,2,93.0,186.0
ORD-000672,WCUST-00055,2025-02-17,REGULAR-GUATEMALA-WHOLESALE,4,84.0,336.0
ORD-000673,WCUST-00055,2025-03-11,REGULAR-COLOMBIA-WHOLESALE,4,84.0,336.0
ORD-000674,WCUST-00055,2025-04-06,REGULAR-GUATEMALA-WHOLESALE,5,84.0,420.0
ORD-000675,WCUST-00055,2025-05-04,DECAF-BLEND-WHOLESALE,4,93.0,372.0
ORD-000675,WCUST-00055,2025-05-04,REGULAR-GUATEMALA-RETAIL,3,14.0,42.0
ORD-000676,WCUST-00055,2025-05-29,REGULAR-GUATEMALA-WHOLESALE,3,84.0,252.0
ORD-000677,WCUST-00055,2025-07-03,REGULAR-COLOMBIA-WHOLESALE,5,84.0,420.0
ORD-000678,WCUST-00055,2025-07-30,REGULAR-COLOMBIA-WHOLESALE,4,84.0,336.0
ORD-000679,WCUST-00055,2025-08-28,REGULAR-PERU-WHOLESALE,2,84.0,168.0
ORD-000680,WCUST-00055,2025-09-22,REGULAR-PERU-WHOLESALE,2,84.0,168.0
ORD-000680,WCUST-00055,2025-09-22,REGULAR-GUATEMALA-RETAIL,1,14.0,14.0
ORD-000681,WCUST-00055,2025-10-21,REGULAR-PERU-WHOLESALE,4,84.0,336.0
ORD-000682,WCUST-00055,2025-11-24,DECAF-PERU-WHOLESALE,4,93.0,372.0
ORD-000683,WCUST-00055,2025-12-30,REGULAR-GUATEMALA-WHOLESALE,2,84.0,168.0
ORD-000684,WCUST-00055,2026-01-26,REGULAR-BLEND-WHOLESALE,5,84.0,420.0
ORD-000685,WCUST-00055,2026-02-25,DECAF-COLOMBIA-WHOLESALE,3,93.0,279.0
ORD-000686,WCUST-00055,2026-03-24,REGULAR-GUATEMALA-WHOLESALE,2,84.0,168.0
ORD-000687,WCUST-00055,2026-04-20,REGULAR-GUATEMALA-WHOLESALE,2,84.0,168.0
ORD-000688,WCUST-00055,2026-05-26,REGULAR-BLEND-WHOLESALE,4,84.0,336.0
ORD-000689,WCUST-00055,2026-06-19,REGULAR-BLEND-WHOLESALE,5,84.0,420.0
ORD-000690,WCUST-00055,2026-07-10,REGULAR-COLOMBIA-WHOLESALE,3,84.0,252.0
ORD-000690,WCUST-00055,2026-07-10,REGULAR-COLOMBIA-RETAIL,3,14.0,42.0
ORD-000691,WCUST-00055,2026-08-04,REGULAR-BLEND-WHOLESALE,2,84.0,168.0
ORD-000692,WCUST-00055,2026-09-03,REGULAR-BLEND-WHOLESALE,5,84.0,420.0
ORD-000692,WCUST-00055,2026-09-03,REGULAR-COLOMBIA-RETAIL,1,14.0,14.0
ORD-000693,WCUST-00056,2026-02-02,REGULAR-PERU-WHOLESALE,3,84.0,252.0
ORD-000694,WCUST-00056,2026-03-08,DECAF-COLOMBIA-WHOLESALE,5,93.0,465.0
ORD-000695,WCUST-00056,2026-04-01,REGULAR-GUATEMALA-WHOLESALE,3,84.0,252.0
ORD-000696,WCUST-00056,2026-04-22,REGULAR-GUATEMALA-WHOLESALE,5,84.0,420.0
ORD-000697,WCUST-00056,2026-05-19,REGULAR-BLEND-WHOLESALE,3,84.0,252.0
ORD-000698,WCUST-00056,2026-06-15,REGULAR-BLEND-WHOLESALE,3,84.0,252.0
ORD-000699,WCUST-00056,2026-07-07,REGULAR-COLOMBIA-WHOLESALE,2,84.0,168.0
ORD-000700,WCUST-00056,2026-08-06,REGULAR-BLEND-WHOLESALE,2,84.0,168.0
ORD-000701,WCUST-00056,2026-08-30,REGULAR-COLOMBIA-WHOLESALE,5,84.0,420.0
ORD-000702,WCUST-00057,2025-01-28,REGULAR-GUATEMALA-WHOLESALE,8,84.0,672.0
ORD-000702,WCUST-00057,2025-01-28,REGULAR-GUATEMALA-RETAIL,3,14.0,42.0
ORD-000703,WCUST-00057,2025-02-15,DECAF-BLEND-WHOLESALE,5,93.0,465.0
ORD-000704,WCUST-00057,2025-03-14,DECAF-BLEND-WHOLESALE,5,93.0,465.0
ORD-000705,WCUST-00057,2025-04-02,REGULAR-GUATEMALA-WHOLESALE,6,84.0,504.0
ORD-000705,WCUST-00057,2025-04-02,DECAF-BLEND-RETAIL,1,15.5,15.5
ORD-000706,WCUST-00057,2025-04-18,REGULAR-GUATEMALA-WHOLESALE,4,84.0,336.0
ORD-000707,WCUST-00057,2025-05-04,REGULAR-GUATEMALA-WHOLESALE,7,84.0,588.0
ORD-000708,WCUST-00057,2025-05-25,REGULAR-GUATEMALA-WHOLESALE,5,84.0,420.0
ORD-000709,WCUST-00057,2025-06-16,REGULAR-GUATEMALA-WHOLESALE,3,84.0,252.0
ORD-000710,WCUST-00057,2025-07-02,DECAF-BLEND-WHOLESALE,4,93.0,372.0
ORD-000711,WCUST-00057,2025-07-28,REGULAR-COLOMBIA-WHOLESALE,7,84.0,588.0
ORD-000712,WCUST-00057,2025-08-22,REGULAR-PERU-WHOLESALE,3,84.0,252.0
ORD-000713,WCUST-00057,2025-09-06,REGULAR-GUATEMALA-WHOLESALE,7,84.0,588.0
ORD-000714,WCUST-00057,2025-09-22,DECAF-GUATEMALA-WHOLESALE,7,93.0,651.0
ORD-000715,WCUST-00057,2025-10-10,REGULAR-GUATEMALA-WHOLESALE,7,84.0,588.0
ORD-000715,WCUST-00057,2025-10-10,REGULAR-GUATEMALA-RETAIL,3,14.0,42.0
ORD-000716,WCUST-00057,2025-11-01,REGULAR-GUATEMALA-WHOLESALE,6,84.0,504.0
ORD-000717,WCUST-00057,2025-11-19,REGULAR-BLEND-WHOLESALE,7,84.0,588.0
ORD-000718,WCUST-00057,2025-12-08,REGULAR-GUATEMALA-WHOLESALE,4,84.0,336.0
ORD-000719,WCUST-00057,2026-01-02,REGULAR-BLEND-WHOLESALE,4,84.0,336.0
ORD-000720,WCUST-00057,2026-01-29,DECAF-PERU-WHOLESALE,6,93.0,558.0
ORD-000720,WCUST-00057,2026-01-29,DECAF-PERU-RETAIL,1,15.5,15.5
ORD-000721,WCUST-00057,2026-02-25,REGULAR-PERU-WHOLESALE,7,84.0,588.0
ORD-000722,WCUST-00057,2026-03-23,REGULAR-COLOMBIA-WHOLESALE,5,84.0,420.0
ORD-000723,WCUST-00057,2026-04-18,REGULAR-GUATEMALA-WHOLESALE,8,84.0,672.0
ORD-000724,WCUST-00057,2026-05-06,DECAF-PERU-WHOLESALE,3,93.0,279.0
ORD-000725,WCUST-00057,2026-05-30,REGULAR-BLEND-WHOLESALE,6,84.0,504.0
ORD-000725,WCUST-00057,2026-05-30,REGULAR-BLEND-RETAIL,2,14.0,28.0
ORD-000726,WCUST-00057,2026-06-26,REGULAR-BLEND-WHOLESALE,3,84.0,252.0
ORD-000727,WCUST-00057,2026-07-12,REGULAR-BLEND-WHOLESALE,4,84.0,336.0
ORD-000727,WCUST-00057,2026-07-12,REGULAR-BLEND-RETAIL,1,14.0,14.0
ORD-000728,WCUST-00057,2026-07-31,REGULAR-COLOMBIA-WHOLESALE,3,84.0,252.0
ORD-000728,WCUST-00057,2026-07-31,REGULAR-COLOMBIA-RETAIL,1,14.0,14.0
ORD-000729,WCUST-00057,2026-08-27,REGULAR-BLEND-WHOLESALE,8,84.0,672.0
ORD-000730,WCUST-00058,2026-02-03,REGULAR-BLEND-WHOLESALE,4,84.0,336.0
ORD-000731,WCUST-00058,2026-03-07,REGULAR-COLOMBIA-WHOLESALE,3,84.0,252.0
ORD-000732,WCUST-00058,2026-04-08,REGULAR-GUATEMALA-WHOLESALE,2,84.0,168.0
ORD-000733,WCUST-00058,2026-05-13,REGULAR-BLEND-WHOLESALE,3,84.0,252.0
ORD-000734,WCUST-00058,2026-06-14,DECAF-COLOMBIA-WHOLESALE,3,93.0,279.0
ORD-000735,WCUST-00058,2026-07-18,REGULAR-COLOMBIA-WHOLESALE,2,84.0,168.0
ORD-000736,WCUST-00058,2026-08-09,REGULAR-BLEND-WHOLESALE,5,84.0,420.0
ORD-000737,WCUST-00058,2026-08-31,REGULAR-BLEND-WHOLESALE,3,84.0,252.0
ORD-000738,WCUST-00059,2026-05-14,REGULAR-BLEND-WHOLESALE,5,84.0,420.0
ORD-000739,WCUST-00059,2026-06-10,REGULAR-BLEND-WHOLESALE,3,84.0,252.0
ORD-000739,WCUST-00059,2026-06-10,REGULAR-BLEND-RETAIL,1,14.0,14.0
ORD-000740,WCUST-00059,2026-06-30,DECAF-COLOMBIA-WHOLESALE,5,93.0,465.0
ORD-000741,WCUST-00059,2026-07-28,REGULAR-BLEND-WHOLESALE,4,84.0,336.0
ORD-000742,WCUST-00059,2026-08-23,DECAF-BLEND-WHOLESALE,3,93.0,279.0
ORD-000743,WCUST-00060,2024-08-05,REGULAR-BLEND-WHOLESALE,4,84.0,336.0
ORD-000744,WCUST-00060,2024-08-30,REGULAR-BLEND-WHOLESALE,5,84.0,420.0
ORD-000745,WCUST-00060,2024-09-26,REGULAR-BLEND-WHOLESALE,10,84.0,840.0
ORD-000746,WCUST-00060,2024-10-31,REGULAR-GUATEMALA-WHOLESALE,9,84.0,756.0
ORD-000747,WCUST-00060,2024-11-25,REGULAR-GUATEMALA-WHOLESALE,6,84.0,504.0
ORD-000748,WCUST-00060,2024-12-22,REGULAR-GUATEMALA-WHOLESALE,10,84.0,840.0
ORD-000749,WCUST-00060,2025-02-05,REGULAR-COLOMBIA-WHOLESALE,10,84.0,840.0
ORD-000750,WCUST-00060,2025-03-02,REGULAR-COLOMBIA-WHOLESALE,5,84.0,420.0
ORD-000751,WCUST-00060,2025-03-28,REGULAR-GUATEMALA-WHOLESALE,7,84.0,588.0
ORD-000752,WCUST-00060,2025-04-23,REGULAR-GUATEMALA-WHOLESALE,6,84.0,504.0
ORD-000753,WCUST-00060,2025-05-28,DECAF-BLEND-WHOLESALE,8,93.0,744.0
ORD-000754,WCUST-00060,2025-07-07,REGULAR-COLOMBIA-WHOLESALE,9,84.0,756.0
ORD-000755,WCUST-00060,2025-08-18,REGULAR-GUATEMALA-WHOLESALE,7,84.0,588.0
ORD-000755,WCUST-00060,2025-08-18,REGULAR-PERU-RETAIL,1,14.0,14.0
ORD-000756,WCUST-00060,2025-09-15,REGULAR-GUATEMALA-WHOLESALE,10,84.0,840.0
ORD-000757,WCUST-00060,2025-10-16,DECAF-GUATEMALA-WHOLESALE,6,93.0,558.0
ORD-000757,WCUST-00060,2025-10-16,REGULAR-PERU-RETAIL,3,14.0,42.0
ORD-000758,WCUST-00060,2025-11-25,DECAF-PERU-WHOLESALE,5,93.0,465.0
ORD-000759,WCUST-00060,2025-12-23,REGULAR-GUATEMALA-WHOLESALE,6,84.0,504.0
ORD-000760,WCUST-00060,2026-01-19,REGULAR-PERU-WHOLESALE,8,84.0,672.0
ORD-000760,WCUST-00060,2026-01-19,DECAF-PERU-RETAIL,1,15.5,15.5
ORD-000761,WCUST-00061,2025-12-20,REGULAR-GUATEMALA-WHOLESALE,4,84.0,336.0
ORD-000762,WCUST-00061,2026-01-27,REGULAR-PERU-WHOLESALE,5,84.0,420.0
ORD-000763,WCUST-00061,2026-03-09,REGULAR-COLOMBIA-WHOLESALE,6,84.0,504.0
ORD-000764,WCUST-00061,2026-04-15,REGULAR-GUATEMALA-WHOLESALE,10,84.0,840.0
ORD-000765,WCUST-00062,2025-06-24,REGULAR-GUATEMALA-WHOLESALE,1,84.0,84.0
ORD-000766,WCUST-00062,2025-08-25,REGULAR-GUATEMALA-WHOLESALE,3,84.0,252.0
ORD-000767,WCUST-00062,2025-10-31,REGULAR-GUATEMALA-WHOLESALE,2,84.0,168.0
ORD-000768,WCUST-00062,2026-01-02,REGULAR-BLEND-WHOLESALE,1,84.0,84.0
ORD-000769,WCUST-00062,2026-02-13,REGULAR-PERU-WHOLESALE,1,84.0,84.0
ORD-000769,WCUST-00062,2026-02-13,REGULAR-PERU-RETAIL,2,14.0,28.0
ORD-000770,WCUST-00062,2026-04-19,REGULAR-GUATEMALA-WHOLESALE,1,84.0,84.0
ORD-000771,WCUST-00062,2026-06-08,REGULAR-BLEND-WHOLESALE,2,84.0,168.0
ORD-000772,WCUST-00062,2026-07-26,REGULAR-COLOMBIA-WHOLESALE,1,84.0,84.0
ORD-000773,WCUST-00062,2026-09-08,REGULAR-BLEND-WHOLESALE,2,84.0,168.0
ORD-000774,WCUST-00063,2026-01-25,DECAF-PERU-WHOLESALE,5,93.0,465.0
ORD-000775,WCUST-00063,2026-02-17,DECAF-COLOMBIA-WHOLESALE,4,93.0,372.0
ORD-000776,WCUST-00063,2026-03-22,REGULAR-COLOMBIA-WHOLESALE,4,84.0,336.0
ORD-000777,WCUST-00063,2026-04-17,REGULAR-GUATEMALA-WHOLESALE,3,84.0,252.0
ORD-000778,WCUST-00063,2026-05-11,REGULAR-BLEND-WHOLESALE,3,84.0,252.0
ORD-000779,WCUST-00063,2026-06-08,REGULAR-BLEND-WHOLESALE,4,84.0,336.0
ORD-000780,WCUST-00063,2026-06-28,DECAF-COLOMBIA-WHOLESALE,3,93.0,279.0
ORD-000781,WCUST-00063,2026-07-18,REGULAR-BLEND-WHOLESALE,5,84.0,420.0
ORD-000782,WCUST-00063,2026-08-14,REGULAR-COLOMBIA-WHOLESALE,5,84.0,420.0
ORD-000783,WCUST-00064,2025-06-26,REGULAR-GUATEMALA-WHOLESALE,6,84.0,504.0
ORD-000784,WCUST-00064,2025-07-24,REGULAR-COLOMBIA-WHOLESALE,10,84.0,840.0
ORD-000785,WCUST-00064,2025-09-01,REGULAR-PERU-WHOLESALE,4,84.0,336.0
ORD-000786,WCUST-00064,2025-10-05,REGULAR-GUATEMALA-WHOLESALE,9,84.0,756.0
ORD-000786,WCUST-00064,2025-10-05,REGULAR-PERU-RETAIL,3,14.0,42.0
ORD-000787,WCUST-00064,2025-10-30,DECAF-GUATEMALA-WHOLESALE,6,93.0,558.0
ORD-000788,WCUST-00064,2025-11-29,REGULAR-BLEND-WHOLESALE,5,84.0,420.0
ORD-000789,WCUST-00064,2026-01-06,REGULAR-BLEND-WHOLESALE,10,84.0,840.0
ORD-000790,WCUST-00064,2026-02-13,REGULAR-BLEND-WHOLESALE,4,84.0,336.0
ORD-000791,WCUST-00064,2026-03-25,REGULAR-COLOMBIA-WHOLESALE,7,84.0,588.0
ORD-000792,WCUST-00064,2026-05-08,REGULAR-BLEND-WHOLESALE,10,84.0,840.0
ORD-000793,WCUST-00064,2026-06-08,REGULAR-BLEND-WHOLESALE,4,84.0,336.0
ORD-000793,WCUST-00064,2026-06-08,REGULAR-BLEND-RETAIL,2,14.0,28.0
ORD-000794,WCUST-00064,2026-07-12,REGULAR-COLOMBIA-WHOLESALE,5,84.0,420.0
ORD-000795,WCUST-00064,2026-08-25,REGULAR-BLEND-WHOLESALE,8,84.0,672.0
ORD-000795,WCUST-00064,2026-08-25,REGULAR-COLOMBIA-RETAIL,3,14.0,42.0
ORD-000796,WCUST-00065,2026-04-18,REGULAR-GUATEMALA-WHOLESALE,5,84.0,420.0
ORD-000797,WCUST-00065,2026-05-24,REGULAR-BLEND-WHOLESALE,2,84.0,168.0
ORD-000797,WCUST-00065,2026-05-24,REGULAR-BLEND-RETAIL,1,14.0,14.0
ORD-000798,WCUST-00065,2026-06-19,REGULAR-BLEND-WHOLESALE,3,84.0,252.0
ORD-000799,WCUST-00065,2026-07-23,DECAF-COLOMBIA-WHOLESALE,5,93.0,465.0
ORD-000800,WCUST-00065,2026-08-26,REGULAR-COLOMBIA-WHOLESALE,5,84.0,420.0
ORD-000801,WCUST-00066,2026-05-30,REGULAR-BLEND-WHOLESALE,1,84.0,84.0
ORD-000802,WCUST-00066,2026-07-11,REGULAR-COLOMBIA-WHOLESALE,2,84.0,168.0
ORD-000803,WCUST-00066,2026-08-26,REGULAR-BLEND-WHOLESALE,2,84.0,168.0
ORD-000804,WCUST-00067,2025-11-03,REGULAR-GUATEMALA-WHOLESALE,3,84.0,252.0
ORD-000805,WCUST-00067,2025-12-02,REGULAR-BLEND-WHOLESALE,3,84.0,252.0
ORD-000806,WCUST-00067,2025-12-25,REGULAR-BLEND-WHOLESALE,5,84.0,420.0
ORD-000807,WCUST-00067,2026-01-30,REGULAR-BLEND-WHOLESALE,4,84.0,336.0
ORD-000808,WCUST-00067,2026-03-07,REGULAR-COLOMBIA-WHOLESALE,4,84.0,336.0
ORD-000809,WCUST-00067,2026-04-05,REGULAR-GUATEMALA-WHOLESALE,4,84.0,336.0
ORD-000810,WCUST-00067,2026-05-08,REGULAR-BLEND-WHOLESALE,3,84.0,252.0
ORD-000811,WCUST-00067,2026-06-12,REGULAR-BLEND-WHOLESALE,2,84.0,168.0
ORD-000811,WCUST-00067,2026-06-12,REGULAR-BLEND-RETAIL,3,14.0,42.0
ORD-000812,WCUST-00067,2026-07-10,DECAF-COLOMBIA-WHOLESALE,4,93.0,372.0
ORD-000812,WCUST-00067,2026-07-10,REGULAR-BLEND-RETAIL,1,14.0,14.0
ORD-000813,WCUST-00067,2026-08-06,REGULAR-BLEND-WHOLESALE,4,84.0,336.0
ORD-000814,WCUST-00067,2026-09-05,REGULAR-COLOMBIA-WHOLESALE,5,84.0,420.0
ORD-000814,WCUST-00067,2026-09-05,REGULAR-COLOMBIA-RETAIL,3,14.0,42.0
ORD-000815,WCUST-00068,2026-01-30,REGULAR-PERU-WHOLESALE,4,84.0,336.0
ORD-000816,WCUST-00068,2026-02-26,REGULAR-BLEND-WHOLESALE,5,84.0,420.0
ORD-000817,WCUST-00068,2026-03-31,REGULAR-GUATEMALA-WHOLESALE,8,84.0,672.0
ORD-000817,WCUST-00068,2026-03-31,REGULAR-COLOMBIA-RETAIL,2,14.0,28.0
ORD-000818,WCUST-00068,2026-05-03,REGULAR-BLEND-WHOLESALE,9,84.0,756.0
ORD-000819,WCUST-00068,2026-06-15,REGULAR-BLEND-WHOLESALE,7,84.0,588.0
ORD-000820,WCUST-00069,2024-02-06,REGULAR-GUATEMALA-WHOLESALE,5,84.0,420.0
ORD-000821,WCUST-00069,2024-03-11,REGULAR-COLOMBIA-WHOLESALE,2,84.0,168.0
ORD-000822,WCUST-00069,2024-04-01,REGULAR-GUATEMALA-WHOLESALE,3,84.0,252.0
ORD-000823,WCUST-00069,2024-05-03,REGULAR-BLEND-WHOLESALE,3,84.0,252.0
ORD-000824,WCUST-00069,2024-05-31,REGULAR-BLEND-WHOLESALE,2,84.0,168.0
ORD-000825,WCUST-00069,2024-06-20,REGULAR-BLEND-WHOLESALE,3,84.0,252.0
ORD-000826,WCUST-00069,2024-07-24,REGULAR-BLEND-WHOLESALE,5,84.0,420.0
ORD-000827,WCUST-00069,2024-08-18,REGULAR-BLEND-WHOLESALE,4,84.0,336.0
ORD-000828,WCUST-00069,2024-09-10,REGULAR-PERU-WHOLESALE,4,84.0,336.0
ORD-000828,WCUST-00069,2024-09-10,REGULAR-BLEND-RETAIL,2,14.0,28.0
ORD-000829,WCUST-00069,2024-10-09,REGULAR-GUATEMALA-WHOLESALE,2,84.0,168.0
ORD-000830,WCUST-00069,2024-11-06,REGULAR-GUATEMALA-WHOLESALE,3,84.0,252.0
ORD-000830,WCUST-00069,2024-11-06,REGULAR-GUATEMALA-RETAIL,3,14.0,42.0
ORD-000831,WCUST-00069,2024-11-26,REGULAR-GUATEMALA-WHOLESALE,4,84.0,336.0
ORD-000832,WCUST-00069,2024-12-24,REGULAR-GUATEMALA-WHOLESALE,5,84.0,420.0
ORD-000833,WCUST-00069,2025-01-22,REGULAR-GUATEMALA-WHOLESALE,5,84.0,420.0
ORD-000834,WCUST-00069,2025-02-17,REGULAR-COLOMBIA-WHOLESALE,2,84.0,168.0
ORD-000835,WCUST-00069,2025-03-22,DECAF-BLEND-WHOLESALE,3,93.0,279.0
ORD-000836,WCUST-00069,2025-04-14,REGULAR-GUATEMALA-WHOLESALE,4,84.0,336.0
ORD-000837,WCUST-00069,2025-05-07,REGULAR-GUATEMALA-WHOLESALE,4,84.0,336.0
ORD-000838,WCUST-00069,2025-06-09,DECAF-BLEND-WHOLESALE,2,93.0,186.0
ORD-000839,WCUST-00069,2025-06-30,REGULAR-GUATEMALA-WHOLESALE,5,84.0,420.0
ORD-000840,WCUST-00069,2025-08-02,DECAF-GUATEMALA-WHOLESALE,5,93.0,465.0
ORD-000841,WCUST-00069,2025-08-25,REGULAR-GUATEMALA-WHOLESALE,5,84.0,420.0
ORD-000842,WCUST-00069,2025-09-18,REGULAR-PERU-WHOLESALE,3,84.0,252.0
ORD-000843,WCUST-00069,2025-10-16,REGULAR-PERU-WHOLESALE,5,84.0,420.0
ORD-000844,WCUST-00069,2025-11-16,DECAF-PERU-WHOLESALE,4,93.0,372.0
ORD-000845,WCUST-00069,2025-12-22,DECAF-PERU-WHOLESALE,4,93.0,372.0
ORD-000846,WCUST-00069,2026-01-17,REGULAR-PERU-WHOLESALE,3,84.0,252.0
ORD-000847,WCUST-00069,2026-02-15,REGULAR-PERU-WHOLESALE,5,84.0,420.0
ORD-000848,WCUST-00069,2026-03-16,REGULAR-COLOMBIA-WHOLESALE,5,84.0,420.0
ORD-000849,WCUST-00069,2026-04-05,REGULAR-GUATEMALA-WHOLESALE,3,84.0,252.0
ORD-000850,WCUST-00069,2026-04-28,REGULAR-GUATEMALA-WHOLESALE,4,84.0,336.0
ORD-000851,WCUST-00069,2026-05-31,DECAF-PERU-WHOLESALE,3,93.0,279.0
ORD-000852,WCUST-00069,2026-06-27,REGULAR-BLEND-WHOLESALE,2,84.0,168.0
ORD-000853,WCUST-00069,2026-07-27,REGULAR-BLEND-WHOLESALE,2,84.0,168.0
ORD-000854,WCUST-00069,2026-08-27,REGULAR-COLOMBIA-WHOLESALE,5,84.0,420.0
ORD-000855,WCUST-00070,2026-01-24,REGULAR-PERU-WHOLESALE,3,84.0,252.0
ORD-000856,WCUST-00070,2026-02-26,REGULAR-BLEND-WHOLESALE,5,84.0,420.0
ORD-000857,WCUST-00070,2026-03-23,REGULAR-GUATEMALA-WHOLESALE,3,84.0,252.0
ORD-000858,WCUST-00070,2026-04-23,REGULAR-GUATEMALA-WHOLESALE,3,84.0,252.0
ORD-000859,WCUST-00070,2026-05-22,REGULAR-BLEND-WHOLESALE,3,84.0,252.0
ORD-000860,WCUST-00070,2026-06-19,DECAF-COLOMBIA-WHOLESALE,3,93.0,279.0
ORD-000861,WCUST-00070,2026-07-14,REGULAR-BLEND-WHOLESALE,2,84.0,168.0
ORD-000862,WCUST-00070,2026-08-18,REGULAR-COLOMBIA-WHOLESALE,5,84.0,420.0
ORD-000862,WCUST-00070,2026-08-18,REGULAR-BLEND-RETAIL,1,14.0,14.0
ORD-000863,WCUST-00071,2024-02-04,REGULAR-GUATEMALA-WHOLESALE,3,84.0,252.0
ORD-000864,WCUST-00071,2024-02-27,REGULAR-GUATEMALA-WHOLESALE,3,84.0,252.0
ORD-000865,WCUST-00071,2024-03-29,REGULAR-COLOMBIA-WHOLESALE,2,84.0,168.0
ORD-000866,WCUST-00071,2024-05-01,REGULAR-BLEND-WHOLESALE,5,84.0,420.0
ORD-000867,WCUST-00071,2024-05-31,REGULAR-BLEND-WHOLESALE,4,84.0,336.0
ORD-000868,WCUST-00071,2024-06-20,REGULAR-BLEND-WHOLESALE,4,84.0,336.0
ORD-000869,WCUST-00071,2024-07-24,REGULAR-BLEND-WHOLESALE,3,84.0,252.0
ORD-000870,WCUST-00071,2024-08-21,REGULAR-BLEND-WHOLESALE,5,84.0,420.0
ORD-000871,WCUST-00071,2024-09-18,REGULAR-BLEND-WHOLESALE,4,84.0,336.0
ORD-000872,WCUST-00071,2024-10-23,REGULAR-GUATEMALA-WHOLESALE,5,84.0,420.0
ORD-000873,WCUST-00071,2024-11-17,REGULAR-GUATEMALA-WHOLESALE,2,84.0,168.0
ORD-000873,WCUST-00071,2024-11-17,REGULAR-GUATEMALA-RETAIL,3,14.0,42.0
ORD-000874,WCUST-00071,2024-12-12,REGULAR-GUATEMALA-WHOLESALE,5,84.0,420.0
ORD-000875,WCUST-00071,2025-01-06,REGULAR-GUATEMALA-WHOLESALE,2,84.0,168.0
ORD-000876,WCUST-00071,2025-02-05,REGULAR-COLOMBIA-WHOLESALE,5,84.0,420.0
ORD-000877,WCUST-00071,2025-03-11,REGULAR-COLOMBIA-WHOLESALE,4,84.0,336.0
ORD-000878,WCUST-00071,2025-04-06,REGULAR-GUATEMALA-WHOLESALE,2,84.0,168.0
ORD-000879,WCUST-00071,2025-05-09,DECAF-BLEND-WHOLESALE,2,93.0,186.0
ORD-000880,WCUST-00071,2025-05-30,REGULAR-GUATEMALA-WHOLESALE,3,84.0,252.0
ORD-000881,WCUST-00071,2025-06-23,REGULAR-GUATEMALA-WHOLESALE,3,84.0,252.0
ORD-000882,WCUST-00071,2025-07-21,REGULAR-COLOMBIA-WHOLESALE,3,84.0,252.0
ORD-000883,WCUST-00071,2025-08-26,REGULAR-PERU-WHOLESALE,5,84.0,420.0
ORD-000883,WCUST-00071,2025-08-26,REGULAR-PERU-RETAIL,2,14.0,28.0
ORD-000884,WCUST-00071,2025-09-20,REGULAR-PERU-WHOLESALE,3,84.0,252.0
ORD-000885,WCUST-00071,2025-10-13,DECAF-GUATEMALA-WHOLESALE,5,93.0,465.0
ORD-000885,WCUST-00071,2025-10-13,REGULAR-PERU-RETAIL,2,14.0,28.0
ORD-000886,WCUST-00071,2025-11-02,REGULAR-GUATEMALA-WHOLESALE,4,84.0,336.0
ORD-000887,WCUST-00071,2025-12-05,REGULAR-BLEND-WHOLESALE,2,84.0,168.0
ORD-000888,WCUST-00071,2025-12-25,DECAF-PERU-WHOLESALE,4,93.0,372.0
ORD-000889,WCUST-00071,2026-01-27,REGULAR-PERU-WHOLESALE,2,84.0,168.0
ORD-000890,WCUST-00071,2026-02-19,REGULAR-PERU-WHOLESALE,4,84.0,336.0
ORD-000891,WCUST-00071,2026-03-12,REGULAR-GUATEMALA-WHOLESALE,2,84.0,168.0
ORD-000892,WCUST-00071,2026-04-13,DECAF-COLOMBIA-WHOLESALE,5,93.0,465.0
ORD-000893,WCUST-00071,2026-05-18,REGULAR-BLEND-WHOLESALE,2,84.0,168.0
ORD-000894,WCUST-00071,2026-06-08,REGULAR-BLEND-WHOLESALE,2,84.0,168.0
ORD-000895,WCUST-00071,2026-07-06,DECAF-COLOMBIA-WHOLESALE,2,93.0,186.0
ORD-000896,WCUST-00071,2026-08-08,REGULAR-BLEND-WHOLESALE,4,84.0,336.0
ORD-000897,WCUST-00071,2026-08-31,REGULAR-COLOMBIA-WHOLESALE,4,84.0,336.0
ORD-000898,WCUST-00072,2025-10-08,REGULAR-GUATEMALA-WHOLESALE,5,84.0,420.0
ORD-000899,WCUST-00072,2025-11-08,REGULAR-GUATEMALA-WHOLESALE,5,84.0,420.0
ORD-000900,WCUST-00072,2025-12-08,REGULAR-BLEND-WHOLESALE,4,84.0,336.0
ORD-000900,WCUST-00072,2025-12-08,REGULAR-BLEND-RETAIL,3,14.0,42.0
ORD-000901,WCUST-00072,2026-01-13,REGULAR-BLEND-WHOLESALE,3,84.0,252.0
ORD-000902,WCUST-00072,2026-02-06,REGULAR-PERU-WHOLESALE,5,84.0,420.0
ORD-000903,WCUST-00072,2026-03-04,REGULAR-COLOMBIA-WHOLESALE,5,84.0,420.0
ORD-000904,WCUST-00072,2026-04-05,REGULAR-GUATEMALA-WHOLESALE,4,84.0,336.0
ORD-000905,WCUST-00072,2026-05-03,REGULAR-BLEND-WHOLESALE,2,84.0,168.0
ORD-000906,WCUST-00072,2026-06-05,REGULAR-BLEND-WHOLESALE,4,84.0,336.0
ORD-000907,WCUST-00072,2026-07-10,REGULAR-BLEND-WHOLESALE,3,84.0,252.0
ORD-000908,WCUST-00072,2026-08-14,DECAF-BLEND-WHOLESALE,2,93.0,186.0
ORD-000909,WCUST-00073,2026-01-01,REGULAR-PERU-WHOLESALE,2,84.0,168.0
ORD-000909,WCUST-00073,2026-01-01,REGULAR-BLEND-RETAIL,2,14.0,28.0
ORD-000910,WCUST-00073,2026-01-22,REGULAR-PERU-WHOLESALE,4,84.0,336.0
ORD-000911,WCUST-00073,2026-02-12,REGULAR-PERU-WHOLESALE,2,84.0,168.0
ORD-000912,WCUST-00073,2026-03-14,REGULAR-GUATEMALA-WHOLESALE,2,84.0,168.0
ORD-000913,WCUST-00073,2026-04-10,REGULAR-GUATEMALA-WHOLESALE,3,84.0,252.0
ORD-000914,WCUST-00073,2026-05-13,REGULAR-BLEND-WHOLESALE,5,84.0,420.0
ORD-000914,WCUST-00073,2026-05-13,REGULAR-BLEND-RETAIL,1,14.0,14.0
ORD-000915,WCUST-00073,2026-06-04,REGULAR-BLEND-WHOLESALE,3,84.0,252.0
ORD-000916,WCUST-00073,2026-06-26,REGULAR-BLEND-WHOLESALE,5,84.0,420.0
ORD-000917,WCUST-00073,2026-07-26,REGULAR-COLOMBIA-WHOLESALE,4,84.0,336.0
ORD-000918,WCUST-00073,2026-08-19,REGULAR-BLEND-WHOLESALE,3,84.0,252.0
ORD-000919,WCUST-00074,2025-11-25,REGULAR-BLEND-WHOLESALE,3,84.0,252.0
ORD-000920,WCUST-00074,2025-12-13,REGULAR-BLEND-WHOLESALE,5,84.0,420.0
ORD-000921,WCUST-00074,2026-01-03,REGULAR-BLEND-WHOLESALE,7,84.0,588.0
ORD-000921,WCUST-00074,2026-01-03,REGULAR-PERU-RETAIL,2,14.0,28.0
ORD-000922,WCUST-00074,2026-01-27,REGULAR-BLEND-WHOLESALE,8,84.0,672.0
ORD-000923,WCUST-00074,2026-02-23,REGULAR-BLEND-WHOLESALE,6,84.0,504.0
ORD-000923,WCUST-00074,2026-02-23,REGULAR-BLEND-RETAIL,2,14.0,28.0
ORD-000924,WCUST-00074,2026-03-16,DECAF-COLOMBIA-WHOLESALE,7,93.0,651.0
ORD-000925,WCUST-00074,2026-04-05,REGULAR-GUATEMALA-WHOLESALE,6,84.0,504.0
ORD-000926,WCUST-00074,2026-04-30,REGULAR-GUATEMALA-WHOLESALE,6,84.0,504.0
ORD-000927,WCUST-00074,2026-05-19,DECAF-PERU-WHOLESALE,3,93.0,279.0
ORD-000927,WCUST-00074,2026-05-19,REGULAR-BLEND-RETAIL,3,14.0,42.0
ORD-000928,WCUST-00074,2026-06-08,REGULAR-BLEND-WHOLESALE,7,84.0,588.0
ORD-000929,WCUST-00074,2026-06-26,REGULAR-BLEND-WHOLESALE,3,84.0,252.0
ORD-000930,WCUST-00074,2026-07-23,REGULAR-BLEND-WHOLESALE,5,84.0,420.0
ORD-000931,WCUST-00074,2026-08-11,DECAF-BLEND-WHOLESALE,8,93.0,744.0
ORD-000932,WCUST-00074,2026-09-01,REGULAR-COLOMBIA-WHOLESALE,6,84.0,504.0
ORD-000933,WCUST-00075,2025-01-31,DECAF-PERU-WHOLESALE,3,93.0,279.0
ORD-000934,WCUST-00075,2025-02-18,REGULAR-COLOMBIA-WHOLESALE,3,84.0,252.0
ORD-000935,WCUST-00075,2025-03-08,REGULAR-GUATEMALA-WHOLESALE,4,84.0,336.0
ORD-000935,WCUST-00075,2025-03-08,REGULAR-GUATEMALA-RETAIL,2,14.0,28.0
ORD-000936,WCUST-00075,2025-03-29,REGULAR-COLOMBIA-WHOLESALE,6,84.0,504.0
ORD-000937,WCUST-00075,2025-04-15,REGULAR-GUATEMALA-WHOLESALE,5,84.0,420.0
ORD-000938,WCUST-00075,2025-05-12,REGULAR-GUATEMALA-WHOLESALE,3,84.0,252.0
ORD-000939,WCUST-00075,2025-06-07,REGULAR-GUATEMALA-WHOLESALE,4,84.0,336.0
ORD-000940,WCUST-00075,2025-07-01,REGULAR-COLOMBIA-WHOLESALE,6,84.0,504.0
ORD-000941,WCUST-00075,2025-07-28,REGULAR-COLOMBIA-WHOLESALE,8,84.0,672.0
ORD-000942,WCUST-00075,2025-08-15,REGULAR-GUATEMALA-WHOLESALE,5,84.0,420.0
ORD-000943,WCUST-00075,2025-09-01,REGULAR-GUATEMALA-WHOLESALE,4,84.0,336.0
ORD-000944,WCUST-00075,2025-09-26,REGULAR-GUATEMALA-WHOLESALE,6,84.0,504.0
ORD-000945,WCUST-00075,2025-10-19,REGULAR-PERU-WHOLESALE,4,84.0,336.0
ORD-000946,WCUST-00075,2025-11-10,REGULAR-BLEND-WHOLESALE,6,84.0,504.0
ORD-000947,WCUST-00075,2025-12-04,REGULAR-GUATEMALA-WHOLESALE,4,84.0,336.0
ORD-000948,WCUST-00075,2025-12-23,REGULAR-BLEND-WHOLESALE,3,84.0,252.0
ORD-000949,WCUST-00075,2026-01-17,REGULAR-PERU-WHOLESALE,3,84.0,252.0
ORD-000949,WCUST-00075,2026-01-17,REGULAR-PERU-RETAIL,3,14.0,42.0
ORD-000950,WCUST-00075,2026-02-06,REGULAR-BLEND-WHOLESALE,3,84.0,252.0
ORD-000951,WCUST-00075,2026-02-28,REGULAR-BLEND-WHOLESALE,6,84.0,504.0
ORD-000951,WCUST-00075,2026-02-28,REGULAR-PERU-RETAIL,2,14.0,28.0
ORD-000952,WCUST-00075,2026-03-15,REGULAR-COLOMBIA-WHOLESALE,5,84.0,420.0
ORD-000953,WCUST-00075,2026-04-02,REGULAR-GUATEMALA-WHOLESALE,4,84.0,336.0
ORD-000954,WCUST-00075,2026-04-17,REGULAR-GUATEMALA-WHOLESALE,4,84.0,336.0
ORD-000955,WCUST-00075,2026-05-11,REGULAR-BLEND-WHOLESALE,5,84.0,420.0
ORD-000956,WCUST-00075,2026-05-29,REGULAR-BLEND-WHOLESALE,4,84.0,336.0
ORD-000957,WCUST-00075,2026-06-18,REGULAR-BLEND-WHOLESALE,7,84.0,588.0
ORD-000958,WCUST-00075,2026-07-12,REGULAR-BLEND-WHOLESALE,5,84.0,420.0
ORD-000959,WCUST-00075,2026-08-08,REGULAR-BLEND-WHOLESALE,4,84.0,336.0
ORD-000960,WCUST-00075,2026-08-24,REGULAR-COLOMBIA-WHOLESALE,4,84.0,336.0
ORD-000961,WCUST-00076,2024-02-06,REGULAR-COLOMBIA-WHOLESALE,2,84.0,168.0
ORD-000961,WCUST-00076,2024-02-06,REGULAR-COLOMBIA-RETAIL,2,14.0,28.0
ORD-000962,WCUST-00076,2024-03-19,REGULAR-COLOMBIA-WHOLESALE,1,84.0,84.0
ORD-000963,WCUST-00076,2024-05-24,REGULAR-BLEND-WHOLESALE,3,84.0,252.0
ORD-000964,WCUST-00076,2024-07-19,REGULAR-BLEND-WHOLESALE,2,84.0,168.0
ORD-000965,WCUST-00076,2024-09-29,REGULAR-PERU-WHOLESALE,1,84.0,84.0
ORD-000966,WCUST-00076,2024-12-10,DECAF-PERU-WHOLESALE,1,93.0,93.0
ORD-000967,WCUST-00076,2025-01-21,REGULAR-GUATEMALA-WHOLESALE,3,84.0,252.0
ORD-000968,WCUST-00076,2025-03-11,REGULAR-GUATEMALA-WHOLESALE,2,84.0,168.0
ORD-000969,WCUST-00076,2025-05-09,REGULAR-GUATEMALA-WHOLESALE,2,84.0,168.0
ORD-000970,WCUST-00076,2025-07-12,DECAF-BLEND-WHOLESALE,2,93.0,186.0
ORD-000971,WCUST-00076,2025-09-13,DECAF-GUATEMALA-WHOLESALE,3,93.0,279.0
ORD-000972,WCUST-00076,2025-11-08,REGULAR-GUATEMALA-WHOLESALE,3,84.0,252.0
ORD-000973,WCUST-00076,2026-01-16,REGULAR-BLEND-WHOLESALE,3,84.0,252.0
ORD-000974,WCUST-00076,2026-03-09,REGULAR-COLOMBIA-WHOLESALE,1,84.0,84.0
ORD-000975,WCUST-00076,2026-04-22,REGULAR-GUATEMALA-WHOLESALE,2,84.0,168.0
ORD-000976,WCUST-00076,2026-07-01,REGULAR-COLOMBIA-WHOLESALE,3,84.0,252.0
ORD-000977,WCUST-00076,2026-08-31,REGULAR-COLOMBIA-WHOLESALE,1,84.0,84.0
ORD-000978,WCUST-00077,2026-06-24,REGULAR-BLEND-WHOLESALE,8,84.0,672.0
ORD-000978,WCUST-00077,2026-06-24,REGULAR-BLEND-RETAIL,3,14.0,42.0
ORD-000979,WCUST-00077,2026-07-17,REGULAR-COLOMBIA-WHOLESALE,8,84.0,672.0
ORD-000980,WCUST-00078,2024-10-12,REGULAR-GUATEMALA-WHOLESALE,3,84.0,252.0
ORD-000981,WCUST-00078,2024-11-07,REGULAR-GUATEMALA-WHOLESALE,4,84.0,336.0
ORD-000982,WCUST-00078,2024-11-30,REGULAR-GUATEMALA-WHOLESALE,6,84.0,504.0
ORD-000983,WCUST-00078,2024-12-22,DECAF-PERU-WHOLESALE,7,93.0,651.0
ORD-000984,WCUST-00078,2025-01-08,REGULAR-GUATEMALA-WHOLESALE,7,84.0,588.0
ORD-000985,WCUST-00078,2025-01-27,REGULAR-GUATEMALA-WHOLESALE,5,84.0,420.0
ORD-000986,WCUST-00078,2025-02-19,REGULAR-COLOMBIA-WHOLESALE,3,84.0,252.0
ORD-000987,WCUST-00078,2025-03-17,DECAF-BLEND-WHOLESALE,4,93.0,372.0
ORD-000988,WCUST-00078,2025-04-13,REGULAR-GUATEMALA-WHOLESALE,3,84.0,252.0
ORD-000989,WCUST-00078,2025-05-01,REGULAR-GUATEMALA-WHOLESALE,8,84.0,672.0
ORD-000990,WCUST-00078,2025-05-27,REGULAR-GUATEMALA-WHOLESALE,5,84.0,420.0
ORD-000991,WCUST-00078,2025-06-23,REGULAR-GUATEMALA-WHOLESALE,6,84.0,504.0
ORD-000992,WCUST-00078,2025-07-15,REGULAR-COLOMBIA-WHOLESALE,3,84.0,252.0
ORD-000993,WCUST-00078,2025-07-30,REGULAR-COLOMBIA-WHOLESALE,3,84.0,252.0
ORD-000994,WCUST-00078,2025-08-21,DECAF-GUATEMALA-WHOLESALE,6,93.0,558.0
ORD-000995,WCUST-00078,2025-09-08,REGULAR-GUATEMALA-WHOLESALE,4,84.0,336.0
ORD-000996,WCUST-00078,2025-09-30,REGULAR-PERU-WHOLESALE,4,84.0,336.0
ORD-000997,WCUST-00078,2025-10-18,REGULAR-GUATEMALA-WHOLESALE,7,84.0,588.0
ORD-000998,WCUST-00078,2025-11-08,DECAF-PERU-WHOLESALE,3,93.0,279.0
ORD-000999,WCUST-00078,2025-11-27,REGULAR-GUATEMALA-WHOLESALE,3,84.0,252.0
ORD-001000,WCUST-00078,2025-12-12,REGULAR-GUATEMALA-WHOLESALE,4,84.0,336.0
ORD-001001,WCUST-00078,2025-12-27,REGULAR-BLEND-WHOLESALE,6,84.0,504.0
ORD-001002,WCUST-00078,2026-01-19,DECAF-PERU-WHOLESALE,5,93.0,465.0
ORD-001002,WCUST-00078,2026-01-19,REGULAR-PERU-RETAIL,3,14.0,42.0
ORD-001003,WCUST-00078,2026-02-13,REGULAR-BLEND-WHOLESALE,5,84.0,420.0
ORD-001004,WCUST-00078,2026-03-05,REGULAR-GUATEMALA-WHOLESALE,3,84.0,252.0
ORD-001005,WCUST-00078,2026-03-21,REGULAR-COLOMBIA-WHOLESALE,6,84.0,504.0
ORD-001006,WCUST-00078,2026-04-11,REGULAR-GUATEMALA-WHOLESALE,4,84.0,336.0
ORD-001007,WCUST-00078,2026-05-05,REGULAR-BLEND-WHOLESALE,6,84.0,504.0
ORD-001008,WCUST-00078,2026-05-29,REGULAR-BLEND-WHOLESALE,3,84.0,252.0
ORD-001009,WCUST-00078,2026-06-22,REGULAR-BLEND-WHOLESALE,6,84.0,504.0
ORD-001010,WCUST-00078,2026-07-07,REGULAR-BLEND-WHOLESALE,3,84.0,252.0
ORD-001011,WCUST-00078,2026-07-24,REGULAR-BLEND-WHOLESALE,8,84.0,672.0
ORD-001011,WCUST-00078,2026-07-24,REGULAR-COLOMBIA-RETAIL,2,14.0,28.0
ORD-001012,WCUST-00079,2024-04-21,REGULAR-BLEND-WHOLESALE,7,84.0,588.0
ORD-001013,WCUST-00079,2024-05-19,REGULAR-BLEND-WHOLESALE,5,84.0,420.0
ORD-001014,WCUST-00079,2024-06-15,REGULAR-BLEND-WHOLESALE,5,84.0,420.0
ORD-001015,WCUST-00079,2024-07-24,REGULAR-BLEND-WHOLESALE,5,84.0,420.0
ORD-001016,WCUST-00079,2024-08-28,REGULAR-PERU-WHOLESALE,7,84.0,588.0
ORD-001017,WCUST-00079,2024-09-24,REGULAR-BLEND-WHOLESALE,10,84.0,840.0
ORD-001018,WCUST-00079,2024-10-29,REGULAR-GUATEMALA-WHOLESALE,5,84.0,420.0
ORD-001019,WCUST-00079,2024-12-04,REGULAR-GUATEMALA-WHOLESALE,8,84.0,672.0
ORD-001020,WCUST-00079,2024-12-31,REGULAR-GUATEMALA-WHOLESALE,10,84.0,840.0
ORD-001021,WCUST-00079,2025-01-30,DECAF-PERU-WHOLESALE,7,93.0,651.0
ORD-001022,WCUST-00079,2025-02-28,DECAF-BLEND-WHOLESALE,7,93.0,651.0
ORD-001023,WCUST-00079,2025-04-04,REGULAR-GUATEMALA-WHOLESALE,9,84.0,756.0
ORD-001024,WCUST-00079,2025-05-07,REGULAR-GUATEMALA-WHOLESALE,8,84.0,672.0
ORD-001025,WCUST-00079,2025-06-21,REGULAR-GUATEMALA-WHOLESALE,5,84.0,420.0
ORD-001026,WCUST-00079,2025-08-02,DECAF-GUATEMALA-WHOLESALE,5,93.0,465.0
ORD-001027,WCUST-00079,2025-08-31,REGULAR-PERU-WHOLESALE,4,84.0,336.0
ORD-001028,WCUST-00079,2025-10-13,REGULAR-PERU-WHOLESALE,7,84.0,588.0
ORD-001029,WCUST-00079,2025-11-25,REGULAR-BLEND-WHOLESALE,10,84.0,840.0
ORD-001030,WCUST-00079,2025-12-27,REGULAR-BLEND-WHOLESALE,7,84.0,588.0
ORD-001031,WCUST-00079,2026-02-03,REGULAR-PERU-WHOLESALE,4,84.0,336.0
ORD-001032,WCUST-00079,2026-03-10,DECAF-COLOMBIA-WHOLESALE,10,93.0,930.0
ORD-001033,WCUST-00079,2026-04-21,REGULAR-GUATEMALA-WHOLESALE,5,84.0,420.0
ORD-001034,WCUST-00079,2026-05-21,REGULAR-BLEND-WHOLESALE,4,84.0,336.0
ORD-001035,WCUST-00079,2026-06-19,REGULAR-BLEND-WHOLESALE,4,84.0,336.0
ORD-001036,WCUST-00079,2026-07-29,REGULAR-COLOMBIA-WHOLESALE,8,84.0,672.0
ORD-001037,WCUST-00079,2026-08-26,REGULAR-BLEND-WHOLESALE,5,84.0,420.0
ORD-001037,WCUST-00079,2026-08-26,REGULAR-COLOMBIA-RETAIL,1,14.0,14.0
ORD-001038,WCUST-00080,2024-08-16,DECAF-GUATEMALA-WHOLESALE,3,93.0,279.0
ORD-001039,WCUST-00080,2024-09-14,REGULAR-BLEND-WHOLESALE,4,84.0,336.0
ORD-001040,WCUST-00080,2024-10-20,REGULAR-GUATEMALA-WHOLESALE,4,84.0,336.0
ORD-001041,WCUST-00080,2024-11-12,REGULAR-GUATEMALA-WHOLESALE,4,84.0,336.0
ORD-001041,WCUST-00080,2024-11-12,REGULAR-GUATEMALA-RETAIL,3,14.0,42.0
ORD-001042,WCUST-00080,2024-12-09,REGULAR-GUATEMALA-WHOLESALE,2,84.0,168.0
ORD-001043,WCUST-00080,2024-12-30,REGULAR-GUATEMALA-WHOLESALE,5,84.0,420.0
ORD-001043,WCUST-00080,2024-12-30,REGULAR-GUATEMALA-RETAIL,1,14.0,14.0
ORD-001044,WCUST-00080,2025-01-23,REGULAR-GUATEMALA-WHOLESALE,3,84.0,252.0
ORD-001044,WCUST-00080,2025-01-23,REGULAR-GUATEMALA-RETAIL,3,14.0,42.0
ORD-001045,WCUST-00080,2025-02-22,REGULAR-COLOMBIA-WHOLESALE,2,84.0,168.0
ORD-001046,WCUST-00080,2025-03-20,REGULAR-GUATEMALA-WHOLESALE,4,84.0,336.0
ORD-001047,WCUST-00080,2025-04-20,DECAF-BLEND-WHOLESALE,4,93.0,372.0
ORD-001048,WCUST-00080,2025-05-22,REGULAR-GUATEMALA-WHOLESALE,5,84.0,420.0
ORD-001049,WCUST-00080,2025-06-27,REGULAR-GUATEMALA-WHOLESALE,5,84.0,420.0
ORD-001050,WCUST-00080,2025-07-25,REGULAR-COLOMBIA-WHOLESALE,5,84.0,420.0
ORD-001051,WCUST-00080,2025-08-25,DECAF-GUATEMALA-WHOLESALE,3,93.0,279.0
ORD-001051,WCUST-00080,2025-08-25,REGULAR-GUATEMALA-RETAIL,2,14.0,28.0
ORD-001052,WCUST-00080,2025-09-22,REGULAR-GUATEMALA-WHOLESALE,5,84.0,420.0
ORD-001053,WCUST-00080,2025-10-18,REGULAR-GUATEMALA-WHOLESALE,3,84.0,252.0
ORD-001054,WCUST-00080,2025-11-15,DECAF-PERU-WHOLESALE,4,93.0,372.0
ORD-001055,WCUST-00080,2025-12-13,REGULAR-BLEND-WHOLESALE,2,84.0,168.0
ORD-001056,WCUST-00080,2026-01-10,REGULAR-BLEND-WHOLESALE,3,84.0,252.0
ORD-001057,WCUST-00080,2026-02-03,REGULAR-BLEND-WHOLESALE,3,84.0,252.0
ORD-001058,WCUST-00080,2026-03-01,REGULAR-COLOMBIA-WHOLESALE,3,84.0,252.0
ORD-001058,WCUST-00080,2026-03-01,DECAF-COLOMBIA-RETAIL,2,15.5,31.0
ORD-001059,WCUST-00080,2026-03-31,REGULAR-GUATEMALA-WHOLESALE,4,84.0,336.0
ORD-001060,WCUST-00080,2026-05-03,REGULAR-BLEND-WHOLESALE,3,84.0,252.0
ORD-001061,WCUST-00080,2026-06-07,REGULAR-BLEND-WHOLESALE,4,84.0,336.0
ORD-001062,WCUST-00080,2026-07-02,DECAF-COLOMBIA-WHOLESALE,5,93.0,465.0
ORD-001063,WCUST-00080,2026-08-01,REGULAR-COLOMBIA-WHOLESALE,2,84.0,168.0
ORD-001064,WCUST-00080,2026-09-03,REGULAR-COLOMBIA-WHOLESALE,5,84.0,420.0
ORD-001065,WCUST-00083,2026-05-07,REGULAR-BLEND-WHOLESALE,4,84.0,336.0
ORD-001066,WCUST-00083,2026-06-06,REGULAR-BLEND-WHOLESALE,2,84.0,168.0
ORD-001067,WCUST-00083,2026-07-03,REGULAR-BLEND-WHOLESALE,3,84.0,252.0
ORD-001068,WCUST-00083,2026-07-29,DECAF-COLOMBIA-WHOLESALE,4,93.0,372.0
ORD-001069,WCUST-00083,2026-08-27,DECAF-BLEND-WHOLESALE,3,93.0,279.0
ORD-001070,WCUST-00085,2026-03-08,DECAF-COLOMBIA-WHOLESALE,4,93.0,372.0
ORD-001071,WCUST-00085,2026-04-08,REGULAR-GUATEMALA-WHOLESALE,2,84.0,168.0
ORD-001072,WCUST-00085,2026-05-02,DECAF-PERU-WHOLESALE,4,93.0,372.0
ORD-001073,WCUST-00085,2026-06-06,REGULAR-BLEND-WHOLESALE,2,84.0,168.0
ORD-001074,WCUST-00085,2026-06-30,DECAF-COLOMBIA-WHOLESALE,3,93.0,279.0
ORD-001075,WCUST-00085,2026-07-25,REGULAR-COLOMBIA-WHOLESALE,5,84.0,420.0
ORD-001076,WCUST-00085,2026-08-22,REGULAR-BLEND-WHOLESALE,2,84.0,168.0
ORD-001076,WCUST-00085,2026-08-22,REGULAR-BLEND-RETAIL,3,14.0,42.0
ORD-001077,WCUST-00086,2025-12-15,REGULAR-GUATEMALA-WHOLESALE,3,84.0,252.0
ORD-001077,WCUST-00086,2025-12-15,REGULAR-GUATEMALA-RETAIL,1,14.0,14.0
ORD-001078,WCUST-00086,2026-01-12,REGULAR-PERU-WHOLESALE,3,84.0,252.0
ORD-001079,WCUST-00086,2026-02-03,REGULAR-BLEND-WHOLESALE,5,84.0,420.0
ORD-001080,WCUST-00086,2026-03-01,REGULAR-COLOMBIA-WHOLESALE,5,84.0,420.0
ORD-001081,WCUST-00086,2026-04-04,DECAF-COLOMBIA-WHOLESALE,2,93.0,186.0
ORD-001082,WCUST-00086,2026-05-10,REGULAR-BLEND-WHOLESALE,4,84.0,336.0
ORD-001083,WCUST-00086,2026-06-14,REGULAR-BLEND-WHOLESALE,5,84.0,420.0
ORD-001084,WCUST-00086,2026-07-07,REGULAR-BLEND-WHOLESALE,3,84.0,252.0
ORD-001084,WCUST-00086,2026-07-07,REGULAR-BLEND-RETAIL,3,14.0,42.0
ORD-001085,WCUST-00086,2026-08-02,REGULAR-COLOMBIA-WHOLESALE,2,84.0,168.0
ORD-001086,WCUST-00086,2026-09-07,REGULAR-COLOMBIA-WHOLESALE,5,84.0,420.0
ORD-001087,WCUST-00087,2026-02-04,REGULAR-BLEND-WHOLESALE,2,84.0,168.0
ORD-001088,WCUST-00087,2026-03-30,REGULAR-COLOMBIA-WHOLESALE,1,84.0,84.0
ORD-001089,WCUST-00087,2026-05-17,DECAF-PERU-WHOLESALE,1,93.0,93.0
ORD-001090,WCUST-00087,2026-06-29,REGULAR-BLEND-WHOLESALE,1,84.0,84.0
ORD-001091,WCUST-00087,2026-08-24,REGULAR-BLEND-WHOLESALE,2,84.0,168.0
ORD-001091,WCUST-00087,2026-08-24,REGULAR-COLOMBIA-RETAIL,2,14.0,28.0
ORD-001092,WCUST-00088,2026-01-09,REGULAR-BLEND-WHOLESALE,3,84.0,252.0
ORD-001093,WCUST-00088,2026-02-06,REGULAR-BLEND-WHOLESALE,4,84.0,336.0
ORD-001094,WCUST-00088,2026-03-14,REGULAR-GUATEMALA-WHOLESALE,4,84.0,336.0
ORD-001095,WCUST-00088,2026-04-05,REGULAR-GUATEMALA-WHOLESALE,4,84.0,336.0
ORD-001096,WCUST-00088,2026-05-06,REGULAR-BLEND-WHOLESALE,4,84.0,336.0
ORD-001097,WCUST-00088,2026-06-03,REGULAR-BLEND-WHOLESALE,3,84.0,252.0
ORD-001098,WCUST-00088,2026-06-23,REGULAR-BLEND-WHOLESALE,5,84.0,420.0
ORD-001099,WCUST-00088,2026-07-19,REGULAR-COLOMBIA-WHOLESALE,5,84.0,420.0
ORD-001100,WCUST-00088,2026-08-09,REGULAR-COLOMBIA-WHOLESALE,3,84.0,252.0
ORD-001100,WCUST-00088,2026-08-09,REGULAR-COLOMBIA-RETAIL,1,14.0,14.0
ORD-001101,WCUST-00088,2026-09-02,REGULAR-COLOMBIA-WHOLESALE,2,84.0,168.0
ORD-001102,WCUST-00089,2025-02-05,REGULAR-COLOMBIA-WHOLESALE,9,84.0,756.0
ORD-001103,WCUST-00089,2025-03-08,REGULAR-GUATEMALA-WHOLESALE,9,84.0,756.0
ORD-001104,WCUST-00089,2025-04-18,REGULAR-GUATEMALA-WHOLESALE,4,84.0,336.0
ORD-001105,WCUST-00089,2025-05-25,REGULAR-GUATEMALA-WHOLESALE,4,84.0,336.0
ORD-001105,WCUST-00089,2025-05-25,REGULAR-GUATEMALA-RETAIL,1,14.0,14.0
ORD-001106,WCUST-00089,2025-06-19,REGULAR-GUATEMALA-WHOLESALE,5,84.0,420.0
ORD-001106,WCUST-00089,2025-06-19,REGULAR-GUATEMALA-RETAIL,3,14.0,42.0
ORD-001107,WCUST-00089,2025-07-17,REGULAR-COLOMBIA-WHOLESALE,10,84.0,840.0
ORD-001108,WCUST-00089,2025-08-15,DECAF-GUATEMALA-WHOLESALE,5,93.0,465.0
ORD-001109,WCUST-00089,2025-09-11,REGULAR-GUATEMALA-WHOLESALE,8,84.0,672.0
ORD-001110,WCUST-00089,2025-10-24,REGULAR-GUATEMALA-WHOLESALE,7,84.0,588.0
ORD-001111,WCUST-00089,2025-11-25,DECAF-PERU-WHOLESALE,5,93.0,465.0
ORD-001112,WCUST-00089,2025-12-28,REGULAR-GUATEMALA-WHOLESALE,4,84.0,336.0
ORD-001113,WCUST-00089,2026-02-07,REGULAR-BLEND-WHOLESALE,4,84.0,336.0
ORD-001114,WCUST-00089,2026-03-04,REGULAR-COLOMBIA-WHOLESALE,6,84.0,504.0
ORD-001115,WCUST-00089,2026-04-04,REGULAR-GUATEMALA-WHOLESALE,6,84.0,504.0
ORD-001116,WCUST-00089,2026-05-05,REGULAR-BLEND-WHOLESALE,7,84.0,588.0
ORD-001117,WCUST-00089,2026-06-14,REGULAR-BLEND-WHOLESALE,7,84.0,588.0
ORD-001118,WCUST-00089,2026-07-23,DECAF-COLOMBIA-WHOLESALE,4,93.0,372.0
ORD-001119,WCUST-00089,2026-08-18,REGULAR-BLEND-WHOLESALE,4,84.0,336.0
ORD-001119,WCUST-00089,2026-08-18,REGULAR-COLOMBIA-RETAIL,2,14.0,28.0
ORD-001120,WCUST-00090,2025-11-30,REGULAR-BLEND-WHOLESALE,2,84.0,168.0
ORD-001120,WCUST-00090,2025-11-30,DECAF-PERU-RETAIL,3,15.5,46.5
ORD-001121,WCUST-00090,2026-01-18,REGULAR-BLEND-WHOLESALE,2,84.0,168.0
ORD-001122,WCUST-00091,2025-08-04,REGULAR-GUATEMALA-WHOLESALE,1,84.0,84.0
ORD-001122,WCUST-00091,2025-08-04,REGULAR-GUATEMALA-RETAIL,3,14.0,42.0
ORD-001123,WCUST-00091,2025-09-24,REGULAR-PERU-WHOLESALE,3,84.0,252.0
ORD-001124,WCUST-00091,2025-11-15,REGULAR-BLEND-WHOLESALE,1,84.0,84.0
ORD-001125,WCUST-00091,2026-01-20,REGULAR-BLEND-WHOLESALE,1,84.0,84.0
ORD-001126,WCUST-00091,2026-03-02,REGULAR-COLOMBIA-WHOLESALE,1,84.0,84.0
ORD-001127,WCUST-00091,2026-05-02,REGULAR-BLEND-WHOLESALE,3,84.0,252.0
ORD-001128,WCUST-00091,2026-07-01,REGULAR-BLEND-WHOLESALE,3,84.0,252.0
ORD-001129,WCUST-00091,2026-08-22,REGULAR-BLEND-WHOLESALE,2,84.0,168.0
ORD-001130,WCUST-00092,2024-02-20,REGULAR-GUATEMALA-WHOLESALE,8,84.0,672.0
ORD-001131,WCUST-00092,2024-03-17,REGULAR-COLOMBIA-WHOLESALE,7,84.0,588.0
ORD-001132,WCUST-00092,2024-04-30,REGULAR-GUATEMALA-WHOLESALE,7,84.0,588.0
ORD-001133,WCUST-00092,2024-06-11,REGULAR-BLEND-WHOLESALE,9,84.0,756.0
ORD-001134,WCUST-00092,2024-07-25,REGULAR-BLEND-WHOLESALE,4,84.0,336.0
ORD-001135,WCUST-00092,2024-08-21,REGULAR-PERU-WHOLESALE,6,84.0,504.0
ORD-001135,WCUST-00092,2024-08-21,DECAF-GUATEMALA-RETAIL,3,15.5,46.5
ORD-001136,WCUST-00092,2024-09-19,REGULAR-BLEND-WHOLESALE,8,84.0,672.0
ORD-001137,WCUST-00092,2024-10-27,REGULAR-GUATEMALA-WHOLESALE,6,84.0,504.0
ORD-001138,WCUST-00092,2024-12-01,REGULAR-GUATEMALA-WHOLESALE,10,84.0,840.0
ORD-001139,WCUST-00092,2025-01-08,REGULAR-GUATEMALA-WHOLESALE,6,84.0,504.0
ORD-001140,WCUST-00092,2025-02-15,REGULAR-GUATEMALA-WHOLESALE,8,84.0,672.0
ORD-001141,WCUST-00092,2025-03-28,REGULAR-COLOMBIA-WHOLESALE,10,84.0,840.0
ORD-001142,WCUST-00092,2025-04-25,DECAF-BLEND-WHOLESALE,7,93.0,651.0
ORD-001143,WCUST-00092,2025-05-31,REGULAR-GUATEMALA-WHOLESALE,6,84.0,504.0
ORD-001144,WCUST-00092,2025-07-13,REGULAR-COLOMBIA-WHOLESALE,4,84.0,336.0
ORD-001145,WCUST-00092,2025-08-25,REGULAR-PERU-WHOLESALE,7,84.0,588.0
ORD-001146,WCUST-00092,2025-09-20,REGULAR-PERU-WHOLESALE,7,84.0,588.0
ORD-001146,WCUST-00092,2025-09-20,REGULAR-GUATEMALA-RETAIL,3,14.0,42.0
ORD-001147,WCUST-00092,2025-10-27,REGULAR-GUATEMALA-WHOLESALE,5,84.0,420.0
ORD-001148,WCUST-00092,2025-11-28,DECAF-PERU-WHOLESALE,8,93.0,744.0
ORD-001149,WCUST-00092,2026-01-09,REGULAR-PERU-WHOLESALE,4,84.0,336.0
ORD-001150,WCUST-00092,2026-02-23,REGULAR-PERU-WHOLESALE,5,84.0,420.0
ORD-001150,WCUST-00092,2026-02-23,REGULAR-BLEND-RETAIL,2,14.0,28.0
ORD-001151,WCUST-00092,2026-03-20,REGULAR-GUATEMALA-WHOLESALE,8,84.0,672.0
ORD-001152,WCUST-00092,2026-04-28,REGULAR-GUATEMALA-WHOLESALE,9,84.0,756.0
ORD-001153,WCUST-00092,2026-05-23,REGULAR-BLEND-WHOLESALE,5,84.0,420.0
ORD-001154,WCUST-00092,2026-06-20,DECAF-COLOMBIA-WHOLESALE,8,93.0,744.0
ORD-001155,WCUST-00092,2026-07-28,REGULAR-COLOMBIA-WHOLESALE,10,84.0,840.0
ORD-001156,WCUST-00092,2026-09-04,REGULAR-BLEND-WHOLESALE,7,84.0,588.0
ORD-001157,WCUST-00093,2025-12-28,REGULAR-BLEND-WHOLESALE,8,84.0,672.0
ORD-001157,WCUST-00093,2025-12-28,REGULAR-BLEND-RETAIL,3,14.0,42.0
ORD-001158,WCUST-00093,2026-01-21,REGULAR-PERU-WHOLESALE,6,84.0,504.0
ORD-001158,WCUST-00093,2026-01-21,REGULAR-PERU-RETAIL,2,14.0,28.0
ORD-001159,WCUST-00093,2026-02-07,REGULAR-BLEND-WHOLESALE,6,84.0,504.0
ORD-001160,WCUST-00093,2026-03-05,REGULAR-COLOMBIA-WHOLESALE,7,84.0,588.0
ORD-001161,WCUST-00093,2026-03-23,REGULAR-GUATEMALA-WHOLESALE,7,84.0,588.0
ORD-001161,WCUST-00093,2026-03-23,REGULAR-GUATEMALA-RETAIL,1,14.0,14.0
ORD-001162,WCUST-00093,2026-04-15,REGULAR-GUATEMALA-WHOLESALE,7,84.0,588.0
ORD-001163,WCUST-00093,2026-05-10,REGULAR-BLEND-WHOLESALE,3,84.0,252.0
ORD-001164,WCUST-00093,2026-05-29,REGULAR-BLEND-WHOLESALE,6,84.0,504.0
ORD-001165,WCUST-00093,2026-06-15,DECAF-COLOMBIA-WHOLESALE,6,93.0,558.0
ORD-001166,WCUST-00093,2026-07-02,REGULAR-BLEND-WHOLESALE,7,84.0,588.0
ORD-001167,WCUST-00093,2026-07-25,REGULAR-BLEND-WHOLESALE,5,84.0,420.0
ORD-001168,WCUST-00093,2026-08-10,REGULAR-BLEND-WHOLESALE,4,84.0,336.0
ORD-001169,WCUST-00093,2026-08-30,REGULAR-COLOMBIA-WHOLESALE,3,84.0,252.0
ORD-001170,WCUST-00094,2026-07-01,REGULAR-COLOMBIA-WHOLESALE,4,84.0,336.0
ORD-001171,WCUST-00094,2026-07-24,REGULAR-BLEND-WHOLESALE,4,84.0,336.0
ORD-001172,WCUST-00094,2026-08-13,DECAF-BLEND-WHOLESALE,4,93.0,372.0
ORD-001173,WCUST-00094,2026-09-02,REGULAR-BLEND-WHOLESALE,4,84.0,336.0
ORD-001174,WCUST-00095,2025-04-07,REGULAR-GUATEMALA-WHOLESALE,4,84.0,336.0
ORD-001175,WCUST-00095,2025-05-06,REGULAR-GUATEMALA-WHOLESALE,4,84.0,336.0
ORD-001176,WCUST-00095,2025-06-08,DECAF-BLEND-WHOLESALE,4,93.0,372.0
ORD-001177,WCUST-00095,2025-06-29,REGULAR-GUATEMALA-WHOLESALE,5,84.0,420.0
ORD-001178,WCUST-00095,2025-07-24,DECAF-BLEND-WHOLESALE,3,93.0,279.0
ORD-001179,WCUST-00095,2025-08-27,DECAF-GUATEMALA-WHOLESALE,3,93.0,279.0
ORD-001180,WCUST-00096,2024-12-17,REGULAR-GUATEMALA-WHOLESALE,3,84.0,252.0
ORD-001181,WCUST-00096,2025-02-22,REGULAR-GUATEMALA-WHOLESALE,3,84.0,252.0
ORD-001182,WCUST-00096,2025-04-12,DECAF-BLEND-WHOLESALE,1,93.0,93.0
ORD-001182,WCUST-00096,2025-04-12,REGULAR-GUATEMALA-RETAIL,1,14.0,14.0
ORD-001183,WCUST-00096,2025-05-29,REGULAR-GUATEMALA-WHOLESALE,3,84.0,252.0
ORD-001184,WCUST-00096,2025-07-17,REGULAR-COLOMBIA-WHOLESALE,3,84.0,252.0
ORD-001185,WCUST-00096,2025-08-26,REGULAR-GUATEMALA-WHOLESALE,1,84.0,84.0
ORD-001186,WCUST-00096,2025-11-02,REGULAR-GUATEMALA-WHOLESALE,2,84.0,168.0
ORD-001187,WCUST-00096,2025-12-25,DECAF-PERU-WHOLESALE,1,93.0,93.0
ORD-001188,WCUST-00096,2026-02-09,REGULAR-BLEND-WHOLESALE,1,84.0,84.0
ORD-001189,WCUST-00096,2026-04-15,REGULAR-GUATEMALA-WHOLESALE,2,84.0,168.0
ORD-001189,WCUST-00096,2026-04-15,REGULAR-GUATEMALA-RETAIL,1,14.0,14.0
ORD-001190,WCUST-00096,2026-06-12,REGULAR-BLEND-WHOLESALE,1,84.0,84.0
ORD-001191,WCUST-00096,2026-07-23,REGULAR-BLEND-WHOLESALE,2,84.0,168.0
ORD-001192,WCUST-00097,2024-07-05,REGULAR-BLEND-WHOLESALE,3,84.0,252.0
ORD-001193,WCUST-00097,2024-08-08,REGULAR-BLEND-WHOLESALE,3,84.0,252.0
ORD-001194,WCUST-00097,2024-09-03,REGULAR-PERU-WHOLESALE,5,84.0,420.0
ORD-001195,WCUST-00097,2024-10-05,REGULAR-GUATEMALA-WHOLESALE,5,84.0,420.0
ORD-001196,WCUST-00097,2024-11-01,REGULAR-GUATEMALA-WHOLESALE,2,84.0,168.0
ORD-001197,WCUST-00097,2024-11-22,REGULAR-GUATEMALA-WHOLESALE,2,84.0,168.0
ORD-001197,WCUST-00097,2024-11-22,REGULAR-GUATEMALA-RETAIL,3,14.0,42.0
ORD-001198,WCUST-00097,2024-12-12,REGULAR-GUATEMALA-WHOLESALE,5,84.0,420.0
ORD-001199,WCUST-00097,2025-01-08,DECAF-PERU-WHOLESALE,3,93.0,279.0
ORD-001200,WCUST-00097,2025-01-30,REGULAR-GUATEMALA-WHOLESALE,3,84.0,252.0
ORD-001201,WCUST-00097,2025-02-20,DECAF-BLEND-WHOLESALE,5,93.0,465.0
ORD-001202,WCUST-00097,2025-03-12,REGULAR-COLOMBIA-WHOLESALE,5,84.0,420.0
ORD-001202,WCUST-00097,2025-03-12,REGULAR-COLOMBIA-RETAIL,1,14.0,14.0
ORD-001203,WCUST-00097,2025-04-06,REGULAR-GUATEMALA-WHOLESALE,5,84.0,420.0
ORD-001204,WCUST-00097,2025-05-04,REGULAR-GUATEMALA-WHOLESALE,5,84.0,420.0
ORD-001205,WCUST-00097,2025-06-01,DECAF-BLEND-WHOLESALE,2,93.0,186.0
ORD-001206,WCUST-00097,2025-07-02,REGULAR-COLOMBIA-WHOLESALE,5,84.0,420.0
ORD-001207,WCUST-00097,2025-08-02,REGULAR-GUATEMALA-WHOLESALE,4,84.0,336.0
ORD-001208,WCUST-00097,2025-08-23,REGULAR-GUATEMALA-WHOLESALE,2,84.0,168.0
ORD-001209,WCUST-00097,2025-09-21,DECAF-GUATEMALA-WHOLESALE,3,93.0,279.0
ORD-001210,WCUST-00097,2025-10-21,REGULAR-GUATEMALA-WHOLESALE,3,84.0,252.0
ORD-001211,WCUST-00097,2025-11-10,REGULAR-GUATEMALA-WHOLESALE,5,84.0,420.0
ORD-001212,WCUST-00097,2025-12-02,REGULAR-GUATEMALA-WHOLESALE,3,84.0,252.0
ORD-001213,WCUST-00097,2025-12-24,REGULAR-BLEND-WHOLESALE,4,84.0,336.0
ORD-001214,WCUST-00097,2026-01-14,REGULAR-BLEND-WHOLESALE,5,84.0,420.0
ORD-001215,WCUST-00097,2026-02-16,REGULAR-PERU-WHOLESALE,2,84.0,168.0
ORD-001216,WCUST-00097,2026-03-18,REGULAR-COLOMBIA-WHOLESALE,5,84.0,420.0
ORD-001217,WCUST-00097,2026-04-08,REGULAR-GUATEMALA-WHOLESALE,2,84.0,168.0
ORD-001217,WCUST-00097,2026-04-08,REGULAR-GUATEMALA-RETAIL,1,14.0,14.0
ORD-001218,WCUST-00097,2026-04-28,REGULAR-GUATEMALA-WHOLESALE,2,84.0,168.0
ORD-001219,WCUST-00097,2026-05-19,REGULAR-BLEND-WHOLESALE,3,84.0,252.0
ORD-001220,WCUST-00097,2026-06-11,REGULAR-BLEND-WHOLESALE,2,84.0,168.0
ORD-001221,WCUST-00097,2026-07-02,REGULAR-BLEND-WHOLESALE,3,84.0,252.0
ORD-001222,WCUST-00097,2026-07-31,REGULAR-COLOMBIA-WHOLESALE,2,84.0,168.0
ORD-001223,WCUST-00097,2026-09-04,REGULAR-BLEND-WHOLESALE,4,84.0,336.0
ORD-001224,WCUST-00098,2025-08-21,REGULAR-GUATEMALA-WHOLESALE,3,84.0,252.0
ORD-001224,WCUST-00098,2025-08-21,REGULAR-PERU-RETAIL,3,14.0,42.0
ORD-001225,WCUST-00098,2025-09-11,REGULAR-GUATEMALA-WHOLESALE,2,84.0,168.0
ORD-001226,WCUST-00098,2025-10-13,REGULAR-PERU-WHOLESALE,2,84.0,168.0
ORD-001227,WCUST-00098,2025-11-03,REGULAR-GUATEMALA-WHOLESALE,4,84.0,336.0
ORD-001228,WCUST-00098,2025-12-05,REGULAR-GUATEMALA-WHOLESALE,5,84.0,420.0
ORD-001229,WCUST-00098,2026-01-06,REGULAR-PERU-WHOLESALE,2,84.0,168.0
ORD-001230,WCUST-00098,2026-02-07,REGULAR-PERU-WHOLESALE,2,84.0,168.0
ORD-001231,WCUST-00098,2026-03-05,REGULAR-COLOMBIA-WHOLESALE,2,84.0,168.0
ORD-001232,WCUST-00098,2026-04-04,REGULAR-GUATEMALA-WHOLESALE,5,84.0,420.0
ORD-001232,WCUST-00098,2026-04-04,REGULAR-GUATEMALA-RETAIL,2,14.0,28.0
ORD-001233,WCUST-00098,2026-05-03,REGULAR-BLEND-WHOLESALE,5,84.0,420.0
ORD-001234,WCUST-00098,2026-06-06,REGULAR-BLEND-WHOLESALE,2,84.0,168.0
ORD-001235,WCUST-00098,2026-07-10,REGULAR-BLEND-WHOLESALE,2,84.0,168.0
ORD-001236,WCUST-00098,2026-08-01,REGULAR-COLOMBIA-WHOLESALE,3,84.0,252.0
ORD-001237,WCUST-00098,2026-08-21,DECAF-BLEND-WHOLESALE,4,93.0,372.0
ORD-001237,WCUST-00098,2026-08-21,DECAF-BLEND-RETAIL,3,15.5,46.5
ORD-001238,WCUST-00099,2024-01-22,REGULAR-GUATEMALA-WHOLESALE,2,84.0,168.0
ORD-001239,WCUST-00099,2024-02-11,REGULAR-GUATEMALA-WHOLESALE,3,84.0,252.0
ORD-001240,WCUST-00099,2024-03-10,REGULAR-COLOMBIA-WHOLESALE,3,84.0,252.0
ORD-001240,WCUST-00099,2024-03-10,REGULAR-COLOMBIA-RETAIL,1,14.0,14.0
ORD-001241,WCUST-00099,2024-04-02,REGULAR-GUATEMALA-WHOLESALE,3,84.0,252.0
ORD-001242,WCUST-00099,2024-05-08,REGULAR-BLEND-WHOLESALE,4,84.0,336.0
ORD-001243,WCUST-00099,2024-06-09,REGULAR-BLEND-WHOLESALE,2,84.0,168.0
ORD-001244,WCUST-00099,2024-07-11,REGULAR-BLEND-WHOLESALE,2,84.0,168.0
ORD-001245,WCUST-00099,2024-08-04,REGULAR-BLEND-WHOLESALE,5,84.0,420.0
ORD-001246,WCUST-00099,2024-09-01,REGULAR-BLEND-WHOLESALE,2,84.0,168.0
ORD-001247,WCUST-00099,2024-10-03,REGULAR-GUATEMALA-WHOLESALE,3,84.0,252.0
ORD-001248,WCUST-00099,2024-11-02,REGULAR-GUATEMALA-WHOLESALE,2,84.0,168.0
ORD-001249,WCUST-00099,2024-11-26,REGULAR-GUATEMALA-WHOLESALE,3,84.0,252.0
ORD-001250,WCUST-00099,2024-12-22,REGULAR-GUATEMALA-WHOLESALE,4,84.0,336.0
ORD-001251,WCUST-00099,2025-01-23,REGULAR-GUATEMALA-WHOLESALE,5,84.0,420.0
ORD-001252,WCUST-00099,2025-02-25,REGULAR-COLOMBIA-WHOLESALE,4,84.0,336.0
ORD-001253,WCUST-00099,2025-03-26,REGULAR-GUATEMALA-WHOLESALE,5,84.0,420.0
ORD-001254,WCUST-00099,2025-04-19,REGULAR-GUATEMALA-WHOLESALE,3,84.0,252.0
ORD-001255,WCUST-00099,2025-05-15,REGULAR-GUATEMALA-WHOLESALE,4,84.0,336.0
ORD-001256,WCUST-00099,2025-06-11,REGULAR-GUATEMALA-WHOLESALE,2,84.0,168.0
ORD-001257,WCUST-00099,2025-07-11,REGULAR-COLOMBIA-WHOLESALE,2,84.0,168.0
ORD-001258,WCUST-00099,2025-08-05,DECAF-GUATEMALA-WHOLESALE,4,93.0,372.0
ORD-001258,WCUST-00099,2025-08-05,DECAF-GUATEMALA-RETAIL,2,15.5,31.0
ORD-001259,WCUST-00099,2025-09-05,REGULAR-GUATEMALA-WHOLESALE,5,84.0,420.0
ORD-001260,WCUST-00099,2025-10-09,REGULAR-GUATEMALA-WHOLESALE,3,84.0,252.0
ORD-001261,WCUST-00099,2025-10-31,REGULAR-PERU-WHOLESALE,2,84.0,168.0
ORD-001262,WCUST-00099,2025-11-22,REGULAR-GUATEMALA-WHOLESALE,5,84.0,420.0
ORD-001263,WCUST-00099,2025-12-27,REGULAR-BLEND-WHOLESALE,4,84.0,336.0
ORD-001264,WCUST-00099,2026-01-20,REGULAR-PERU-WHOLESALE,4,84.0,336.0
ORD-001265,WCUST-00099,2026-02-09,REGULAR-BLEND-WHOLESALE,5,84.0,420.0
ORD-001266,WCUST-00099,2026-03-11,REGULAR-COLOMBIA-WHOLESALE,2,84.0,168.0
ORD-001267,WCUST-00099,2026-04-03,REGULAR-GUATEMALA-WHOLESALE,3,84.0,252.0
ORD-001268,WCUST-00099,2026-05-01,REGULAR-BLEND-WHOLESALE,4,84.0,336.0
ORD-001269,WCUST-00099,2026-06-01,DECAF-COLOMBIA-WHOLESALE,2,93.0,186.0
ORD-001270,WCUST-00099,2026-07-03,REGULAR-BLEND-WHOLESALE,5,84.0,420.0
ORD-001271,WCUST-00099,2026-08-01,REGULAR-BLEND-WHOLESALE,5,84.0,420.0
ORD-001272,WCUST-00099,2026-08-27,REGULAR-COLOMBIA-WHOLESALE,5,84.0,420.0
ORD-001273,WCUST-00100,2025-11-09,DECAF-PERU-WHOLESALE,3,93.0,279.0
ORD-001274,WCUST-00100,2025-11-27,REGULAR-BLEND-WHOLESALE,3,84.0,252.0
ORD-001275,WCUST-00100,2025-12-14,REGULAR-GUATEMALA-WHOLESALE,4,84.0,336.0
ORD-001276,WCUST-00100,2026-01-06,REGULAR-BLEND-WHOLESALE,4,84.0,336.0
ORD-001277,WCUST-00100,2026-02-02,DECAF-COLOMBIA-WHOLESALE,4,93.0,372.0
ORD-001278,WCUST-00100,2026-02-23,REGULAR-BLEND-WHOLESALE,7,84.0,588.0
ORD-001279,WCUST-00101,2026-04-03,REGULAR-GUATEMALA-WHOLESALE,4,84.0,336.0
ORD-001280,WCUST-00101,2026-04-29,REGULAR-GUATEMALA-WHOLESALE,4,84.0,336.0
ORD-001281,WCUST-00101,2026-06-03,REGULAR-BLEND-WHOLESALE,7,84.0,588.0
ORD-001282,WCUST-00101,2026-07-12,REGULAR-BLEND-WHOLESALE,8,84.0,672.0
ORD-001283,WCUST-00101,2026-08-24,REGULAR-COLOMBIA-WHOLESALE,8,84.0,672.0
ORD-001284,WCUST-00102,2026-02-23,REGULAR-BLEND-WHOLESALE,4,84.0,336.0
ORD-001285,WCUST-00102,2026-03-19,REGULAR-GUATEMALA-WHOLESALE,3,84.0,252.0
ORD-001286,WCUST-00102,2026-04-21,REGULAR-GUATEMALA-WHOLESALE,2,84.0,168.0
ORD-001286,WCUST-00102,2026-04-21,REGULAR-GUATEMALA-RETAIL,1,14.0,14.0
ORD-001287,WCUST-00102,2026-05-13,DECAF-PERU-WHOLESALE,2,93.0,186.0
ORD-001287,WCUST-00102,2026-05-13,REGULAR-BLEND-RETAIL,3,14.0,42.0
ORD-001288,WCUST-00102,2026-06-16,REGULAR-BLEND-WHOLESALE,3,84.0,252.0
ORD-001289,WCUST-00102,2026-07-06,REGULAR-COLOMBIA-WHOLESALE,3,84.0,252.0
ORD-001289,WCUST-00102,2026-07-06,REGULAR-COLOMBIA-RETAIL,1,14.0,14.0
ORD-001290,WCUST-00102,2026-07-26,REGULAR-BLEND-WHOLESALE,4,84.0,336.0
ORD-001291,WCUST-00102,2026-08-17,REGULAR-COLOMBIA-WHOLESALE,4,84.0,336.0
ORD-001292,WCUST-00104,2026-01-11,REGULAR-BLEND-WHOLESALE,9,84.0,756.0
ORD-001293,WCUST-00104,2026-02-05,DECAF-COLOMBIA-WHOLESALE,7,93.0,651.0
ORD-001294,WCUST-00104,2026-03-22,REGULAR-GUATEMALA-WHOLESALE,5,84.0,420.0
ORD-001295,WCUST-00104,2026-05-04,REGULAR-BLEND-WHOLESALE,7,84.0,588.0
ORD-001295,WCUST-00104,2026-05-04,REGULAR-BLEND-RETAIL,1,14.0,14.0
ORD-001296,WCUST-00104,2026-06-02,REGULAR-BLEND-WHOLESALE,10,84.0,840.0
ORD-001297,WCUST-00104,2026-07-05,DECAF-COLOMBIA-WHOLESALE,10,93.0,930.0
ORD-001298,WCUST-00104,2026-08-14,REGULAR-COLOMBIA-WHOLESALE,8,84.0,672.0
ORD-001299,WCUST-00105,2026-01-19,REGULAR-PERU-WHOLESALE,3,84.0,252.0
ORD-001300,WCUST-00105,2026-02-23,REGULAR-BLEND-WHOLESALE,2,84.0,168.0
ORD-001301,WCUST-00105,2026-03-30,REGULAR-GUATEMALA-WHOLESALE,4,84.0,336.0
ORD-001302,WCUST-00106,2025-09-12,REGULAR-GUATEMALA-WHOLESALE,2,84.0,168.0
ORD-001303,WCUST-00106,2025-10-16,REGULAR-PERU-WHOLESALE,4,84.0,336.0
ORD-001304,WCUST-00106,2025-11-15,REGULAR-BLEND-WHOLESALE,3,84.0,252.0
ORD-001305,WCUST-00106,2025-12-20,REGULAR-BLEND-WHOLESALE,2,84.0,168.0
ORD-001306,WCUST-00106,2026-01-16,DECAF-PERU-WHOLESALE,5,93.0,465.0
ORD-001307,WCUST-00106,2026-02-13,REGULAR-BLEND-WHOLESALE,4,84.0,336.0
ORD-001307,WCUST-00106,2026-02-13,REGULAR-BLEND-RETAIL,2,14.0,28.0
ORD-001308,WCUST-00106,2026-03-11,REGULAR-COLOMBIA-WHOLESALE,2,84.0,168.0
ORD-001308,WCUST-00106,2026-03-11,DECAF-COLOMBIA-RETAIL,3,15.5,46.5
ORD-001309,WCUST-00106,2026-04-04,REGULAR-GUATEMALA-WHOLESALE,5,84.0,420.0
ORD-001310,WCUST-00106,2026-05-09,DECAF-PERU-WHOLESALE,3,93.0,279.0
ORD-001311,WCUST-00106,2026-06-13,REGULAR-BLEND-WHOLESALE,5,84.0,420.0
ORD-001311,WCUST-00106,2026-06-13,REGULAR-BLEND-RETAIL,3,14.0,42.0
ORD-001312,WCUST-00106,2026-07-05,REGULAR-BLEND-WHOLESALE,5,84.0,420.0
ORD-001313,WCUST-00106,2026-08-08,REGULAR-COLOMBIA-WHOLESALE,5,84.0,420.0
ORD-001314,WCUST-00107,2025-06-14,REGULAR-GUATEMALA-WHOLESALE,3,84.0,252.0
ORD-001315,WCUST-00107,2025-07-04,REGULAR-COLOMBIA-WHOLESALE,4,84.0,336.0
ORD-001316,WCUST-00107,2025-08-01,REGULAR-PERU-WHOLESALE,3,84.0,252.0
ORD-001317,WCUST-00107,2025-09-05,REGULAR-GUATEMALA-WHOLESALE,3,84.0,252.0
ORD-001318,WCUST-00107,2025-10-07,REGULAR-PERU-WHOLESALE,5,84.0,420.0
ORD-001319,WCUST-00107,2025-11-09,REGULAR-BLEND-WHOLESALE,5,84.0,420.0
ORD-001320,WCUST-00107,2025-12-02,REGULAR-GUATEMALA-WHOLESALE,2,84.0,168.0
ORD-001321,WCUST-00107,2025-12-31,REGULAR-GUATEMALA-WHOLESALE,3,84.0,252.0
ORD-001322,WCUST-00107,2026-01-29,REGULAR-BLEND-WHOLESALE,2,84.0,168.0
ORD-001323,WCUST-00107,2026-02-22,DECAF-COLOMBIA-WHOLESALE,4,93.0,372.0
ORD-001323,WCUST-00107,2026-02-22,DECAF-COLOMBIA-RETAIL,1,15.5,15.5
ORD-001324,WCUST-00107,2026-03-20,REGULAR-GUATEMALA-WHOLESALE,4,84.0,336.0
ORD-001325,WCUST-00107,2026-04-11,REGULAR-GUATEMALA-WHOLESALE,2,84.0,168.0
ORD-001326,WCUST-00107,2026-05-08,REGULAR-BLEND-WHOLESALE,4,84.0,336.0
ORD-001327,WCUST-00107,2026-06-01,REGULAR-BLEND-WHOLESALE,5,84.0,420.0
ORD-001328,WCUST-00107,2026-06-25,REGULAR-BLEND-WHOLESALE,3,84.0,252.0
ORD-001329,WCUST-00108,2025-04-11,REGULAR-GUATEMALA-WHOLESALE,3,84.0,252.0
ORD-001330,WCUST-00108,2025-05-06,REGULAR-GUATEMALA-WHOLESALE,7,84.0,588.0
ORD-001331,WCUST-00108,2025-05-21,REGULAR-GUATEMALA-WHOLESALE,5,84.0,420.0
ORD-001332,WCUST-00108,2025-06-11,REGULAR-GUATEMALA-WHOLESALE,3,84.0,252.0
ORD-001333,WCUST-00108,2025-06-30,REGULAR-GUATEMALA-WHOLESALE,7,84.0,588.0
ORD-001333,WCUST-00108,2025-06-30,REGULAR-GUATEMALA-RETAIL,1,14.0,14.0
ORD-001334,WCUST-00108,2025-07-17,REGULAR-COLOMBIA-WHOLESALE,5,84.0,420.0
ORD-001335,WCUST-00108,2025-08-05,REGULAR-GUATEMALA-WHOLESALE,7,84.0,588.0
ORD-001335,WCUST-00108,2025-08-05,REGULAR-GUATEMALA-RETAIL,1,14.0,14.0
ORD-001336,WCUST-00108,2025-08-27,REGULAR-PERU-WHOLESALE,4,84.0,336.0
ORD-001336,WCUST-00108,2025-08-27,REGULAR-PERU-RETAIL,2,14.0,28.0
ORD-001337,WCUST-00108,2025-09-23,REGULAR-PERU-WHOLESALE,3,84.0,252.0
ORD-001338,WCUST-00108,2025-10-11,REGULAR-GUATEMALA-WHOLESALE,7,84.0,588.0
ORD-001339,WCUST-00108,2025-10-31,REGULAR-GUATEMALA-WHOLESALE,8,84.0,672.0
ORD-001339,WCUST-00108,2025-10-31,REGULAR-GUATEMALA-RETAIL,2,14.0,28.0
ORD-001340,WCUST-00108,2025-11-19,REGULAR-GUATEMALA-WHOLESALE,5,84.0,420.0
ORD-001340,WCUST-00108,2025-11-19,DECAF-PERU-RETAIL,3,15.5,46.5
ORD-001341,WCUST-00108,2025-12-09,REGULAR-BLEND-WHOLESALE,7,84.0,588.0
ORD-001342,WCUST-00108,2025-12-29,REGULAR-BLEND-WHOLESALE,5,84.0,420.0
ORD-001342,WCUST-00108,2025-12-29,REGULAR-GUATEMALA-RETAIL,1,14.0,14.0
ORD-001343,WCUST-00108,2026-01-14,REGULAR-PERU-WHOLESALE,5,84.0,420.0
ORD-001344,WCUST-00108,2026-02-04,REGULAR-PERU-WHOLESALE,3,84.0,252.0
ORD-001345,WCUST-00108,2026-02-27,REGULAR-PERU-WHOLESALE,7,84.0,588.0
ORD-001346,WCUST-00109,2024-08-04,REGULAR-BLEND-WHOLESALE,8,84.0,672.0
ORD-001347,WCUST-00109,2024-08-30,REGULAR-PERU-WHOLESALE,8,84.0,672.0
ORD-001348,WCUST-00109,2024-09-19,REGULAR-PERU-WHOLESALE,8,84.0,672.0
ORD-001349,WCUST-00109,2024-10-08,REGULAR-GUATEMALA-WHOLESALE,4,84.0,336.0
ORD-001350,WCUST-00109,2024-10-30,REGULAR-GUATEMALA-WHOLESALE,6,84.0,504.0
ORD-001351,WCUST-00109,2024-11-22,REGULAR-GUATEMALA-WHOLESALE,3,84.0,252.0
ORD-001352,WCUST-00109,2024-12-15,REGULAR-GUATEMALA-WHOLESALE,3,84.0,252.0
ORD-001352,WCUST-00109,2024-12-15,REGULAR-GUATEMALA-RETAIL,1,14.0,14.0
ORD-001353,WCUST-00109,2025-01-02,REGULAR-GUATEMALA-WHOLESALE,3,84.0,252.0
ORD-001354,WCUST-00109,2025-01-29,REGULAR-GUATEMALA-WHOLESALE,8,84.0,672.0
ORD-001355,WCUST-00109,2025-02-23,REGULAR-GUATEMALA-WHOLESALE,6,84.0,504.0
ORD-001356,WCUST-00109,2025-03-10,DECAF-BLEND-WHOLESALE,8,93.0,744.0
ORD-001357,WCUST-00109,2025-03-29,REGULAR-COLOMBIA-WHOLESALE,3,84.0,252.0
ORD-001358,WCUST-00109,2025-04-16,REGULAR-GUATEMALA-WHOLESALE,3,84.0,252.0
ORD-001359,WCUST-00109,2025-05-08,REGULAR-GUATEMALA-WHOLESALE,4,84.0,336.0
ORD-001360,WCUST-00109,2025-06-01,REGULAR-GUATEMALA-WHOLESALE,6,84.0,504.0
ORD-001361,WCUST-00109,2025-06-18,REGULAR-GUATEMALA-WHOLESALE,5,84.0,420.0
ORD-001361,WCUST-00109,2025-06-18,REGULAR-GUATEMALA-RETAIL,3,14.0,42.0
ORD-001362,WCUST-00109,2025-07-05,REGULAR-COLOMBIA-WHOLESALE,7,84.0,588.0
ORD-001362,WCUST-00109,2025-07-05,REGULAR-COLOMBIA-RETAIL,3,14.0,42.0
ORD-001363,WCUST-00109,2025-07-20,REGULAR-COLOMBIA-WHOLESALE,5,84.0,420.0
ORD-001364,WCUST-00109,2025-08-10,DECAF-GUATEMALA-WHOLESALE,6,93.0,558.0
ORD-001365,WCUST-00109,2025-09-05,REGULAR-PERU-WHOLESALE,3,84.0,252.0
ORD-001366,WCUST-00109,2025-10-01,REGULAR-GUATEMALA-WHOLESALE,5,84.0,420.0
ORD-001367,WCUST-00109,2025-10-20,REGULAR-PERU-WHOLESALE,8,84.0,672.0
ORD-001368,WCUST-00109,2025-11-11,REGULAR-GUATEMALA-WHOLESALE,8,84.0,672.0
ORD-001368,WCUST-00109,2025-11-11,REGULAR-BLEND-RETAIL,3,14.0,42.0
ORD-001369,WCUST-00109,2025-11-27,REGULAR-GUATEMALA-WHOLESALE,6,84.0,504.0
ORD-001370,WCUST-00109,2025-12-14,REGULAR-GUATEMALA-WHOLESALE,7,84.0,588.0
ORD-001371,WCUST-00109,2026-01-04,REGULAR-PERU-WHOLESALE,3,84.0,252.0
ORD-001372,WCUST-00109,2026-01-20,REGULAR-PERU-WHOLESALE,4,84.0,336.0
ORD-001372,WCUST-00109,2026-01-20,REGULAR-BLEND-RETAIL,2,14.0,28.0
ORD-001373,WCUST-00109,2026-02-04,REGULAR-BLEND-WHOLESALE,3,84.0,252.0
ORD-001374,WCUST-00109,2026-02-21,REGULAR-BLEND-WHOLESALE,8,84.0,672.0
ORD-001375,WCUST-00109,2026-03-14,REGULAR-GUATEMALA-WHOLESALE,6,84.0,504.0
ORD-001376,WCUST-00109,2026-04-10,DECAF-COLOMBIA-WHOLESALE,7,93.0,651.0
ORD-001377,WCUST-00109,2026-04-26,REGULAR-GUATEMALA-WHOLESALE,7,84.0,588.0
ORD-001378,WCUST-00109,2026-05-13,REGULAR-BLEND-WHOLESALE,7,84.0,588.0
ORD-001379,WCUST-00109,2026-06-02,REGULAR-BLEND-WHOLESALE,7,84.0,588.0
ORD-001380,WCUST-00109,2026-06-29,REGULAR-BLEND-WHOLESALE,3,84.0,252.0
ORD-001381,WCUST-00109,2026-07-23,DECAF-COLOMBIA-WHOLESALE,5,93.0,465.0
ORD-001382,WCUST-00109,2026-08-15,REGULAR-COLOMBIA-WHOLESALE,8,84.0,672.0
ORD-001383,WCUST-00110,2024-10-03,REGULAR-GUATEMALA-WHOLESALE,2,84.0,168.0
ORD-001384,WCUST-00110,2024-12-11,DECAF-PERU-WHOLESALE,2,93.0,186.0
ORD-001385,WCUST-00110,2025-02-06,REGULAR-GUATEMALA-WHOLESALE,3,84.0,252.0
ORD-001386,WCUST-00110,2025-04-18,REGULAR-GUATEMALA-WHOLESALE,3,84.0,252.0
ORD-001387,WCUST-00110,2025-06-13,REGULAR-GUATEMALA-WHOLESALE,3,84.0,252.0
ORD-001388,WCUST-00110,2025-08-08,REGULAR-GUATEMALA-WHOLESALE,2,84.0,168.0
ORD-001389,WCUST-00110,2025-09-24,REGULAR-PERU-WHOLESALE,1,84.0,84.0
ORD-001390,WCUST-00110,2025-12-05,REGULAR-BLEND-WHOLESALE,2,84.0,168.0
ORD-001390,WCUST-00110,2025-12-05,REGULAR-BLEND-RETAIL,2,14.0,28.0
ORD-001391,WCUST-00110,2026-01-26,REGULAR-BLEND-WHOLESALE,2,84.0,168.0
ORD-001392,WCUST-00110,2026-03-30,REGULAR-COLOMBIA-WHOLESALE,2,84.0,168.0
ORD-001393,WCUST-00110,2026-05-30,REGULAR-BLEND-WHOLESALE,1,84.0,84.0
ORD-001393,WCUST-00110,2026-05-30,DECAF-PERU-RETAIL,1,15.5,15.5
ORD-001394,WCUST-00110,2026-07-30,REGULAR-COLOMBIA-WHOLESALE,1,84.0,84.0
ORD-001395,WCUST-00111,2025-04-12,REGULAR-GUATEMALA-WHOLESALE,4,84.0,336.0
ORD-001396,WCUST-00111,2025-05-11,REGULAR-GUATEMALA-WHOLESALE,5,84.0,420.0
ORD-001397,WCUST-00111,2025-05-31,REGULAR-GUATEMALA-WHOLESALE,3,84.0,252.0
ORD-001398,WCUST-00111,2025-07-01,REGULAR-COLOMBIA-WHOLESALE,4,84.0,336.0
ORD-001399,WCUST-00111,2025-08-01,REGULAR-GUATEMALA-WHOLESALE,3,84.0,252.0
ORD-001400,WCUST-00111,2025-09-01,REGULAR-GUATEMALA-WHOLESALE,4,84.0,336.0
ORD-001401,WCUST-00111,2025-09-21,REGULAR-GUATEMALA-WHOLESALE,2,84.0,168.0
ORD-001402,WCUST-00111,2025-10-12,REGULAR-GUATEMALA-WHOLESALE,5,84.0,420.0
ORD-001403,WCUST-00111,2025-11-13,REGULAR-BLEND-WHOLESALE,4,84.0,336.0
ORD-001404,WCUST-00111,2025-12-12,REGULAR-BLEND-WHOLESALE,3,84.0,252.0
ORD-001405,WCUST-00111,2026-01-02,REGULAR-PERU-WHOLESALE,4,84.0,336.0
ORD-001406,WCUST-00111,2026-01-24,REGULAR-PERU-WHOLESALE,3,84.0,252.0
ORD-001407,WCUST-00111,2026-02-25,DECAF-COLOMBIA-WHOLESALE,4,93.0,372.0
ORD-001408,WCUST-00111,2026-03-20,REGULAR-GUATEMALA-WHOLESALE,2,84.0,168.0
ORD-001409,WCUST-00111,2026-04-23,REGULAR-GUATEMALA-WHOLESALE,2,84.0,168.0
ORD-001410,WCUST-00111,2026-05-17,REGULAR-BLEND-WHOLESALE,2,84.0,168.0
ORD-001411,WCUST-00111,2026-06-09,REGULAR-BLEND-WHOLESALE,4,84.0,336.0
ORD-001412,WCUST-00111,2026-07-09,REGULAR-COLOMBIA-WHOLESALE,4,84.0,336.0
ORD-001413,WCUST-00111,2026-08-11,REGULAR-BLEND-WHOLESALE,2,84.0,168.0
ORD-001414,WCUST-00111,2026-09-04,DECAF-BLEND-WHOLESALE,5,93.0,465.0
ORD-001415,WCUST-00112,2025-01-12,REGULAR-GUATEMALA-WHOLESALE,5,84.0,420.0
ORD-001416,WCUST-00112,2025-02-09,REGULAR-GUATEMALA-WHOLESALE,4,84.0,336.0
ORD-001417,WCUST-00112,2025-03-08,REGULAR-GUATEMALA-WHOLESALE,3,84.0,252.0
ORD-001418,WCUST-00112,2025-04-09,REGULAR-GUATEMALA-WHOLESALE,5,84.0,420.0
ORD-001418,WCUST-00112,2025-04-09,REGULAR-GUATEMALA-RETAIL,1,14.0,14.0
ORD-001419,WCUST-00112,2025-05-13,REGULAR-GUATEMALA-WHOLESALE,2,84.0,168.0
ORD-001420,WCUST-00112,2025-06-18,REGULAR-GUATEMALA-WHOLESALE,2,84.0,168.0
ORD-001421,WCUST-00112,2025-07-17,DECAF-BLEND-WHOLESALE,3,93.0,279.0
ORD-001422,WCUST-00112,2025-08-09,REGULAR-PERU-WHOLESALE,3,84.0,252.0
ORD-001423,WCUST-00112,2025-09-03,DECAF-GUATEMALA-WHOLESALE,4,93.0,372.0
ORD-001423,WCUST-00112,2025-09-03,REGULAR-GUATEMALA-RETAIL,2,14.0,28.0
ORD-001424,WCUST-00112,2025-09-26,REGULAR-PERU-WHOLESALE,4,84.0,336.0
ORD-001425,WCUST-00112,2025-10-20,REGULAR-GUATEMALA-WHOLESALE,4,84.0,336.0
ORD-001426,WCUST-00112,2025-11-23,REGULAR-BLEND-WHOLESALE,4,84.0,336.0
ORD-001427,WCUST-00112,2025-12-22,REGULAR-GUATEMALA-WHOLESALE,5,84.0,420.0
ORD-001428,WCUST-00112,2026-01-18,DECAF-PERU-WHOLESALE,3,93.0,279.0
ORD-001429,WCUST-00112,2026-02-13,DECAF-COLOMBIA-WHOLESALE,2,93.0,186.0
ORD-001430,WCUST-00112,2026-03-05,REGULAR-GUATEMALA-WHOLESALE,2,84.0,168.0
ORD-001430,WCUST-00112,2026-03-05,REGULAR-COLOMBIA-RETAIL,2,14.0,28.0
ORD-001431,WCUST-00112,2026-03-26,REGULAR-COLOMBIA-WHOLESALE,3,84.0,252.0
ORD-001432,WCUST-00112,2026-04-16,REGULAR-GUATEMALA-WHOLESALE,5,84.0,420.0
ORD-001433,WCUST-00112,2026-05-20,REGULAR-BLEND-WHOLESALE,5,84.0,420.0
ORD-001434,WCUST-00112,2026-06-21,REGULAR-BLEND-WHOLESALE,5,84.0,420.0
ORD-001435,WCUST-00112,2026-07-16,REGULAR-BLEND-WHOLESALE,4,84.0,336.0
ORD-001436,WCUST-00112,2026-08-08,REGULAR-BLEND-WHOLESALE,3,84.0,252.0
ORD-001437,WCUST-00112,2026-08-31,REGULAR-COLOMBIA-WHOLESALE,3,84.0,252.0
ORD-001437,WCUST-00112,2026-08-31,REGULAR-BLEND-RETAIL,1,14.0,14.0
ORD-001438,WCUST-00113,2025-04-12,REGULAR-GUATEMALA-WHOLESALE,5,84.0,420.0
ORD-001439,WCUST-00113,2025-04-30,REGULAR-GUATEMALA-WHOLESALE,5,84.0,420.0
ORD-001439,WCUST-00113,2025-04-30,REGULAR-GUATEMALA-RETAIL,2,14.0,28.0
ORD-001440,WCUST-00113,2025-05-20,REGULAR-GUATEMALA-WHOLESALE,8,84.0,672.0
ORD-001441,WCUST-00113,2025-06-04,REGULAR-GUATEMALA-WHOLESALE,8,84.0,672.0
ORD-001441,WCUST-00113,2025-06-04,DECAF-BLEND-RETAIL,3,15.5,46.5
ORD-001442,WCUST-00113,2025-07-01,REGULAR-COLOMBIA-WHOLESALE,5,84.0,420.0
ORD-001443,WCUST-00113,2025-07-18,DECAF-BLEND-WHOLESALE,4,93.0,372.0
ORD-001444,WCUST-00113,2025-08-09,REGULAR-PERU-WHOLESALE,5,84.0,420.0
ORD-001445,WCUST-00113,2025-08-27,REGULAR-GUATEMALA-WHOLESALE,4,84.0,336.0
ORD-001446,WCUST-00113,2025-09-12,REGULAR-PERU-WHOLESALE,5,84.0,420.0
ORD-001447,WCUST-00113,2025-09-28,REGULAR-PERU-WHOLESALE,3,84.0,252.0
ORD-001448,WCUST-00113,2025-10-19,REGULAR-PERU-WHOLESALE,7,84.0,588.0
ORD-001449,WCUST-00113,2025-11-05,REGULAR-BLEND-WHOLESALE,3,84.0,252.0
ORD-001450,WCUST-00113,2025-11-24,REGULAR-BLEND-WHOLESALE,4,84.0,336.0
ORD-001451,WCUST-00113,2025-12-10,REGULAR-BLEND-WHOLESALE,5,84.0,420.0
ORD-001452,WCUST-00113,2025-12-28,DECAF-PERU-WHOLESALE,3,93.0,279.0
ORD-001453,WCUST-00113,2026-01-14,REGULAR-PERU-WHOLESALE,3,84.0,252.0
ORD-001454,WCUST-00113,2026-01-29,REGULAR-PERU-WHOLESALE,3,84.0,252.0
ORD-001455,WCUST-00113,2026-02-14,REGULAR-PERU-WHOLESALE,5,84.0,420.0
ORD-001456,WCUST-00113,2026-03-09,REGULAR-COLOMBIA-WHOLESALE,4,84.0,336.0
ORD-001456,WCUST-00113,2026-03-09,DECAF-COLOMBIA-RETAIL,1,15.5,15.5
ORD-001457,WCUST-00113,2026-03-30,REGULAR-GUATEMALA-WHOLESALE,4,84.0,336.0
ORD-001457,WCUST-00113,2026-03-30,DECAF-COLOMBIA-RETAIL,3,15.5,46.5
ORD-001458,WCUST-00113,2026-04-25,REGULAR-GUATEMALA-WHOLESALE,5,84.0,420.0
ORD-001459,WCUST-00113,2026-05-14,REGULAR-BLEND-WHOLESALE,8,84.0,672.0
ORD-001460,WCUST-00113,2026-06-01,DECAF-COLOMBIA-WHOLESALE,8,93.0,744.0
ORD-001461,WCUST-00113,2026-06-21,REGULAR-BLEND-WHOLESALE,8,84.0,672.0
ORD-001461,WCUST-00113,2026-06-21,REGULAR-BLEND-RETAIL,3,14.0,42.0
ORD-001462,WCUST-00113,2026-07-14,REGULAR-BLEND-WHOLESALE,7,84.0,588.0
ORD-001462,WCUST-00113,2026-07-14,REGULAR-COLOMBIA-RETAIL,3,14.0,42.0
ORD-001463,WCUST-00113,2026-08-07,REGULAR-COLOMBIA-WHOLESALE,7,84.0,588.0
ORD-001464,WCUST-00113,2026-09-03,DECAF-BLEND-WHOLESALE,6,93.0,558.0
ORD-001465,WCUST-00116,2024-08-02,REGULAR-BLEND-WHOLESALE,4,84.0,336.0
ORD-001466,WCUST-00116,2024-08-21,REGULAR-BLEND-WHOLESALE,6,84.0,504.0
ORD-001467,WCUST-00116,2024-09-16,REGULAR-BLEND-WHOLESALE,3,84.0,252.0
ORD-001468,WCUST-00116,2024-10-11,REGULAR-GUATEMALA-WHOLESALE,4,84.0,336.0
ORD-001469,WCUST-00116,2024-10-28,DECAF-GUATEMALA-WHOLESALE,6,93.0,558.0
ORD-001470,WCUST-00116,2024-11-13,REGULAR-GUATEMALA-WHOLESALE,8,84.0,672.0
ORD-001470,WCUST-00116,2024-11-13,DECAF-PERU-RETAIL,3,15.5,46.5
ORD-001471,WCUST-00116,2024-12-07,REGULAR-GUATEMALA-WHOLESALE,7,84.0,588.0
ORD-001472,WCUST-00116,2024-12-28,REGULAR-GUATEMALA-WHOLESALE,6,84.0,504.0
ORD-001473,WCUST-00116,2025-01-18,REGULAR-GUATEMALA-WHOLESALE,3,84.0,252.0
ORD-001474,WCUST-00116,2025-02-14,REGULAR-GUATEMALA-WHOLESALE,8,84.0,672.0
ORD-001475,WCUST-00116,2025-03-03,REGULAR-COLOMBIA-WHOLESALE,4,84.0,336.0
ORD-001476,WCUST-00116,2025-03-23,REGULAR-GUATEMALA-WHOLESALE,7,84.0,588.0
ORD-001477,WCUST-00116,2025-04-12,REGULAR-GUATEMALA-WHOLESALE,7,84.0,588.0
ORD-001478,WCUST-00116,2025-04-28,REGULAR-GUATEMALA-WHOLESALE,3,84.0,252.0
ORD-001478,WCUST-00116,2025-04-28,REGULAR-GUATEMALA-RETAIL,1,14.0,14.0
ORD-001479,WCUST-00116,2025-05-17,REGULAR-GUATEMALA-WHOLESALE,8,84.0,672.0
ORD-001480,WCUST-00116,2025-06-11,REGULAR-GUATEMALA-WHOLESALE,3,84.0,252.0
ORD-001481,WCUST-00116,2025-06-27,REGULAR-GUATEMALA-WHOLESALE,6,84.0,504.0
ORD-001482,WCUST-00116,2025-07-12,DECAF-BLEND-WHOLESALE,4,93.0,372.0
ORD-001483,WCUST-00116,2025-08-05,REGULAR-GUATEMALA-WHOLESALE,6,84.0,504.0
ORD-001484,WCUST-00116,2025-08-20,REGULAR-PERU-WHOLESALE,8,84.0,672.0
ORD-001485,WCUST-00116,2025-09-15,REGULAR-PERU-WHOLESALE,5,84.0,420.0
ORD-001486,WCUST-00116,2025-10-03,REGULAR-PERU-WHOLESALE,6,84.0,504.0
ORD-001487,WCUST-00116,2025-10-18,REGULAR-PERU-WHOLESALE,6,84.0,504.0
ORD-001488,WCUST-00116,2025-11-10,REGULAR-BLEND-WHOLESALE,5,84.0,420.0
ORD-001489,WCUST-00116,2025-12-05,REGULAR-BLEND-WHOLESALE,5,84.0,420.0
ORD-001490,WCUST-00116,2025-12-26,REGULAR-BLEND-WHOLESALE,5,84.0,420.0
ORD-001491,WCUST-00116,2026-01-13,DECAF-PERU-WHOLESALE,3,93.0,279.0
ORD-001492,WCUST-00116,2026-01-30,REGULAR-PERU-WHOLESALE,7,84.0,588.0
ORD-001493,WCUST-00116,2026-02-17,REGULAR-BLEND-WHOLESALE,3,84.0,252.0
ORD-001493,WCUST-00116,2026-02-17,REGULAR-BLEND-RETAIL,3,14.0,42.0
ORD-001494,WCUST-00116,2026-03-10,DECAF-COLOMBIA-WHOLESALE,7,93.0,651.0
ORD-001495,WCUST-00116,2026-03-29,REGULAR-COLOMBIA-WHOLESALE,3,84.0,252.0
ORD-001496,WCUST-00116,2026-04-20,REGULAR-GUATEMALA-WHOLESALE,5,84.0,420.0
ORD-001496,WCUST-00116,2026-04-20,REGULAR-GUATEMALA-RETAIL,2,14.0,28.0
ORD-001497,WCUST-00116,2026-05-10,REGULAR-BLEND-WHOLESALE,8,84.0,672.0
ORD-001498,WCUST-00116,2026-06-01,REGULAR-BLEND-WHOLESALE,4,84.0,336.0
ORD-001498,WCUST-00116,2026-06-01,REGULAR-BLEND-RETAIL,3,14.0,42.0
ORD-001499,WCUST-00116,2026-06-18,DECAF-COLOMBIA-WHOLESALE,7,93.0,651.0
ORD-001500,WCUST-00116,2026-07-12,REGULAR-COLOMBIA-WHOLESALE,4,84.0,336.0
ORD-001500,WCUST-00116,2026-07-12,REGULAR-BLEND-RETAIL,2,14.0,28.0
ORD-001501,WCUST-00116,2026-08-08,REGULAR-COLOMBIA-WHOLESALE,6,84.0,504.0
ORD-001502,WCUST-00116,2026-08-31,REGULAR-COLOMBIA-WHOLESALE,3,84.0,252.0
ORD-001503,WCUST-00117,2026-05-16,REGULAR-BLEND-WHOLESALE,4,84.0,336.0
ORD-001504,WCUST-00117,2026-06-10,REGULAR-BLEND-WHOLESALE,3,84.0,252.0
ORD-001505,WCUST-00117,2026-07-03,REGULAR-COLOMBIA-WHOLESALE,3,84.0,252.0
ORD-001506,WCUST-00117,2026-08-01,REGULAR-BLEND-WHOLESALE,4,84.0,336.0
ORD-001507,WCUST-00117,2026-08-30,REGULAR-BLEND-WHOLESALE,4,84.0,336.0
ORD-001508,WCUST-00118,2025-12-11,DECAF-PERU-WHOLESALE,9,93.0,837.0
ORD-001508,WCUST-00118,2025-12-11,REGULAR-GUATEMALA-RETAIL,2,14.0,28.0
ORD-001509,WCUST-00118,2026-01-15,REGULAR-BLEND-WHOLESALE,6,84.0,504.0
ORD-001510,WCUST-00118,2026-02-12,DECAF-COLOMBIA-WHOLESALE,9,93.0,837.0
ORD-001510,WCUST-00118,2026-02-12,REGULAR-PERU-RETAIL,2,14.0,28.0
ORD-001511,WCUST-00118,2026-03-17,REGULAR-COLOMBIA-WHOLESALE,5,84.0,420.0
ORD-001512,WCUST-00118,2026-04-14,DECAF-COLOMBIA-WHOLESALE,5,93.0,465.0
ORD-001513,WCUST-00118,2026-05-21,REGULAR-BLEND-WHOLESALE,9,84.0,756.0
ORD-001513,WCUST-00118,2026-05-21,REGULAR-BLEND-RETAIL,3,14.0,42.0
ORD-001514,WCUST-00118,2026-06-26,REGULAR-BLEND-WHOLESALE,9,84.0,756.0
ORD-001515,WCUST-00118,2026-07-22,REGULAR-BLEND-WHOLESALE,6,84.0,504.0
ORD-001516,WCUST-00118,2026-08-20,REGULAR-BLEND-WHOLESALE,8,84.0,672.0
ORD-001516,WCUST-00118,2026-08-20,REGULAR-COLOMBIA-RETAIL,1,14.0,14.0
ORD-001517,WCUST-00119,2025-04-06,REGULAR-GUATEMALA-WHOLESALE,5,84.0,420.0
ORD-001518,WCUST-00119,2025-05-07,REGULAR-GUATEMALA-WHOLESALE,5,84.0,420.0
ORD-001518,WCUST-00119,2025-05-07,REGULAR-GUATEMALA-RETAIL,1,14.0,14.0
ORD-001519,WCUST-00119,2025-06-01,REGULAR-GUATEMALA-WHOLESALE,2,84.0,168.0
ORD-001520,WCUST-00119,2025-06-22,REGULAR-GUATEMALA-WHOLESALE,3,84.0,252.0
ORD-001521,WCUST-00119,2025-07-27,REGULAR-COLOMBIA-WHOLESALE,3,84.0,252.0
ORD-001522,WCUST-00119,2025-08-30,DECAF-GUATEMALA-WHOLESALE,5,93.0,465.0
ORD-001523,WCUST-00119,2025-09-27,REGULAR-GUATEMALA-WHOLESALE,5,84.0,420.0
ORD-001524,WCUST-00119,2025-10-18,DECAF-GUATEMALA-WHOLESALE,3,93.0,279.0
ORD-001525,WCUST-00119,2025-11-12,DECAF-PERU-WHOLESALE,4,93.0,372.0
ORD-001526,WCUST-00119,2025-12-08,REGULAR-BLEND-WHOLESALE,4,84.0,336.0
ORD-001527,WCUST-00119,2025-12-30,DECAF-PERU-WHOLESALE,2,93.0,186.0
ORD-001527,WCUST-00119,2025-12-30,DECAF-PERU-RETAIL,2,15.5,31.0
ORD-001528,WCUST-00119,2026-02-03,DECAF-COLOMBIA-WHOLESALE,4,93.0,372.0
ORD-001528,WCUST-00119,2026-02-03,REGULAR-PERU-RETAIL,2,14.0,28.0
ORD-001529,WCUST-00119,2026-02-27,REGULAR-PERU-WHOLESALE,5,84.0,420.0
ORD-001530,WCUST-00119,2026-03-21,REGULAR-GUATEMALA-WHOLESALE,2,84.0,168.0
ORD-001531,WCUST-00119,2026-04-21,REGULAR-GUATEMALA-WHOLESALE,5,84.0,420.0
ORD-001531,WCUST-00119,2026-04-21,REGULAR-GUATEMALA-RETAIL,1,14.0,14.0
ORD-001532,WCUST-00119,2026-05-24,REGULAR-BLEND-WHOLESALE,2,84.0,168.0
ORD-001533,WCUST-00119,2026-06-21,REGULAR-BLEND-WHOLESALE,5,84.0,420.0
ORD-001534,WCUST-00119,2026-07-19,DECAF-COLOMBIA-WHOLESALE,3,93.0,279.0
ORD-001534,WCUST-00119,2026-07-19,REGULAR-COLOMBIA-RETAIL,1,14.0,14.0
ORD-001535,WCUST-00119,2026-08-24,REGULAR-COLOMBIA-WHOLESALE,3,84.0,252.0
ORD-001536,WCUST-00120,2025-10-19,REGULAR-PERU-WHOLESALE,4,84.0,336.0
ORD-001537,WCUST-00120,2025-11-20,REGULAR-GUATEMALA-WHOLESALE,5,84.0,420.0
ORD-001538,WCUST-00120,2025-12-24,REGULAR-BLEND-WHOLESALE,4,84.0,336.0
ORD-001539,WCUST-00120,2026-01-24,REGULAR-PERU-WHOLESALE,2,84.0,168.0
ORD-001540,WCUST-00120,2026-02-14,DECAF-COLOMBIA-WHOLESALE,4,93.0,372.0
ORD-001541,WCUST-00123,2025-04-10,REGULAR-GUATEMALA-WHOLESALE,4,84.0,336.0
ORD-001541,WCUST-00123,2025-04-10,REGULAR-GUATEMALA-RETAIL,1,14.0,14.0
ORD-001542,WCUST-00123,2025-05-05,REGULAR-GUATEMALA-WHOLESALE,6,84.0,504.0
ORD-001543,WCUST-00123,2025-05-30,REGULAR-GUATEMALA-WHOLESALE,8,84.0,672.0
ORD-001544,WCUST-00123,2025-06-16,DECAF-BLEND-WHOLESALE,8,93.0,744.0
ORD-001545,WCUST-00123,2025-07-06,REGULAR-COLOMBIA-WHOLESALE,5,84.0,420.0
ORD-001546,WCUST-00123,2025-07-25,REGULAR-COLOMBIA-WHOLESALE,6,84.0,504.0
ORD-001546,WCUST-00123,2025-07-25,REGULAR-COLOMBIA-RETAIL,2,14.0,28.0
ORD-001547,WCUST-00123,2025-08-14,REGULAR-PERU-WHOLESALE,8,84.0,672.0
ORD-001548,WCUST-00123,2025-09-08,REGULAR-PERU-WHOLESALE,5,84.0,420.0
ORD-001548,WCUST-00123,2025-09-08,REGULAR-PERU-RETAIL,2,14.0,28.0
ORD-001549,WCUST-00123,2025-09-29,REGULAR-PERU-WHOLESALE,6,84.0,504.0
ORD-001550,WCUST-00123,2025-10-18,REGULAR-PERU-WHOLESALE,4,84.0,336.0
ORD-001551,WCUST-00123,2025-11-06,REGULAR-BLEND-WHOLESALE,6,84.0,504.0
ORD-001551,WCUST-00123,2025-11-06,REGULAR-GUATEMALA-RETAIL,1,14.0,14.0
ORD-001552,WCUST-00123,2025-11-22,REGULAR-GUATEMALA-WHOLESALE,6,84.0,504.0
ORD-001553,WCUST-00123,2025-12-19,REGULAR-BLEND-WHOLESALE,3,84.0,252.0
ORD-001554,WCUST-00123,2026-01-03,REGULAR-BLEND-WHOLESALE,7,84.0,588.0
ORD-001555,WCUST-00123,2026-01-27,REGULAR-BLEND-WHOLESALE,4,84.0,336.0
ORD-001556,WCUST-00123,2026-02-12,REGULAR-PERU-WHOLESALE,7,84.0,588.0
ORD-001557,WCUST-00123,2026-03-06,REGULAR-COLOMBIA-WHOLESALE,5,84.0,420.0
ORD-001558,WCUST-00123,2026-03-31,REGULAR-COLOMBIA-WHOLESALE,8,84.0,672.0
ORD-001559,WCUST-00123,2026-04-16,REGULAR-GUATEMALA-WHOLESALE,5,84.0,420.0
ORD-001560,WCUST-00123,2026-05-07,REGULAR-BLEND-WHOLESALE,5,84.0,420.0
ORD-001560,WCUST-00123,2026-05-07,REGULAR-BLEND-RETAIL,2,14.0,28.0
ORD-001561,WCUST-00123,2026-05-31,REGULAR-BLEND-WHOLESALE,5,84.0,420.0
ORD-001562,WCUST-00123,2026-06-15,DECAF-COLOMBIA-WHOLESALE,3,93.0,279.0
ORD-001563,WCUST-00123,2026-07-05,REGULAR-BLEND-WHOLESALE,7,84.0,588.0
ORD-001564,WCUST-00123,2026-07-25,REGULAR-COLOMBIA-WHOLESALE,3,84.0,252.0
ORD-001565,WCUST-00123,2026-08-19,REGULAR-BLEND-WHOLESALE,7,84.0,588.0
ORD-001566,WCUST-00123,2026-09-03,REGULAR-BLEND-WHOLESALE,4,84.0,336.0
ORD-001567,WCUST-00124,2025-09-09,REGULAR-GUATEMALA-WHOLESALE,4,84.0,336.0
ORD-001568,WCUST-00124,2025-10-03,REGULAR-PERU-WHOLESALE,6,84.0,504.0
ORD-001569,WCUST-00124,2025-10-18,REGULAR-GUATEMALA-WHOLESALE,4,84.0,336.0
ORD-001570,WCUST-00124,2025-11-07,REGULAR-BLEND-WHOLESALE,5,84.0,420.0
ORD-001571,WCUST-00124,2025-12-01,DECAF-PERU-WHOLESALE,5,93.0,465.0
ORD-001572,WCUST-00124,2025-12-27,REGULAR-BLEND-WHOLESALE,7,84.0,588.0
ORD-001573,WCUST-00124,2026-01-15,REGULAR-PERU-WHOLESALE,6,84.0,504.0
ORD-001574,WCUST-00124,2026-02-06,REGULAR-PERU-WHOLESALE,7,84.0,588.0
ORD-001574,WCUST-00124,2026-02-06,REGULAR-BLEND-RETAIL,2,14.0,28.0
ORD-001575,WCUST-00124,2026-03-05,REGULAR-COLOMBIA-WHOLESALE,4,84.0,336.0
ORD-001575,WCUST-00124,2026-03-05,DECAF-COLOMBIA-RETAIL,1,15.5,15.5
ORD-001576,WCUST-00124,2026-03-22,DECAF-COLOMBIA-WHOLESALE,7,93.0,651.0
ORD-001577,WCUST-00124,2026-04-17,REGULAR-GUATEMALA-WHOLESALE,3,84.0,252.0
ORD-001577,WCUST-00124,2026-04-17,REGULAR-GUATEMALA-RETAIL,3,14.0,42.0
ORD-001578,WCUST-00124,2026-05-08,REGULAR-BLEND-WHOLESALE,5,84.0,420.0
ORD-001579,WCUST-00124,2026-06-02,DECAF-COLOMBIA-WHOLESALE,4,93.0,372.0
ORD-001580,WCUST-00125,2025-12-26,REGULAR-GUATEMALA-WHOLESALE,3,84.0,252.0
ORD-001581,WCUST-00125,2026-01-25,REGULAR-BLEND-WHOLESALE,5,84.0,420.0
ORD-001582,WCUST-00125,2026-03-02,REGULAR-GUATEMALA-WHOLESALE,5,84.0,420.0
ORD-001583,WCUST-00125,2026-04-07,DECAF-COLOMBIA-WHOLESALE,5,93.0,465.0
ORD-001584,WCUST-00125,2026-05-01,REGULAR-BLEND-WHOLESALE,4,84.0,336.0
ORD-001585,WCUST-00125,2026-06-02,REGULAR-BLEND-WHOLESALE,5,84.0,420.0
ORD-001586,WCUST-00125,2026-06-28,REGULAR-BLEND-WHOLESALE,5,84.0,420.0
ORD-001587,WCUST-00125,2026-07-30,REGULAR-COLOMBIA-WHOLESALE,4,84.0,336.0
ORD-001588,WCUST-00125,2026-08-26,REGULAR-BLEND-WHOLESALE,2,84.0,168.0
ORD-001588,WCUST-00125,2026-08-26,REGULAR-BLEND-RETAIL,2,14.0,28.0
ORD-001589,WCUST-00126,2024-06-16,REGULAR-BLEND-WHOLESALE,2,84.0,168.0
ORD-001590,WCUST-00126,2024-08-23,REGULAR-PERU-WHOLESALE,3,84.0,252.0
ORD-001591,WCUST-00126,2024-10-28,REGULAR-GUATEMALA-WHOLESALE,3,84.0,252.0
ORD-001592,WCUST-00126,2024-12-23,REGULAR-GUATEMALA-WHOLESALE,1,84.0,84.0
ORD-001593,WCUST-00126,2025-02-21,REGULAR-COLOMBIA-WHOLESALE,1,84.0,84.0
ORD-001594,WCUST-00126,2025-04-12,REGULAR-GUATEMALA-WHOLESALE,2,84.0,168.0
ORD-001594,WCUST-00126,2025-04-12,REGULAR-GUATEMALA-RETAIL,3,14.0,42.0
ORD-001595,WCUST-00126,2025-06-12,REGULAR-GUATEMALA-WHOLESALE,3,84.0,252.0
ORD-001596,WCUST-00126,2025-08-07,REGULAR-GUATEMALA-WHOLESALE,3,84.0,252.0
ORD-001597,WCUST-00126,2025-09-16,REGULAR-GUATEMALA-WHOLESALE,2,84.0,168.0
ORD-001598,WCUST-00126,2025-11-11,REGULAR-GUATEMALA-WHOLESALE,2,84.0,168.0
ORD-001599,WCUST-00126,2025-12-22,REGULAR-GUATEMALA-WHOLESALE,3,84.0,252.0
ORD-001599,WCUST-00126,2025-12-22,DECAF-PERU-RETAIL,2,15.5,31.0
ORD-001600,WCUST-00126,2026-02-04,REGULAR-BLEND-WHOLESALE,3,84.0,252.0
ORD-001601,WCUST-00126,2026-03-30,REGULAR-GUATEMALA-WHOLESALE,3,84.0,252.0
ORD-001602,WCUST-00126,2026-05-30,REGULAR-BLEND-WHOLESALE,1,84.0,84.0
ORD-001603,WCUST-00126,2026-07-19,REGULAR-COLOMBIA-WHOLESALE,1,84.0,84.0
ORD-001604,WCUST-00126,2026-09-03,REGULAR-BLEND-WHOLESALE,1,84.0,84.0
ORD-001605,WCUST-00127,2024-01-29,REGULAR-GUATEMALA-WHOLESALE,3,84.0,252.0
ORD-001606,WCUST-00127,2024-02-24,REGULAR-COLOMBIA-WHOLESALE,7,84.0,588.0
ORD-001607,WCUST-00127,2024-03-10,REGULAR-COLOMBIA-WHOLESALE,4,84.0,336.0
ORD-001608,WCUST-00127,2024-03-27,REGULAR-COLOMBIA-WHOLESALE,4,84.0,336.0
ORD-001608,WCUST-00127,2024-03-27,DECAF-COLOMBIA-RETAIL,3,15.5,46.5
ORD-001609,WCUST-00127,2024-04-22,DECAF-GUATEMALA-WHOLESALE,5,93.0,465.0
ORD-001610,WCUST-00127,2024-05-14,REGULAR-BLEND-WHOLESALE,3,84.0,252.0
ORD-001610,WCUST-00127,2024-05-14,REGULAR-BLEND-RETAIL,2,14.0,28.0
ORD-001611,WCUST-00127,2024-06-05,REGULAR-BLEND-WHOLESALE,4,84.0,336.0
ORD-001611,WCUST-00127,2024-06-05,REGULAR-BLEND-RETAIL,2,14.0,28.0
ORD-001612,WCUST-00127,2024-06-28,REGULAR-BLEND-WHOLESALE,8,84.0,672.0
ORD-001612,WCUST-00127,2024-06-28,REGULAR-BLEND-RETAIL,2,14.0,28.0
ORD-001613,WCUST-00127,2024-07-24,REGULAR-BLEND-WHOLESALE,5,84.0,420.0
ORD-001614,WCUST-00127,2024-08-13,REGULAR-BLEND-WHOLESALE,3,84.0,252.0
ORD-001615,WCUST-00127,2024-09-03,REGULAR-PERU-WHOLESALE,7,84.0,588.0
ORD-001616,WCUST-00127,2024-09-30,DECAF-GUATEMALA-WHOLESALE,3,93.0,279.0
ORD-001617,WCUST-00127,2024-10-16,REGULAR-GUATEMALA-WHOLESALE,8,84.0,672.0
ORD-001618,WCUST-00127,2024-10-31,REGULAR-GUATEMALA-WHOLESALE,7,84.0,588.0
ORD-001619,WCUST-00127,2024-11-15,REGULAR-GUATEMALA-WHOLESALE,6,84.0,504.0
ORD-001619,WCUST-00127,2024-11-15,REGULAR-GUATEMALA-RETAIL,2,14.0,28.0
ORD-001620,WCUST-00127,2024-12-06,REGULAR-GUATEMALA-WHOLESALE,4,84.0,336.0
ORD-001621,WCUST-00127,2024-12-29,REGULAR-GUATEMALA-WHOLESALE,7,84.0,588.0
ORD-001622,WCUST-00127,2025-01-25,REGULAR-GUATEMALA-WHOLESALE,5,84.0,420.0
ORD-001623,WCUST-00127,2025-02-21,REGULAR-COLOMBIA-WHOLESALE,5,84.0,420.0
ORD-001623,WCUST-00127,2025-02-21,REGULAR-COLOMBIA-RETAIL,3,14.0,42.0
ORD-001624,WCUST-00127,2025-03-13,DECAF-BLEND-WHOLESALE,4,93.0,372.0
ORD-001625,WCUST-00127,2025-04-02,REGULAR-GUATEMALA-WHOLESALE,6,84.0,504.0
ORD-001626,WCUST-00127,2025-04-19,DECAF-BLEND-WHOLESALE,5,93.0,465.0
ORD-001627,WCUST-00127,2025-05-07,REGULAR-GUATEMALA-WHOLESALE,7,84.0,588.0
ORD-001628,WCUST-00127,2025-05-25,REGULAR-GUATEMALA-WHOLESALE,4,84.0,336.0
ORD-001629,WCUST-00127,2025-06-15,REGULAR-GUATEMALA-WHOLESALE,6,84.0,504.0
ORD-001630,WCUST-00127,2025-07-11,DECAF-BLEND-WHOLESALE,4,93.0,372.0
ORD-001630,WCUST-00127,2025-07-11,REGULAR-COLOMBIA-RETAIL,3,14.0,42.0
ORD-001631,WCUST-00127,2025-07-30,DECAF-BLEND-WHOLESALE,5,93.0,465.0
ORD-001632,WCUST-00127,2025-08-15,REGULAR-GUATEMALA-WHOLESALE,7,84.0,588.0
ORD-001633,WCUST-00127,2025-09-11,REGULAR-GUATEMALA-WHOLESALE,3,84.0,252.0
ORD-001634,WCUST-00127,2025-10-06,REGULAR-PERU-WHOLESALE,3,84.0,252.0
ORD-001635,WCUST-00127,2025-10-28,REGULAR-GUATEMALA-WHOLESALE,7,84.0,588.0
ORD-001636,WCUST-00127,2025-11-14,REGULAR-BLEND-WHOLESALE,4,84.0,336.0
ORD-001636,WCUST-00127,2025-11-14,REGULAR-GUATEMALA-RETAIL,3,14.0,42.0
ORD-001637,WCUST-00127,2025-12-11,REGULAR-BLEND-WHOLESALE,3,84.0,252.0
ORD-001638,WCUST-00127,2026-01-05,REGULAR-PERU-WHOLESALE,5,84.0,420.0
ORD-001639,WCUST-00127,2026-01-20,DECAF-PERU-WHOLESALE,7,93.0,651.0
ORD-001640,WCUST-00127,2026-02-07,REGULAR-BLEND-WHOLESALE,7,84.0,588.0
ORD-001641,WCUST-00127,2026-02-27,REGULAR-BLEND-WHOLESALE,7,84.0,588.0
ORD-001642,WCUST-00127,2026-03-25,DECAF-COLOMBIA-WHOLESALE,8,93.0,744.0
ORD-001643,WCUST-00127,2026-04-12,REGULAR-GUATEMALA-WHOLESALE,3,84.0,252.0
ORD-001643,WCUST-00127,2026-04-12,REGULAR-GUATEMALA-RETAIL,1,14.0,14.0
ORD-001644,WCUST-00127,2026-05-05,REGULAR-BLEND-WHOLESALE,6,84.0,504.0
ORD-001644,WCUST-00127,2026-05-05,REGULAR-BLEND-RETAIL,3,14.0,42.0
ORD-001645,WCUST-00127,2026-05-31,REGULAR-BLEND-WHOLESALE,3,84.0,252.0
ORD-001646,WCUST-00127,2026-06-18,REGULAR-BLEND-WHOLESALE,5,84.0,420.0
ORD-001647,WCUST-00127,2026-07-03,REGULAR-COLOMBIA-WHOLESALE,6,84.0,504.0
ORD-001647,WCUST-00127,2026-07-03,REGULAR-COLOMBIA-RETAIL,1,14.0,14.0
ORD-001648,WCUST-00127,2026-07-23,REGULAR-COLOMBIA-WHOLESALE,4,84.0,336.0
ORD-001649,WCUST-00127,2026-08-15,DECAF-BLEND-WHOLESALE,7,93.0,651.0
ORD-001649,WCUST-00127,2026-08-15,REGULAR-COLOMBIA-RETAIL,3,14.0,42.0
ORD-001650,WCUST-00127,2026-08-31,REGULAR-BLEND-WHOLESALE,3,84.0,252.0
ORD-001651,WCUST-00129,2025-04-10,REGULAR-GUATEMALA-WHOLESALE,7,84.0,588.0
ORD-001652,WCUST-00129,2025-04-26,REGULAR-GUATEMALA-WHOLESALE,3,84.0,252.0
ORD-001653,WCUST-00129,2025-05-11,REGULAR-GUATEMALA-WHOLESALE,8,84.0,672.0
ORD-001654,WCUST-00129,2025-05-28,REGULAR-GUATEMALA-WHOLESALE,3,84.0,252.0
ORD-001655,WCUST-00129,2025-06-24,REGULAR-GUATEMALA-WHOLESALE,7,84.0,588.0
ORD-001656,WCUST-00129,2025-07-16,DECAF-BLEND-WHOLESALE,4,93.0,372.0
ORD-001657,WCUST-00129,2025-08-07,REGULAR-GUATEMALA-WHOLESALE,8,84.0,672.0
ORD-001657,WCUST-00129,2025-08-07,REGULAR-GUATEMALA-RETAIL,3,14.0,42.0
ORD-001658,WCUST-00129,2025-09-01,REGULAR-GUATEMALA-WHOLESALE,3,84.0,252.0
ORD-001659,WCUST-00129,2025-09-25,REGULAR-PERU-WHOLESALE,4,84.0,336.0
ORD-001659,WCUST-00129,2025-09-25,DECAF-GUATEMALA-RETAIL,2,15.5,31.0
ORD-001660,WCUST-00129,2025-10-16,REGULAR-PERU-WHOLESALE,3,84.0,252.0
ORD-001661,WCUST-00129,2025-11-06,REGULAR-BLEND-WHOLESALE,6,84.0,504.0
ORD-001662,WCUST-00129,2025-12-02,REGULAR-BLEND-WHOLESALE,4,84.0,336.0
ORD-001663,WCUST-00129,2025-12-23,REGULAR-GUATEMALA-WHOLESALE,4,84.0,336.0
ORD-001664,WCUST-00129,2026-01-18,REGULAR-PERU-WHOLESALE,4,84.0,336.0
ORD-001665,WCUST-00129,2026-02-07,REGULAR-PERU-WHOLESALE,5,84.0,420.0
ORD-001666,WCUST-00129,2026-03-01,REGULAR-COLOMBIA-WHOLESALE,6,84.0,504.0
ORD-001667,WCUST-00129,2026-03-20,REGULAR-COLOMBIA-WHOLESALE,4,84.0,336.0
ORD-001668,WCUST-00129,2026-04-11,REGULAR-GUATEMALA-WHOLESALE,4,84.0,336.0
ORD-001669,WCUST-00129,2026-05-05,REGULAR-BLEND-WHOLESALE,8,84.0,672.0
ORD-001670,WCUST-00129,2026-05-31,DECAF-PERU-WHOLESALE,7,93.0,651.0
ORD-001671,WCUST-00129,2026-06-15,REGULAR-BLEND-WHOLESALE,7,84.0,588.0
ORD-001672,WCUST-00129,2026-07-09,REGULAR-BLEND-WHOLESALE,5,84.0,420.0
ORD-001673,WCUST-00129,2026-08-04,REGULAR-COLOMBIA-WHOLESALE,8,84.0,672.0
ORD-001673,WCUST-00129,2026-08-04,REGULAR-COLOMBIA-RETAIL,3,14.0,42.0
ORD-001674,WCUST-00129,2026-08-25,REGULAR-COLOMBIA-WHOLESALE,3,84.0,252.0
ORD-001675,WCUST-00130,2026-06-30,DECAF-COLOMBIA-WHOLESALE,5,93.0,465.0
ORD-001676,WCUST-00130,2026-07-19,REGULAR-BLEND-WHOLESALE,7,84.0,588.0
ORD-001677,WCUST-00130,2026-08-10,DECAF-BLEND-WHOLESALE,6,93.0,558.0
ORD-001678,WCUST-00130,2026-09-01,REGULAR-BLEND-WHOLESALE,4,84.0,336.0
ORD-001679,WCUST-00131,2026-08-04,REGULAR-BLEND-WHOLESALE,3,84.0,252.0
ORD-001680,WCUST-00131,2026-09-03,REGULAR-COLOMBIA-WHOLESALE,2,84.0,168.0
ORD-001681,WCUST-00132,2026-09-09,REGULAR-COLOMBIA-WHOLESALE,8,84.0,672.0
ORD-001681,WCUST-00132,2026-09-09,REGULAR-COLOMBIA-RETAIL,2,14.0,28.0
ORD-001682,WCUST-00134,2026-06-25,REGULAR-BLEND-WHOLESALE,7,84.0,588.0
ORD-001683,WCUST-00134,2026-07-22,REGULAR-COLOMBIA-WHOLESALE,6,84.0,504.0
ORD-001683,WCUST-00134,2026-07-22,REGULAR-BLEND-RETAIL,2,14.0,28.0
ORD-001684,WCUST-00135,2026-04-11,REGULAR-GUATEMALA-WHOLESALE,5,84.0,420.0
ORD-001685,WCUST-00135,2026-05-20,REGULAR-BLEND-WHOLESALE,4,84.0,336.0
ORD-001685,WCUST-00135,2026-05-20,REGULAR-BLEND-RETAIL,1,14.0,14.0
ORD-001686,WCUST-00135,2026-06-23,REGULAR-BLEND-WHOLESALE,5,84.0,420.0
ORD-001687,WCUST-00135,2026-07-23,REGULAR-COLOMBIA-WHOLESALE,10,84.0,840.0
ORD-001688,WCUST-00135,2026-08-28,REGULAR-BLEND-WHOLESALE,9,84.0,756.0
ORD-001689,WCUST-00136,2025-11-29,REGULAR-GUATEMALA-WHOLESALE,5,84.0,420.0
ORD-001690,WCUST-00136,2025-12-26,REGULAR-BLEND-WHOLESALE,4,84.0,336.0
ORD-001691,WCUST-00136,2026-01-10,REGULAR-BLEND-WHOLESALE,6,84.0,504.0
ORD-001692,WCUST-00136,2026-01-26,DECAF-PERU-WHOLESALE,8,93.0,744.0
ORD-001693,WCUST-00136,2026-02-22,REGULAR-BLEND-WHOLESALE,3,84.0,252.0
ORD-001693,WCUST-00136,2026-02-22,REGULAR-BLEND-RETAIL,2,14.0,28.0
ORD-001694,WCUST-00136,2026-03-12,REGULAR-GUATEMALA-WHOLESALE,5,84.0,420.0
ORD-001694,WCUST-00136,2026-03-12,REGULAR-GUATEMALA-RETAIL,3,14.0,42.0
ORD-001695,WCUST-00136,2026-04-01,REGULAR-GUATEMALA-WHOLESALE,7,84.0,588.0
ORD-001696,WCUST-00136,2026-04-20,REGULAR-GUATEMALA-WHOLESALE,4,84.0,336.0
ORD-001697,WCUST-00136,2026-05-16,REGULAR-BLEND-WHOLESALE,5,84.0,420.0
ORD-001698,WCUST-00136,2026-06-03,DECAF-COLOMBIA-WHOLESALE,7,93.0,651.0
ORD-001699,WCUST-00136,2026-06-19,REGULAR-BLEND-WHOLESALE,6,84.0,504.0
ORD-001700,WCUST-00136,2026-07-04,REGULAR-COLOMBIA-WHOLESALE,7,84.0,588.0
ORD-001701,WCUST-00136,2026-07-25,DECAF-COLOMBIA-WHOLESALE,4,93.0,372.0
ORD-001702,WCUST-00136,2026-08-09,REGULAR-COLOMBIA-WHOLESALE,8,84.0,672.0
ORD-001703,WCUST-00136,2026-09-03,REGULAR-COLOMBIA-WHOLESALE,4,84.0,336.0
ORD-001704,WCUST-00138,2024-09-14,REGULAR-BLEND-WHOLESALE,5,84.0,420.0
ORD-001705,WCUST-00138,2024-10-10,REGULAR-GUATEMALA-WHOLESALE,4,84.0,336.0
ORD-001706,WCUST-00138,2024-11-05,REGULAR-GUATEMALA-WHOLESALE,8,84.0,672.0
ORD-001706,WCUST-00138,2024-11-05,REGULAR-GUATEMALA-RETAIL,3,14.0,42.0
ORD-001707,WCUST-00138,2024-11-30,REGULAR-GUATEMALA-WHOLESALE,5,84.0,420.0
ORD-001708,WCUST-00138,2024-12-15,REGULAR-GUATEMALA-WHOLESALE,5,84.0,420.0
ORD-001709,WCUST-00138,2025-01-05,REGULAR-GUATEMALA-WHOLESALE,7,84.0,588.0
ORD-001710,WCUST-00138,2025-01-30,REGULAR-GUATEMALA-WHOLESALE,3,84.0,252.0
ORD-001711,WCUST-00138,2025-02-24,REGULAR-GUATEMALA-WHOLESALE,7,84.0,588.0
ORD-001712,WCUST-00138,2025-03-15,REGULAR-COLOMBIA-WHOLESALE,4,84.0,336.0
ORD-001713,WCUST-00138,2025-04-11,DECAF-BLEND-WHOLESALE,6,93.0,558.0
ORD-001714,WCUST-00138,2025-04-27,REGULAR-GUATEMALA-WHOLESALE,3,84.0,252.0
ORD-001715,WCUST-00138,2025-05-15,REGULAR-GUATEMALA-WHOLESALE,4,84.0,336.0
ORD-001716,WCUST-00138,2025-05-30,REGULAR-GUATEMALA-WHOLESALE,6,84.0,504.0
ORD-001717,WCUST-00138,2025-06-25,REGULAR-GUATEMALA-WHOLESALE,8,84.0,672.0
ORD-001718,WCUST-00138,2025-07-19,REGULAR-COLOMBIA-WHOLESALE,8,84.0,672.0
ORD-001719,WCUST-00138,2025-08-09,REGULAR-PERU-WHOLESALE,8,84.0,672.0
ORD-001719,WCUST-00138,2025-08-09,REGULAR-GUATEMALA-RETAIL,3,14.0,42.0
ORD-001720,WCUST-00138,2025-09-05,DECAF-GUATEMALA-WHOLESALE,4,93.0,372.0
ORD-001721,WCUST-00138,2025-09-24,REGULAR-GUATEMALA-WHOLESALE,4,84.0,336.0
ORD-001722,WCUST-00138,2025-10-12,DECAF-GUATEMALA-WHOLESALE,8,93.0,744.0
ORD-001723,WCUST-00138,2025-11-01,REGULAR-BLEND-WHOLESALE,7,84.0,588.0
ORD-001724,WCUST-00138,2025-11-26,REGULAR-GUATEMALA-WHOLESALE,5,84.0,420.0
ORD-001725,WCUST-00138,2025-12-22,REGULAR-BLEND-WHOLESALE,6,84.0,504.0
ORD-001726,WCUST-00138,2026-01-10,REGULAR-BLEND-WHOLESALE,6,84.0,504.0
ORD-001727,WCUST-00138,2026-01-25,REGULAR-BLEND-WHOLESALE,4,84.0,336.0
ORD-001728,WCUST-00138,2026-02-15,REGULAR-PERU-WHOLESALE,8,84.0,672.0
ORD-001729,WCUST-00138,2026-03-02,REGULAR-GUATEMALA-WHOLESALE,7,84.0,588.0
ORD-001730,WCUST-00138,2026-03-17,REGULAR-COLOMBIA-WHOLESALE,3,84.0,252.0
ORD-001731,WCUST-00138,2026-04-03,REGULAR-GUATEMALA-WHOLESALE,7,84.0,588.0
ORD-001732,WCUST-00138,2026-04-22,REGULAR-GUATEMALA-WHOLESALE,3,84.0,252.0
ORD-001733,WCUST-00138,2026-05-08,REGULAR-BLEND-WHOLESALE,5,84.0,420.0
ORD-001734,WCUST-00138,2026-05-27,REGULAR-BLEND-WHOLESALE,3,84.0,252.0
ORD-001735,WCUST-00138,2026-06-11,DECAF-COLOMBIA-WHOLESALE,3,93.0,279.0
ORD-001736,WCUST-00138,2026-07-08,REGULAR-BLEND-WHOLESALE,3,84.0,252.0
ORD-001737,WCUST-00138,2026-07-31,REGULAR-BLEND-WHOLESALE,6,84.0,504.0
ORD-001738,WCUST-00138,2026-08-18,REGULAR-BLEND-WHOLESALE,3,84.0,252.0
ORD-001739,WCUST-00139,2024-11-13,REGULAR-GUATEMALA-WHOLESALE,5,84.0,420.0
ORD-001740,WCUST-00139,2024-12-07,REGULAR-GUATEMALA-WHOLESALE,3,84.0,252.0
ORD-001741,WCUST-00139,2025-01-08,REGULAR-GUATEMALA-WHOLESALE,2,84.0,168.0
ORD-001742,WCUST-00139,2025-02-04,REGULAR-GUATEMALA-WHOLESALE,4,84.0,336.0
ORD-001743,WCUST-00139,2025-02-28,REGULAR-COLOMBIA-WHOLESALE,4,84.0,336.0
ORD-001744,WCUST-00139,2025-03-27,REGULAR-COLOMBIA-WHOLESALE,5,84.0,420.0
ORD-001744,WCUST-00139,2025-03-27,REGULAR-COLOMBIA-RETAIL,2,14.0,28.0
ORD-001745,WCUST-00139,2025-04-26,REGULAR-GUATEMALA-WHOLESALE,3,84.0,252.0
ORD-001746,WCUST-00139,2025-05-29,REGULAR-GUATEMALA-WHOLESALE,3,84.0,252.0
ORD-001747,WCUST-00139,2025-06-26,REGULAR-GUATEMALA-WHOLESALE,2,84.0,168.0
ORD-001747,WCUST-00139,2025-06-26,REGULAR-GUATEMALA-RETAIL,1,14.0,14.0
ORD-001748,WCUST-00139,2025-07-20,REGULAR-COLOMBIA-WHOLESALE,2,84.0,168.0
ORD-001749,WCUST-00139,2025-08-09,REGULAR-GUATEMALA-WHOLESALE,5,84.0,420.0
ORD-001750,WCUST-00139,2025-09-11,REGULAR-GUATEMALA-WHOLESALE,3,84.0,252.0
ORD-001751,WCUST-00139,2025-10-09,REGULAR-GUATEMALA-WHOLESALE,3,84.0,252.0
ORD-001752,WCUST-00139,2025-11-07,REGULAR-GUATEMALA-WHOLESALE,4,84.0,336.0
ORD-001753,WCUST-00139,2025-11-29,REGULAR-GUATEMALA-WHOLESALE,2,84.0,168.0
ORD-001753,WCUST-00139,2025-11-29,REGULAR-GUATEMALA-RETAIL,3,14.0,42.0
ORD-001754,WCUST-00139,2025-12-30,REGULAR-BLEND-WHOLESALE,4,84.0,336.0
ORD-001755,WCUST-00139,2026-02-02,REGULAR-PERU-WHOLESALE,4,84.0,336.0
ORD-001756,WCUST-00139,2026-03-05,DECAF-COLOMBIA-WHOLESALE,5,93.0,465.0
ORD-001757,WCUST-00139,2026-04-05,REGULAR-GUATEMALA-WHOLESALE,3,84.0,252.0
ORD-001758,WCUST-00139,2026-05-06,REGULAR-BLEND-WHOLESALE,3,84.0,252.0
ORD-001759,WCUST-00139,2026-06-07,REGULAR-BLEND-WHOLESALE,3,84.0,252.0
ORD-001760,WCUST-00139,2026-07-01,REGULAR-COLOMBIA-WHOLESALE,5,84.0,420.0
ORD-001761,WCUST-00139,2026-08-01,REGULAR-BLEND-WHOLESALE,4,84.0,336.0
ORD-001762,WCUST-00139,2026-08-30,REGULAR-COLOMBIA-WHOLESALE,4,84.0,336.0
ORD-001763,WCUST-00140,2025-05-30,REGULAR-GUATEMALA-WHOLESALE,4,84.0,336.0
ORD-001764,WCUST-00140,2025-06-15,REGULAR-GUATEMALA-WHOLESALE,7,84.0,588.0
ORD-001765,WCUST-00140,2025-07-12,REGULAR-COLOMBIA-WHOLESALE,8,84.0,672.0
ORD-001766,WCUST-00140,2025-08-08,REGULAR-GUATEMALA-WHOLESALE,8,84.0,672.0
ORD-001766,WCUST-00140,2025-08-08,REGULAR-PERU-RETAIL,2,14.0,28.0
ORD-001767,WCUST-00140,2025-08-30,REGULAR-GUATEMALA-WHOLESALE,8,84.0,672.0
ORD-001768,WCUST-00140,2025-09-22,REGULAR-GUATEMALA-WHOLESALE,3,84.0,252.0
ORD-001769,WCUST-00140,2025-10-17,REGULAR-GUATEMALA-WHOLESALE,3,84.0,252.0
ORD-001770,WCUST-00140,2025-11-08,REGULAR-BLEND-WHOLESALE,5,84.0,420.0
ORD-001771,WCUST-00140,2025-12-05,REGULAR-GUATEMALA-WHOLESALE,6,84.0,504.0
ORD-001772,WCUST-00140,2025-12-21,REGULAR-GUATEMALA-WHOLESALE,5,84.0,420.0
ORD-001773,WCUST-00140,2026-01-12,REGULAR-BLEND-WHOLESALE,5,84.0,420.0
ORD-001774,WCUST-00140,2026-02-03,REGULAR-BLEND-WHOLESALE,5,84.0,420.0
ORD-001774,WCUST-00140,2026-02-03,REGULAR-PERU-RETAIL,3,14.0,42.0
ORD-001775,WCUST-00141,2023-12-14,REGULAR-GUATEMALA-WHOLESALE,4,84.0,336.0
ORD-001776,WCUST-00141,2024-01-18,REGULAR-GUATEMALA-WHOLESALE,4,84.0,336.0
ORD-001777,WCUST-00141,2024-02-12,REGULAR-COLOMBIA-WHOLESALE,5,84.0,420.0
ORD-001778,WCUST-00141,2024-03-15,REGULAR-COLOMBIA-WHOLESALE,3,84.0,252.0
ORD-001779,WCUST-00141,2024-04-08,REGULAR-GUATEMALA-WHOLESALE,2,84.0,168.0
ORD-001780,WCUST-00141,2024-05-05,DECAF-GUATEMALA-WHOLESALE,4,93.0,372.0
ORD-001780,WCUST-00141,2024-05-05,REGULAR-BLEND-RETAIL,3,14.0,42.0
ORD-001781,WCUST-00141,2024-06-01,DECAF-GUATEMALA-WHOLESALE,4,93.0,372.0
ORD-001782,WCUST-00142,2024-01-20,REGULAR-GUATEMALA-WHOLESALE,7,84.0,588.0
ORD-001783,WCUST-00142,2024-03-05,DECAF-COLOMBIA-WHOLESALE,6,93.0,558.0
ORD-001784,WCUST-00142,2024-04-03,REGULAR-BLEND-WHOLESALE,10,84.0,840.0
ORD-001785,WCUST-00142,2024-05-17,REGULAR-BLEND-WHOLESALE,9,84.0,756.0
ORD-001786,WCUST-00142,2024-06-20,REGULAR-BLEND-WHOLESALE,8,84.0,672.0
ORD-001787,WCUST-00142,2024-08-03,REGULAR-PERU-WHOLESALE,5,84.0,420.0
ORD-001788,WCUST-00143,2025-03-19,REGULAR-COLOMBIA-WHOLESALE,4,84.0,336.0
ORD-001788,WCUST-00143,2025-03-19,REGULAR-COLOMBIA-RETAIL,2,14.0,28.0
ORD-001789,WCUST-00143,2025-04-13,REGULAR-GUATEMALA-WHOLESALE,8,84.0,672.0
ORD-001790,WCUST-00143,2025-05-01,REGULAR-GUATEMALA-WHOLESALE,6,84.0,504.0
ORD-001791,WCUST-00143,2025-05-17,DECAF-BLEND-WHOLESALE,5,93.0,465.0
ORD-001792,WCUST-00143,2025-06-12,REGULAR-GUATEMALA-WHOLESALE,7,84.0,588.0
ORD-001793,WCUST-00143,2025-07-06,DECAF-BLEND-WHOLESALE,5,93.0,465.0
ORD-001794,WCUST-00143,2025-07-22,REGULAR-COLOMBIA-WHOLESALE,8,84.0,672.0
ORD-001795,WCUST-00143,2025-08-15,DECAF-GUATEMALA-WHOLESALE,5,93.0,465.0
ORD-001795,WCUST-00143,2025-08-15,DECAF-GUATEMALA-RETAIL,1,15.5,15.5
ORD-001796,WCUST-00143,2025-09-08,REGULAR-PERU-WHOLESALE,7,84.0,588.0
ORD-001797,WCUST-00143,2025-10-01,REGULAR-GUATEMALA-WHOLESALE,3,84.0,252.0
ORD-001798,WCUST-00143,2025-10-27,REGULAR-GUATEMALA-WHOLESALE,8,84.0,672.0
ORD-001799,WCUST-00143,2025-11-18,REGULAR-GUATEMALA-WHOLESALE,5,84.0,420.0
ORD-001800,WCUST-00143,2025-12-12,REGULAR-GUATEMALA-WHOLESALE,3,84.0,252.0
ORD-001801,WCUST-00143,2025-12-29,REGULAR-GUATEMALA-WHOLESALE,5,84.0,420.0
ORD-001802,WCUST-00143,2026-01-14,REGULAR-BLEND-WHOLESALE,8,84.0,672.0
ORD-001803,WCUST-00143,2026-02-10,REGULAR-BLEND-WHOLESALE,4,84.0,336.0
ORD-001804,WCUST-00143,2026-02-25,REGULAR-PERU-WHOLESALE,3,84.0,252.0
ORD-001805,WCUST-00143,2026-03-20,REGULAR-COLOMBIA-WHOLESALE,5,84.0,420.0
ORD-001806,WCUST-00143,2026-04-09,REGULAR-GUATEMALA-WHOLESALE,4,84.0,336.0
ORD-001807,WCUST-00143,2026-04-27,REGULAR-GUATEMALA-WHOLESALE,8,84.0,672.0
ORD-001808,WCUST-00143,2026-05-13,REGULAR-BLEND-WHOLESALE,4,84.0,336.0
ORD-001809,WCUST-00143,2026-05-28,REGULAR-BLEND-WHOLESALE,3,84.0,252.0
ORD-001809,WCUST-00143,2026-05-28,REGULAR-BLEND-RETAIL,2,14.0,28.0
ORD-001810,WCUST-00143,2026-06-13,REGULAR-BLEND-WHOLESALE,7,84.0,588.0
ORD-001811,WCUST-00143,2026-06-30,REGULAR-BLEND-WHOLESALE,7,84.0,588.0
ORD-001812,WCUST-00143,2026-07-17,REGULAR-COLOMBIA-WHOLESALE,3,84.0,252.0
ORD-001813,WCUST-00143,2026-08-13,REGULAR-BLEND-WHOLESALE,6,84.0,504.0
ORD-001813,WCUST-00143,2026-08-13,REGULAR-COLOMBIA-RETAIL,3,14.0,42.0
ORD-001814,WCUST-00143,2026-09-07,REGULAR-COLOMBIA-WHOLESALE,4,84.0,336.0
ORD-001815,WCUST-00144,2026-02-26,REGULAR-PERU-WHOLESALE,8,84.0,672.0
ORD-001816,WCUST-00144,2026-04-04,REGULAR-GUATEMALA-WHOLESALE,4,84.0,336.0
ORD-001817,WCUST-00144,2026-05-18,REGULAR-BLEND-WHOLESALE,5,84.0,420.0
ORD-001818,WCUST-00144,2026-06-20,REGULAR-BLEND-WHOLESALE,6,84.0,504.0
ORD-001819,WCUST-00145,2026-01-03,REGULAR-BLEND-WHOLESALE,3,84.0,252.0
ORD-001820,WCUST-00145,2026-02-25,REGULAR-BLEND-WHOLESALE,3,84.0,252.0
ORD-001821,WCUST-00145,2026-05-04,REGULAR-BLEND-WHOLESALE,3,84.0,252.0
ORD-001822,WCUST-00145,2026-07-13,REGULAR-COLOMBIA-WHOLESALE,1,84.0,84.0
ORD-001822,WCUST-00145,2026-07-13,REGULAR-BLEND-RETAIL,2,14.0,28.0
ORD-001823,WCUST-00146,2026-04-29,REGULAR-GUATEMALA-WHOLESALE,2,84.0,168.0
ORD-001823,WCUST-00146,2026-04-29,REGULAR-GUATEMALA-RETAIL,1,14.0,14.0
ORD-001824,WCUST-00146,2026-05-24,REGULAR-BLEND-WHOLESALE,4,84.0,336.0
ORD-001825,WCUST-00146,2026-06-28,DECAF-COLOMBIA-WHOLESALE,4,93.0,372.0
ORD-001826,WCUST-00146,2026-07-21,REGULAR-COLOMBIA-WHOLESALE,2,84.0,168.0
ORD-001827,WCUST-00146,2026-08-14,REGULAR-BLEND-WHOLESALE,5,84.0,420.0
ORD-001828,WCUST-00146,2026-09-08,REGULAR-COLOMBIA-WHOLESALE,2,84.0,168.0
ORD-001828,WCUST-00146,2026-09-08,REGULAR-COLOMBIA-RETAIL,3,14.0,42.0
ORD-001829,WCUST-00148,2024-03-13,REGULAR-COLOMBIA-WHOLESALE,5,84.0,420.0
ORD-001830,WCUST-00148,2024-04-15,REGULAR-BLEND-WHOLESALE,5,84.0,420.0
ORD-001831,WCUST-00148,2024-05-18,REGULAR-BLEND-WHOLESALE,2,84.0,168.0
ORD-001832,WCUST-00148,2024-06-09,REGULAR-BLEND-WHOLESALE,2,84.0,168.0
ORD-001833,WCUST-00148,2024-07-01,DECAF-BLEND-WHOLESALE,5,93.0,465.0
ORD-001834,WCUST-00148,2024-08-06,REGULAR-BLEND-WHOLESALE,4,84.0,336.0
ORD-001834,WCUST-00148,2024-08-06,REGULAR-BLEND-RETAIL,1,14.0,14.0
ORD-001835,WCUST-00148,2024-09-09,REGULAR-BLEND-WHOLESALE,2,84.0,168.0
ORD-001835,WCUST-00148,2024-09-09,REGULAR-PERU-RETAIL,2,14.0,28.0
ORD-001836,WCUST-00148,2024-10-03,REGULAR-GUATEMALA-WHOLESALE,2,84.0,168.0
ORD-001837,WCUST-00148,2024-11-04,REGULAR-GUATEMALA-WHOLESALE,2,84.0,168.0
ORD-001838,WCUST-00148,2024-11-28,DECAF-PERU-WHOLESALE,5,93.0,465.0
ORD-001839,WCUST-00148,2024-12-24,REGULAR-GUATEMALA-WHOLESALE,5,84.0,420.0
ORD-001840,WCUST-00148,2025-01-27,REGULAR-GUATEMALA-WHOLESALE,4,84.0,336.0
ORD-001841,WCUST-00148,2025-02-23,REGULAR-COLOMBIA-WHOLESALE,5,84.0,420.0
ORD-001842,WCUST-00148,2025-03-29,REGULAR-GUATEMALA-WHOLESALE,2,84.0,168.0
ORD-001843,WCUST-00148,2025-04-20,REGULAR-GUATEMALA-WHOLESALE,2,84.0,168.0
ORD-001844,WCUST-00148,2025-05-14,DECAF-BLEND-WHOLESALE,4,93.0,372.0
ORD-001845,WCUST-00148,2025-06-08,DECAF-BLEND-WHOLESALE,5,93.0,465.0
ORD-001846,WCUST-00148,2025-07-02,REGULAR-COLOMBIA-WHOLESALE,4,84.0,336.0
ORD-001847,WCUST-00148,2025-07-23,REGULAR-COLOMBIA-WHOLESALE,4,84.0,336.0
ORD-001848,WCUST-00148,2025-08-17,REGULAR-GUATEMALA-WHOLESALE,5,84.0,420.0
ORD-001849,WCUST-00148,2025-09-20,REGULAR-GUATEMALA-WHOLESALE,2,84.0,168.0
ORD-001850,WCUST-00148,2025-10-15,DECAF-GUATEMALA-WHOLESALE,4,93.0,372.0
ORD-001851,WCUST-00148,2025-11-18,REGULAR-BLEND-WHOLESALE,2,84.0,168.0
ORD-001852,WCUST-00148,2025-12-21,REGULAR-BLEND-WHOLESALE,3,84.0,252.0
ORD-001853,WCUST-00148,2026-01-11,REGULAR-BLEND-WHOLESALE,2,84.0,168.0
ORD-001853,WCUST-00148,2026-01-11,REGULAR-BLEND-RETAIL,3,14.0,42.0
ORD-001854,WCUST-00148,2026-02-11,REGULAR-BLEND-WHOLESALE,4,84.0,336.0
ORD-001854,WCUST-00148,2026-02-11,REGULAR-PERU-RETAIL,3,14.0,42.0
ORD-001855,WCUST-00148,2026-03-07,REGULAR-COLOMBIA-WHOLESALE,4,84.0,336.0
ORD-001856,WCUST-00148,2026-04-08,REGULAR-GUATEMALA-WHOLESALE,3,84.0,252.0
ORD-001856,WCUST-00148,2026-04-08,DECAF-COLOMBIA-RETAIL,1,15.5,15.5
ORD-001857,WCUST-00148,2026-05-01,DECAF-PERU-WHOLESALE,3,93.0,279.0
ORD-001858,WCUST-00148,2026-06-04,REGULAR-BLEND-WHOLESALE,5,84.0,420.0
ORD-001859,WCUST-00148,2026-06-25,REGULAR-BLEND-WHOLESALE,3,84.0,252.0
ORD-001860,WCUST-00148,2026-07-17,DECAF-COLOMBIA-WHOLESALE,4,93.0,372.0
ORD-001861,WCUST-00148,2026-08-20,REGULAR-COLOMBIA-WHOLESALE,3,84.0,252.0
ORD-001862,WCUST-00150,2025-07-07,REGULAR-COLOMBIA-WHOLESALE,6,84.0,504.0
ORD-001863,WCUST-00150,2025-08-01,REGULAR-PERU-WHOLESALE,7,84.0,588.0
ORD-001864,WCUST-00150,2025-08-19,REGULAR-GUATEMALA-WHOLESALE,5,84.0,420.0
ORD-001865,WCUST-00150,2025-09-03,REGULAR-GUATEMALA-WHOLESALE,3,84.0,252.0
ORD-001866,WCUST-00150,2025-09-22,REGULAR-PERU-WHOLESALE,3,84.0,252.0
ORD-001867,WCUST-00150,2025-10-14,REGULAR-GUATEMALA-WHOLESALE,3,84.0,252.0
ORD-001868,WCUST-00150,2025-11-06,REGULAR-BLEND-WHOLESALE,8,84.0,672.0
ORD-001869,WCUST-00150,2025-11-30,REGULAR-BLEND-WHOLESALE,3,84.0,252.0
ORD-001870,WCUST-00150,2025-12-15,REGULAR-BLEND-WHOLESALE,5,84.0,420.0
ORD-001871,WCUST-00150,2026-01-11,REGULAR-PERU-WHOLESALE,7,84.0,588.0
ORD-001872,WCUST-00150,2026-02-02,REGULAR-BLEND-WHOLESALE,5,84.0,420.0
ORD-001873,WCUST-00150,2026-02-18,DECAF-COLOMBIA-WHOLESALE,4,93.0,372.0
ORD-001874,WCUST-00150,2026-03-05,REGULAR-GUATEMALA-WHOLESALE,6,84.0,504.0
ORD-001875,WCUST-00150,2026-03-27,REGULAR-COLOMBIA-WHOLESALE,3,84.0,252.0
ORD-001876,WCUST-00151,2025-02-14,REGULAR-GUATEMALA-WHOLESALE,8,84.0,672.0
ORD-001877,WCUST-00151,2025-03-30,REGULAR-COLOMBIA-WHOLESALE,9,84.0,756.0
ORD-001878,WCUST-00151,2025-05-10,REGULAR-GUATEMALA-WHOLESALE,10,84.0,840.0
ORD-001879,WCUST-00151,2025-06-11,REGULAR-GUATEMALA-WHOLESALE,10,84.0,840.0
ORD-001880,WCUST-00151,2025-07-15,REGULAR-COLOMBIA-WHOLESALE,10,84.0,840.0
ORD-001881,WCUST-00151,2025-08-17,REGULAR-GUATEMALA-WHOLESALE,4,84.0,336.0
ORD-001882,WCUST-00151,2025-10-01,REGULAR-PERU-WHOLESALE,9,84.0,756.0
ORD-001883,WCUST-00151,2025-11-01,DECAF-PERU-WHOLESALE,9,93.0,837.0
ORD-001884,WCUST-00151,2025-12-14,REGULAR-BLEND-WHOLESALE,6,84.0,504.0
ORD-001885,WCUST-00151,2026-01-20,REGULAR-PERU-WHOLESALE,6,84.0,504.0
ORD-001886,WCUST-00151,2026-02-18,REGULAR-BLEND-WHOLESALE,4,84.0,336.0
ORD-001887,WCUST-00151,2026-03-17,REGULAR-COLOMBIA-WHOLESALE,8,84.0,672.0
ORD-001888,WCUST-00151,2026-04-15,REGULAR-GUATEMALA-WHOLESALE,5,84.0,420.0
ORD-001889,WCUST-00151,2026-05-14,REGULAR-BLEND-WHOLESALE,9,84.0,756.0
ORD-001890,WCUST-00151,2026-06-20,REGULAR-BLEND-WHOLESALE,10,84.0,840.0
ORD-001891,WCUST-00151,2026-07-25,REGULAR-BLEND-WHOLESALE,4,84.0,336.0
ORD-001892,WCUST-00151,2026-08-27,REGULAR-BLEND-WHOLESALE,9,84.0,756.0
ORD-001893,WCUST-00152,2023-12-08,REGULAR-GUATEMALA-WHOLESALE,3,84.0,252.0
ORD-001894,WCUST-00152,2023-12-30,REGULAR-COLOMBIA-WHOLESALE,4,84.0,336.0
ORD-001895,WCUST-00152,2024-01-23,DECAF-COLOMBIA-WHOLESALE,4,93.0,372.0
ORD-001896,WCUST-00152,2024-02-27,REGULAR-COLOMBIA-WHOLESALE,2,84.0,168.0
ORD-001897,WCUST-00152,2024-03-21,REGULAR-COLOMBIA-WHOLESALE,3,84.0,252.0
ORD-001898,WCUST-00152,2024-04-16,REGULAR-BLEND-WHOLESALE,4,84.0,336.0
ORD-001899,WCUST-00152,2024-05-17,REGULAR-BLEND-WHOLESALE,3,84.0,252.0
ORD-001900,WCUST-00152,2024-06-11,REGULAR-BLEND-WHOLESALE,5,84.0,420.0
ORD-001901,WCUST-00152,2024-07-16,REGULAR-BLEND-WHOLESALE,5,84.0,420.0
ORD-001902,WCUST-00152,2024-08-21,REGULAR-BLEND-WHOLESALE,3,84.0,252.0
ORD-001903,WCUST-00152,2024-09-26,DECAF-GUATEMALA-WHOLESALE,5,93.0,465.0
ORD-001904,WCUST-00152,2024-10-22,REGULAR-GUATEMALA-WHOLESALE,3,84.0,252.0
ORD-001905,WCUST-00154,2024-10-14,REGULAR-GUATEMALA-WHOLESALE,3,84.0,252.0
ORD-001906,WCUST-00154,2024-11-06,REGULAR-GUATEMALA-WHOLESALE,2,84.0,168.0
ORD-001906,WCUST-00154,2024-11-06,REGULAR-GUATEMALA-RETAIL,3,14.0,42.0
ORD-001907,WCUST-00154,2024-11-28,REGULAR-GUATEMALA-WHOLESALE,5,84.0,420.0
ORD-001908,WCUST-00154,2024-12-30,REGULAR-GUATEMALA-WHOLESALE,3,84.0,252.0
ORD-001909,WCUST-00154,2025-02-03,DECAF-BLEND-WHOLESALE,3,93.0,279.0
ORD-001909,WCUST-00154,2025-02-03,REGULAR-GUATEMALA-RETAIL,2,14.0,28.0
ORD-001910,WCUST-00154,2025-02-24,REGULAR-COLOMBIA-WHOLESALE,3,84.0,252.0
ORD-001911,WCUST-00154,2025-04-01,REGULAR-GUATEMALA-WHOLESALE,5,84.0,420.0
ORD-001911,WCUST-00154,2025-04-01,REGULAR-GUATEMALA-RETAIL,2,14.0,28.0
ORD-001912,WCUST-00154,2025-04-24,REGULAR-GUATEMALA-WHOLESALE,4,84.0,336.0
ORD-001913,WCUST-00154,2025-05-27,REGULAR-GUATEMALA-WHOLESALE,4,84.0,336.0
ORD-001914,WCUST-00154,2025-06-26,DECAF-BLEND-WHOLESALE,4,93.0,372.0
ORD-001915,WCUST-00154,2025-07-21,DECAF-BLEND-WHOLESALE,4,93.0,372.0
ORD-001916,WCUST-00154,2025-08-18,DECAF-GUATEMALA-WHOLESALE,2,93.0,186.0
ORD-001917,WCUST-00154,2025-09-12,REGULAR-PERU-WHOLESALE,5,84.0,420.0
ORD-001918,WCUST-00154,2025-10-08,REGULAR-GUATEMALA-WHOLESALE,3,84.0,252.0
ORD-001919,WCUST-00154,2025-11-05,REGULAR-BLEND-WHOLESALE,5,84.0,420.0
ORD-001920,WCUST-00154,2025-12-01,REGULAR-BLEND-WHOLESALE,5,84.0,420.0
ORD-001921,WCUST-00154,2025-12-29,REGULAR-BLEND-WHOLESALE,4,84.0,336.0
ORD-001922,WCUST-00154,2026-01-24,REGULAR-PERU-WHOLESALE,4,84.0,336.0
ORD-001923,WCUST-00154,2026-03-01,REGULAR-GUATEMALA-WHOLESALE,2,84.0,168.0
ORD-001924,WCUST-00154,2026-03-27,REGULAR-COLOMBIA-WHOLESALE,4,84.0,336.0
ORD-001925,WCUST-00154,2026-04-27,REGULAR-GUATEMALA-WHOLESALE,5,84.0,420.0
ORD-001926,WCUST-00154,2026-05-23,DECAF-PERU-WHOLESALE,3,93.0,279.0
ORD-001926,WCUST-00154,2026-05-23,REGULAR-BLEND-RETAIL,1,14.0,14.0
ORD-001927,WCUST-00154,2026-06-21,REGULAR-BLEND-WHOLESALE,5,84.0,420.0
ORD-001927,WCUST-00154,2026-06-21,DECAF-COLOMBIA-RETAIL,3,15.5,46.5
ORD-001928,WCUST-00154,2026-07-13,REGULAR-BLEND-WHOLESALE,5,84.0,420.0
ORD-001928,WCUST-00154,2026-07-13,REGULAR-BLEND-RETAIL,1,14.0,14.0
ORD-001929,WCUST-00154,2026-08-08,REGULAR-COLOMBIA-WHOLESALE,3,84.0,252.0
ORD-001930,WCUST-00154,2026-08-30,DECAF-BLEND-WHOLESALE,2,93.0,186.0
ORD-001931,WCUST-00155,2024-10-23,REGULAR-GUATEMALA-WHOLESALE,3,84.0,252.0
ORD-001932,WCUST-00155,2024-11-15,REGULAR-GUATEMALA-WHOLESALE,5,84.0,420.0
ORD-001933,WCUST-00155,2024-12-05,REGULAR-GUATEMALA-WHOLESALE,4,84.0,336.0
ORD-001934,WCUST-00155,2025-01-03,REGULAR-GUATEMALA-WHOLESALE,3,84.0,252.0
ORD-001935,WCUST-00155,2025-02-06,REGULAR-COLOMBIA-WHOLESALE,3,84.0,252.0
ORD-001936,WCUST-00155,2025-02-26,REGULAR-GUATEMALA-WHOLESALE,2,84.0,168.0
ORD-001937,WCUST-00155,2025-03-31,REGULAR-GUATEMALA-WHOLESALE,3,84.0,252.0
ORD-001938,WCUST-00155,2025-04-24,REGULAR-GUATEMALA-WHOLESALE,3,84.0,252.0
ORD-001939,WCUST-00155,2025-05-29,REGULAR-GUATEMALA-WHOLESALE,2,84.0,168.0
ORD-001940,WCUST-00155,2025-06-21,REGULAR-GUATEMALA-WHOLESALE,4,84.0,336.0
ORD-001941,WCUST-00155,2025-07-18,DECAF-BLEND-WHOLESALE,3,93.0,279.0
ORD-001942,WCUST-00155,2025-08-22,REGULAR-PERU-WHOLESALE,3,84.0,252.0
ORD-001943,WCUST-00155,2025-09-24,DECAF-GUATEMALA-WHOLESALE,5,93.0,465.0
ORD-001944,WCUST-00155,2025-10-16,REGULAR-GUATEMALA-WHOLESALE,4,84.0,336.0
ORD-001944,WCUST-00155,2025-10-16,REGULAR-GUATEMALA-RETAIL,3,14.0,42.0
ORD-001945,WCUST-00158,2025-07-09,REGULAR-COLOMBIA-WHOLESALE,8,84.0,672.0
ORD-001946,WCUST-00158,2025-08-05,REGULAR-PERU-WHOLESALE,5,84.0,420.0
ORD-001947,WCUST-00158,2025-08-30,REGULAR-GUATEMALA-WHOLESALE,4,84.0,336.0
ORD-001948,WCUST-00158,2025-09-19,REGULAR-GUATEMALA-WHOLESALE,5,84.0,420.0
ORD-001949,WCUST-00158,2025-10-08,REGULAR-PERU-WHOLESALE,6,84.0,504.0
ORD-001950,WCUST-00158,2025-10-25,REGULAR-PERU-WHOLESALE,6,84.0,504.0
ORD-001951,WCUST-00158,2025-11-13,REGULAR-GUATEMALA-WHOLESALE,8,84.0,672.0
ORD-001952,WCUST-00158,2025-12-04,REGULAR-BLEND-WHOLESALE,6,84.0,504.0
ORD-001952,WCUST-00158,2025-12-04,REGULAR-GUATEMALA-RETAIL,1,14.0,14.0
ORD-001953,WCUST-00158,2025-12-31,REGULAR-GUATEMALA-WHOLESALE,3,84.0,252.0
ORD-001953,WCUST-00158,2025-12-31,DECAF-PERU-RETAIL,1,15.5,15.5
ORD-001954,WCUST-00158,2026-01-19,REGULAR-PERU-WHOLESALE,6,84.0,504.0
ORD-001955,WCUST-00158,2026-02-12,REGULAR-BLEND-WHOLESALE,3,84.0,252.0
ORD-001956,WCUST-00158,2026-03-04,REGULAR-GUATEMALA-WHOLESALE,4,84.0,336.0
ORD-001957,WCUST-00158,2026-03-27,DECAF-COLOMBIA-WHOLESALE,4,93.0,372.0
ORD-001958,WCUST-00158,2026-04-13,REGULAR-GUATEMALA-WHOLESALE,6,84.0,504.0
ORD-001959,WCUST-00158,2026-05-10,REGULAR-BLEND-WHOLESALE,3,84.0,252.0
ORD-001960,WCUST-00158,2026-06-03,REGULAR-BLEND-WHOLESALE,8,84.0,672.0
ORD-001961,WCUST-00158,2026-06-27,REGULAR-BLEND-WHOLESALE,8,84.0,672.0
ORD-001962,WCUST-00158,2026-07-12,REGULAR-BLEND-WHOLESALE,4,84.0,336.0
ORD-001962,WCUST-00158,2026-07-12,DECAF-COLOMBIA-RETAIL,1,15.5,15.5
ORD-001963,WCUST-00158,2026-07-30,REGULAR-BLEND-WHOLESALE,7,84.0,588.0
ORD-001964,WCUST-00158,2026-08-20,REGULAR-BLEND-WHOLESALE,4,84.0,336.0
ORD-001965,WCUST-00159,2026-04-11,REGULAR-GUATEMALA-WHOLESALE,4,84.0,336.0
ORD-001966,WCUST-00159,2026-05-14,DECAF-PERU-WHOLESALE,3,93.0,279.0
ORD-001967,WCUST-00159,2026-06-14,REGULAR-BLEND-WHOLESALE,5,84.0,420.0
ORD-001968,WCUST-00159,2026-07-19,REGULAR-BLEND-WHOLESALE,4,84.0,336.0
ORD-001969,WCUST-00159,2026-08-12,REGULAR-BLEND-WHOLESALE,3,84.0,252.0
ORD-001970,WCUST-00159,2026-09-08,REGULAR-BLEND-WHOLESALE,3,84.0,252.0
ORD-001971,WCUST-00161,2024-03-05,REGULAR-COLOMBIA-WHOLESALE,5,84.0,420.0
ORD-001972,WCUST-00161,2024-04-08,DECAF-GUATEMALA-WHOLESALE,3,93.0,279.0
ORD-001973,WCUST-00161,2024-05-11,REGULAR-BLEND-WHOLESALE,2,84.0,168.0
ORD-001973,WCUST-00161,2024-05-11,REGULAR-BLEND-RETAIL,2,14.0,28.0
ORD-001974,WCUST-00161,2024-06-13,REGULAR-BLEND-WHOLESALE,5,84.0,420.0
ORD-001975,WCUST-00161,2024-07-15,REGULAR-BLEND-WHOLESALE,3,84.0,252.0
ORD-001976,WCUST-00161,2024-08-12,DECAF-GUATEMALA-WHOLESALE,3,93.0,279.0
ORD-001977,WCUST-00161,2024-09-17,REGULAR-PERU-WHOLESALE,4,84.0,336.0
ORD-001977,WCUST-00161,2024-09-17,REGULAR-PERU-RETAIL,2,14.0,28.0
ORD-001978,WCUST-00161,2024-10-11,REGULAR-GUATEMALA-WHOLESALE,3,84.0,252.0
ORD-001979,WCUST-00161,2024-11-02,DECAF-PERU-WHOLESALE,4,93.0,372.0
ORD-001980,WCUST-00161,2024-12-07,DECAF-PERU-WHOLESALE,5,93.0,465.0
ORD-001981,WCUST-00161,2025-01-07,REGULAR-GUATEMALA-WHOLESALE,5,84.0,420.0
ORD-001982,WCUST-00161,2025-02-09,DECAF-BLEND-WHOLESALE,2,93.0,186.0
ORD-001983,WCUST-00161,2025-03-13,DECAF-BLEND-WHOLESALE,2,93.0,186.0
ORD-001984,WCUST-00161,2025-04-09,DECAF-BLEND-WHOLESALE,2,93.0,186.0
ORD-001984,WCUST-00161,2025-04-09,DECAF-BLEND-RETAIL,1,15.5,15.5
ORD-001985,WCUST-00161,2025-05-12,DECAF-BLEND-WHOLESALE,2,93.0,186.0
ORD-001986,WCUST-00161,2025-06-15,REGULAR-GUATEMALA-WHOLESALE,3,84.0,252.0
ORD-001987,WCUST-00161,2025-07-14,REGULAR-COLOMBIA-WHOLESALE,2,84.0,168.0
ORD-001988,WCUST-00161,2025-08-04,REGULAR-GUATEMALA-WHOLESALE,5,84.0,420.0
ORD-001989,WCUST-00161,2025-08-29,REGULAR-PERU-WHOLESALE,3,84.0,252.0
ORD-001990,WCUST-00161,2025-09-19,DECAF-GUATEMALA-WHOLESALE,2,93.0,186.0
ORD-001991,WCUST-00161,2025-10-24,REGULAR-PERU-WHOLESALE,4,84.0,336.0
ORD-001992,WCUST-00161,2025-11-27,REGULAR-BLEND-WHOLESALE,3,84.0,252.0
ORD-001993,WCUST-00161,2025-12-24,REGULAR-BLEND-WHOLESALE,4,84.0,336.0
ORD-001994,WCUST-00161,2026-01-23,REGULAR-PERU-WHOLESALE,3,84.0,252.0
ORD-001995,WCUST-00161,2026-02-27,REGULAR-PERU-WHOLESALE,4,84.0,336.0
ORD-001996,WCUST-00161,2026-04-04,REGULAR-GUATEMALA-WHOLESALE,3,84.0,252.0
ORD-001997,WCUST-00161,2026-04-24,DECAF-COLOMBIA-WHOLESALE,2,93.0,186.0
ORD-001998,WCUST-00161,2026-05-23,REGULAR-BLEND-WHOLESALE,4,84.0,336.0
ORD-001999,WCUST-00161,2026-06-23,REGULAR-BLEND-WHOLESALE,5,84.0,420.0
ORD-002000,WCUST-00161,2026-07-23,REGULAR-BLEND-WHOLESALE,3,84.0,252.0
ORD-002001,WCUST-00161,2026-08-17,REGULAR-COLOMBIA-WHOLESALE,2,84.0,168.0
ORD-002001,WCUST-00161,2026-08-17,REGULAR-BLEND-RETAIL,3,14.0,42.0
ORD-002002,WCUST-00162,2026-06-21,REGULAR-BLEND-WHOLESALE,6,84.0,504.0
ORD-002003,WCUST-00162,2026-07-09,REGULAR-COLOMBIA-WHOLESALE,5,84.0,420.0
ORD-002004,WCUST-00162,2026-07-31,REGULAR-COLOMBIA-WHOLESALE,4,84.0,336.0
ORD-002005,WCUST-00162,2026-08-26,REGULAR-COLOMBIA-WHOLESALE,7,84.0,588.0
ORD-002005,WCUST-00162,2026-08-26,REGULAR-BLEND-RETAIL,2,14.0,28.0
ORD-002006,WCUST-00163,2025-12-30,REGULAR-GUATEMALA-WHOLESALE,3,84.0,252.0
ORD-002007,WCUST-00163,2026-02-14,REGULAR-BLEND-WHOLESALE,1,84.0,84.0
ORD-002008,WCUST-00163,2026-04-07,REGULAR-GUATEMALA-WHOLESALE,3,84.0,252.0
ORD-002009,WCUST-00163,2026-05-24,DECAF-PERU-WHOLESALE,1,93.0,93.0
ORD-002010,WCUST-00163,2026-07-17,REGULAR-BLEND-WHOLESALE,3,84.0,252.0
ORD-002011,WCUST-00163,2026-09-09,REGULAR-COLOMBIA-WHOLESALE,2,84.0,168.0
ORD-002012,WCUST-00164,2025-08-25,REGULAR-PERU-WHOLESALE,9,84.0,756.0
ORD-002013,WCUST-00164,2025-09-25,DECAF-GUATEMALA-WHOLESALE,9,93.0,837.0
ORD-002014,WCUST-00164,2025-11-04,REGULAR-BLEND-WHOLESALE,6,84.0,504.0
ORD-002015,WCUST-00164,2025-12-08,REGULAR-GUATEMALA-WHOLESALE,5,84.0,420.0
ORD-002016,WCUST-00164,2026-01-05,REGULAR-PERU-WHOLESALE,10,84.0,840.0
ORD-002017,WCUST-00164,2026-02-08,REGULAR-BLEND-WHOLESALE,9,84.0,756.0
ORD-002018,WCUST-00164,2026-03-13,REGULAR-COLOMBIA-WHOLESALE,9,84.0,756.0
ORD-002019,WCUST-00164,2026-04-07,REGULAR-GUATEMALA-WHOLESALE,8,84.0,672.0
ORD-002020,WCUST-00164,2026-05-07,REGULAR-BLEND-WHOLESALE,7,84.0,588.0
ORD-002020,WCUST-00164,2026-05-07,REGULAR-BLEND-RETAIL,2,14.0,28.0
ORD-002021,WCUST-00164,2026-06-11,REGULAR-BLEND-WHOLESALE,7,84.0,588.0
ORD-002022,WCUST-00164,2026-07-10,REGULAR-COLOMBIA-WHOLESALE,10,84.0,840.0
ORD-002023,WCUST-00164,2026-08-06,REGULAR-COLOMBIA-WHOLESALE,8,84.0,672.0
ORD-002024,WCUST-00164,2026-09-05,DECAF-BLEND-WHOLESALE,6,93.0,558.0
ORD-002025,WCUST-00165,2026-01-19,DECAF-PERU-WHOLESALE,6,93.0,558.0
ORD-002026,WCUST-00165,2026-02-06,REGULAR-PERU-WHOLESALE,5,84.0,420.0
ORD-002027,WCUST-00165,2026-02-28,REGULAR-BLEND-WHOLESALE,4,84.0,336.0
ORD-002028,WCUST-00165,2026-03-22,REGULAR-GUATEMALA-WHOLESALE,3,84.0,252.0
ORD-002029,WCUST-00165,2026-04-13,REGULAR-GUATEMALA-WHOLESALE,3,84.0,252.0
ORD-002029,WCUST-00165,2026-04-13,REGULAR-GUATEMALA-RETAIL,2,14.0,28.0
ORD-002030,WCUST-00165,2026-05-04,REGULAR-BLEND-WHOLESALE,3,84.0,252.0
ORD-002031,WCUST-00165,2026-05-25,REGULAR-BLEND-WHOLESALE,3,84.0,252.0
ORD-002032,WCUST-00165,2026-06-09,REGULAR-BLEND-WHOLESALE,3,84.0,252.0
ORD-002033,WCUST-00165,2026-07-01,REGULAR-COLOMBIA-WHOLESALE,8,84.0,672.0
ORD-002034,WCUST-00165,2026-07-19,REGULAR-COLOMBIA-WHOLESALE,8,84.0,672.0
ORD-002035,WCUST-00165,2026-08-09,DECAF-BLEND-WHOLESALE,7,93.0,651.0
ORD-002036,WCUST-00165,2026-08-30,REGULAR-BLEND-WHOLESALE,5,84.0,420.0
ORD-002037,WCUST-00166,2024-09-20,REGULAR-BLEND-WHOLESALE,5,84.0,420.0
ORD-002038,WCUST-00166,2024-10-20,REGULAR-GUATEMALA-WHOLESALE,3,84.0,252.0
ORD-002039,WCUST-00166,2024-11-21,REGULAR-GUATEMALA-WHOLESALE,2,84.0,168.0
ORD-002040,WCUST-00166,2024-12-17,REGULAR-GUATEMALA-WHOLESALE,3,84.0,252.0
ORD-002041,WCUST-00166,2025-01-14,REGULAR-GUATEMALA-WHOLESALE,2,84.0,168.0
ORD-002041,WCUST-00166,2025-01-14,REGULAR-GUATEMALA-RETAIL,1,14.0,14.0
ORD-002042,WCUST-00166,2025-02-18,REGULAR-GUATEMALA-WHOLESALE,5,84.0,420.0
ORD-002043,WCUST-00166,2025-03-12,DECAF-BLEND-WHOLESALE,2,93.0,186.0
ORD-002044,WCUST-00166,2025-04-09,REGULAR-GUATEMALA-WHOLESALE,3,84.0,252.0
ORD-002045,WCUST-00166,2025-05-10,DECAF-BLEND-WHOLESALE,2,93.0,186.0
ORD-002046,WCUST-00166,2025-05-30,REGULAR-GUATEMALA-WHOLESALE,3,84.0,252.0
ORD-002047,WCUST-00166,2025-07-03,REGULAR-COLOMBIA-WHOLESALE,4,84.0,336.0
ORD-002048,WCUST-00166,2025-07-29,REGULAR-COLOMBIA-WHOLESALE,2,84.0,168.0
ORD-002049,WCUST-00166,2025-09-03,REGULAR-GUATEMALA-WHOLESALE,2,84.0,168.0
ORD-002050,WCUST-00166,2025-10-08,REGULAR-PERU-WHOLESALE,5,84.0,420.0
ORD-002051,WCUST-00166,2025-11-10,REGULAR-BLEND-WHOLESALE,2,84.0,168.0
ORD-002052,WCUST-00166,2025-12-12,REGULAR-GUATEMALA-WHOLESALE,4,84.0,336.0
ORD-002053,WCUST-00166,2026-01-08,REGULAR-PERU-WHOLESALE,3,84.0,252.0
ORD-002054,WCUST-00166,2026-02-10,REGULAR-PERU-WHOLESALE,2,84.0,168.0
ORD-002055,WCUST-00166,2026-03-09,REGULAR-COLOMBIA-WHOLESALE,5,84.0,420.0
ORD-002056,WCUST-00166,2026-04-11,REGULAR-GUATEMALA-WHOLESALE,3,84.0,252.0
ORD-002057,WCUST-00166,2026-05-07,REGULAR-BLEND-WHOLESALE,5,84.0,420.0
ORD-002058,WCUST-00166,2026-06-01,REGULAR-BLEND-WHOLESALE,4,84.0,336.0
ORD-002059,WCUST-00166,2026-07-04,REGULAR-COLOMBIA-WHOLESALE,2,84.0,168.0
ORD-002060,WCUST-00166,2026-07-29,REGULAR-COLOMBIA-WHOLESALE,3,84.0,252.0
ORD-002061,WCUST-00166,2026-08-26,REGULAR-BLEND-WHOLESALE,4,84.0,336.0
ORD-002062,WCUST-00167,2025-07-14,REGULAR-COLOMBIA-WHOLESALE,2,84.0,168.0
ORD-002063,WCUST-00167,2025-09-14,REGULAR-PERU-WHOLESALE,2,84.0,168.0
ORD-002064,WCUST-00167,2025-11-19,REGULAR-GUATEMALA-WHOLESALE,3,84.0,252.0
ORD-002065,WCUST-00169,2026-07-21,REGULAR-COLOMBIA-WHOLESALE,7,84.0,588.0
ORD-002066,WCUST-00169,2026-08-06,REGULAR-COLOMBIA-WHOLESALE,6,84.0,504.0
ORD-002067,WCUST-00169,2026-08-29,REGULAR-COLOMBIA-WHOLESALE,4,84.0,336.0
ORD-002068,WCUST-00171,2026-06-15,REGULAR-BLEND-WHOLESALE,5,84.0,420.0
ORD-002069,WCUST-00171,2026-07-15,DECAF-COLOMBIA-WHOLESALE,10,93.0,930.0
ORD-002070,WCUST-00171,2026-08-20,REGULAR-COLOMBIA-WHOLESALE,9,84.0,756.0
ORD-002071,WCUST-00172,2026-02-16,REGULAR-BLEND-WHOLESALE,9,84.0,756.0
ORD-002071,WCUST-00172,2026-02-16,REGULAR-BLEND-RETAIL,1,14.0,14.0
ORD-002072,WCUST-00172,2026-03-18,REGULAR-GUATEMALA-WHOLESALE,5,84.0,420.0
ORD-002073,WCUST-00172,2026-04-16,DECAF-COLOMBIA-WHOLESALE,8,93.0,744.0
ORD-002073,WCUST-00172,2026-04-16,REGULAR-GUATEMALA-RETAIL,1,14.0,14.0
ORD-002074,WCUST-00172,2026-05-18,REGULAR-BLEND-WHOLESALE,7,84.0,588.0
ORD-002075,WCUST-00172,2026-06-22,REGULAR-BLEND-WHOLESALE,8,84.0,672.0
ORD-002076,WCUST-00172,2026-07-31,REGULAR-COLOMBIA-WHOLESALE,6,84.0,504.0
ORD-002077,WCUST-00172,2026-09-04,REGULAR-COLOMBIA-WHOLESALE,5,84.0,420.0
ORD-002078,WCUST-00173,2026-02-24,REGULAR-BLEND-WHOLESALE,2,84.0,168.0
ORD-002079,WCUST-00173,2026-03-19,REGULAR-COLOMBIA-WHOLESALE,5,84.0,420.0
ORD-002080,WCUST-00173,2026-04-22,REGULAR-GUATEMALA-WHOLESALE,3,84.0,252.0
ORD-002081,WCUST-00173,2026-05-20,REGULAR-BLEND-WHOLESALE,4,84.0,336.0
ORD-002082,WCUST-00173,2026-06-19,REGULAR-BLEND-WHOLESALE,4,84.0,336.0
ORD-002082,WCUST-00173,2026-06-19,REGULAR-BLEND-RETAIL,1,14.0,14.0
ORD-002083,WCUST-00173,2026-07-16,REGULAR-COLOMBIA-WHOLESALE,5,84.0,420.0
ORD-002084,WCUST-00173,2026-08-15,REGULAR-BLEND-WHOLESALE,5,84.0,420.0
ORD-002085,WCUST-00174,2026-09-03,REGULAR-COLOMBIA-WHOLESALE,4,84.0,336.0
ORD-002086,WCUST-00175,2025-08-15,REGULAR-GUATEMALA-WHOLESALE,5,84.0,420.0
ORD-002086,WCUST-00175,2025-08-15,REGULAR-GUATEMALA-RETAIL,1,14.0,14.0
ORD-002087,WCUST-00175,2025-09-09,REGULAR-GUATEMALA-WHOLESALE,6,84.0,504.0
ORD-002088,WCUST-00175,2025-09-28,REGULAR-GUATEMALA-WHOLESALE,6,84.0,504.0
ORD-002089,WCUST-00175,2025-10-22,REGULAR-PERU-WHOLESALE,7,84.0,588.0
ORD-002090,WCUST-00175,2025-11-12,REGULAR-GUATEMALA-WHOLESALE,3,84.0,252.0
ORD-002091,WCUST-00175,2025-11-28,REGULAR-BLEND-WHOLESALE,6,84.0,504.0
ORD-002092,WCUST-00175,2025-12-21,REGULAR-GUATEMALA-WHOLESALE,5,84.0,420.0
ORD-002092,WCUST-00175,2025-12-21,REGULAR-BLEND-RETAIL,1,14.0,14.0
ORD-002093,WCUST-00175,2026-01-12,DECAF-PERU-WHOLESALE,4,93.0,372.0
ORD-002094,WCUST-00175,2026-02-08,REGULAR-BLEND-WHOLESALE,4,84.0,336.0
ORD-002095,WCUST-00175,2026-03-07,REGULAR-COLOMBIA-WHOLESALE,5,84.0,420.0
ORD-002096,WCUST-00175,2026-03-24,REGULAR-COLOMBIA-WHOLESALE,3,84.0,252.0
ORD-002097,WCUST-00175,2026-04-20,REGULAR-GUATEMALA-WHOLESALE,7,84.0,588.0
ORD-002098,WCUST-00175,2026-05-12,DECAF-PERU-WHOLESALE,8,93.0,744.0
ORD-002099,WCUST-00175,2026-06-04,REGULAR-BLEND-WHOLESALE,5,84.0,420.0
ORD-002100,WCUST-00175,2026-06-19,REGULAR-BLEND-WHOLESALE,6,84.0,504.0
ORD-002101,WCUST-00175,2026-07-09,DECAF-COLOMBIA-WHOLESALE,6,93.0,558.0
ORD-002102,WCUST-00175,2026-08-02,DECAF-BLEND-WHOLESALE,3,93.0,279.0
ORD-002103,WCUST-00175,2026-08-18,DECAF-BLEND-WHOLESALE,3,93.0,279.0
ORD-002104,WCUST-00175,2026-09-07,REGULAR-COLOMBIA-WHOLESALE,7,84.0,588.0
ORD-002104,WCUST-00175,2026-09-07,REGULAR-BLEND-RETAIL,2,14.0,28.0
ORD-002105,WCUST-00176,2024-10-07,REGULAR-GUATEMALA-WHOLESALE,6,84.0,504.0
ORD-002106,WCUST-00176,2024-11-01,REGULAR-GUATEMALA-WHOLESALE,8,84.0,672.0
ORD-002107,WCUST-00176,2024-11-20,REGULAR-GUATEMALA-WHOLESALE,6,84.0,504.0
ORD-002108,WCUST-00176,2024-12-06,DECAF-PERU-WHOLESALE,7,93.0,651.0
ORD-002109,WCUST-00176,2024-12-31,REGULAR-GUATEMALA-WHOLESALE,6,84.0,504.0
ORD-002110,WCUST-00176,2025-01-16,REGULAR-GUATEMALA-WHOLESALE,3,84.0,252.0
ORD-002110,WCUST-00176,2025-01-16,REGULAR-GUATEMALA-RETAIL,3,14.0,42.0
ORD-002111,WCUST-00176,2025-02-09,REGULAR-COLOMBIA-WHOLESALE,8,84.0,672.0
ORD-002112,WCUST-00176,2025-03-02,REGULAR-COLOMBIA-WHOLESALE,4,84.0,336.0
ORD-002113,WCUST-00176,2025-03-23,DECAF-BLEND-WHOLESALE,6,93.0,558.0
ORD-002114,WCUST-00176,2025-04-18,REGULAR-GUATEMALA-WHOLESALE,8,84.0,672.0
ORD-002115,WCUST-00176,2025-05-06,DECAF-BLEND-WHOLESALE,6,93.0,558.0
ORD-002116,WCUST-00176,2025-05-24,REGULAR-GUATEMALA-WHOLESALE,6,84.0,504.0
ORD-002117,WCUST-00176,2025-06-11,REGULAR-GUATEMALA-WHOLESALE,6,84.0,504.0
ORD-002117,WCUST-00176,2025-06-11,REGULAR-GUATEMALA-RETAIL,2,14.0,28.0
ORD-002118,WCUST-00176,2025-06-29,REGULAR-GUATEMALA-WHOLESALE,5,84.0,420.0
ORD-002118,WCUST-00176,2025-06-29,REGULAR-GUATEMALA-RETAIL,3,14.0,42.0
ORD-002119,WCUST-00176,2025-07-14,REGULAR-COLOMBIA-WHOLESALE,3,84.0,252.0
ORD-002120,WCUST-00176,2025-08-04,DECAF-GUATEMALA-WHOLESALE,5,93.0,465.0
ORD-002120,WCUST-00176,2025-08-04,REGULAR-PERU-RETAIL,2,14.0,28.0
ORD-002121,WCUST-00176,2025-08-28,REGULAR-PERU-WHOLESALE,8,84.0,672.0
ORD-002121,WCUST-00176,2025-08-28,DECAF-GUATEMALA-RETAIL,1,15.5,15.5
ORD-002122,WCUST-00176,2025-09-23,REGULAR-PERU-WHOLESALE,3,84.0,252.0
ORD-002123,WCUST-00176,2025-10-14,REGULAR-GUATEMALA-WHOLESALE,3,84.0,252.0
ORD-002124,WCUST-00176,2025-11-09,REGULAR-GUATEMALA-WHOLESALE,3,84.0,252.0
ORD-002125,WCUST-00176,2025-12-02,REGULAR-GUATEMALA-WHOLESALE,3,84.0,252.0
ORD-002125,WCUST-00176,2025-12-02,REGULAR-GUATEMALA-RETAIL,3,14.0,42.0
ORD-002126,WCUST-00176,2025-12-20,REGULAR-BLEND-WHOLESALE,3,84.0,252.0
ORD-002126,WCUST-00176,2025-12-20,REGULAR-GUATEMALA-RETAIL,1,14.0,14.0
ORD-002127,WCUST-00176,2026-01-16,REGULAR-BLEND-WHOLESALE,8,84.0,672.0
ORD-002128,WCUST-00176,2026-02-07,REGULAR-BLEND-WHOLESALE,8,84.0,672.0
ORD-002129,WCUST-00176,2026-02-22,REGULAR-PERU-WHOLESALE,7,84.0,588.0
ORD-002130,WCUST-00176,2026-03-15,REGULAR-COLOMBIA-WHOLESALE,5,84.0,420.0
ORD-002131,WCUST-00176,2026-03-30,REGULAR-GUATEMALA-WHOLESALE,4,84.0,336.0
ORD-002132,WCUST-00176,2026-04-18,REGULAR-GUATEMALA-WHOLESALE,7,84.0,588.0
ORD-002133,WCUST-00176,2026-05-13,REGULAR-BLEND-WHOLESALE,4,84.0,336.0
ORD-002134,WCUST-00176,2026-06-09,REGULAR-BLEND-WHOLESALE,3,84.0,252.0
ORD-002135,WCUST-00176,2026-07-04,REGULAR-COLOMBIA-WHOLESALE,4,84.0,336.0
ORD-002136,WCUST-00176,2026-07-23,REGULAR-BLEND-WHOLESALE,7,84.0,588.0
ORD-002137,WCUST-00176,2026-08-17,REGULAR-COLOMBIA-WHOLESALE,8,84.0,672.0
ORD-002138,WCUST-00177,2024-03-31,REGULAR-COLOMBIA-WHOLESALE,5,84.0,420.0
ORD-002139,WCUST-00177,2024-04-26,REGULAR-GUATEMALA-WHOLESALE,3,84.0,252.0
ORD-002140,WCUST-00177,2024-05-15,REGULAR-BLEND-WHOLESALE,3,84.0,252.0
ORD-002141,WCUST-00177,2024-06-03,REGULAR-BLEND-WHOLESALE,6,84.0,504.0
ORD-002142,WCUST-00177,2024-06-20,REGULAR-BLEND-WHOLESALE,4,84.0,336.0
ORD-002143,WCUST-00177,2024-07-15,REGULAR-BLEND-WHOLESALE,4,84.0,336.0
ORD-002144,WCUST-00177,2024-08-10,REGULAR-BLEND-WHOLESALE,7,84.0,588.0
ORD-002145,WCUST-00177,2024-08-29,REGULAR-PERU-WHOLESALE,5,84.0,420.0
ORD-002146,WCUST-00177,2024-09-16,REGULAR-PERU-WHOLESALE,6,84.0,504.0
ORD-002146,WCUST-00177,2024-09-16,REGULAR-PERU-RETAIL,3,14.0,42.0
ORD-002147,WCUST-00177,2024-10-01,REGULAR-GUATEMALA-WHOLESALE,8,84.0,672.0
ORD-002148,WCUST-00177,2024-10-26,REGULAR-GUATEMALA-WHOLESALE,5,84.0,420.0
ORD-002149,WCUST-00177,2024-11-17,REGULAR-GUATEMALA-WHOLESALE,3,84.0,252.0
ORD-002150,WCUST-00177,2024-12-06,REGULAR-GUATEMALA-WHOLESALE,4,84.0,336.0
ORD-002151,WCUST-00177,2024-12-23,DECAF-PERU-WHOLESALE,5,93.0,465.0
ORD-002152,WCUST-00177,2025-01-17,REGULAR-GUATEMALA-WHOLESALE,5,84.0,420.0
ORD-002152,WCUST-00177,2025-01-17,REGULAR-GUATEMALA-RETAIL,2,14.0,28.0
ORD-002153,WCUST-00177,2025-02-07,REGULAR-GUATEMALA-WHOLESALE,7,84.0,588.0
ORD-002153,WCUST-00177,2025-02-07,REGULAR-GUATEMALA-RETAIL,1,14.0,14.0
ORD-002154,WCUST-00177,2025-02-26,REGULAR-COLOMBIA-WHOLESALE,7,84.0,588.0
ORD-002155,WCUST-00177,2025-03-17,REGULAR-GUATEMALA-WHOLESALE,6,84.0,504.0
ORD-002155,WCUST-00177,2025-03-17,REGULAR-GUATEMALA-RETAIL,3,14.0,42.0
ORD-002156,WCUST-00177,2025-04-11,REGULAR-GUATEMALA-WHOLESALE,8,84.0,672.0
ORD-002156,WCUST-00177,2025-04-11,REGULAR-GUATEMALA-RETAIL,2,14.0,28.0
ORD-002157,WCUST-00177,2025-04-27,DECAF-BLEND-WHOLESALE,8,93.0,744.0
ORD-002157,WCUST-00177,2025-04-27,REGULAR-GUATEMALA-RETAIL,3,14.0,42.0
ORD-002158,WCUST-00177,2025-05-19,REGULAR-GUATEMALA-WHOLESALE,6,84.0,504.0
ORD-002158,WCUST-00177,2025-05-19,REGULAR-GUATEMALA-RETAIL,3,14.0,42.0
ORD-002159,WCUST-00177,2025-06-03,REGULAR-GUATEMALA-WHOLESALE,5,84.0,420.0
ORD-002160,WCUST-00177,2025-06-19,REGULAR-GUATEMALA-WHOLESALE,6,84.0,504.0
ORD-002161,WCUST-00177,2025-07-10,REGULAR-COLOMBIA-WHOLESALE,4,84.0,336.0
ORD-002162,WCUST-00177,2025-08-02,REGULAR-PERU-WHOLESALE,5,84.0,420.0
ORD-002162,WCUST-00177,2025-08-02,REGULAR-GUATEMALA-RETAIL,2,14.0,28.0
ORD-002163,WCUST-00177,2025-08-18,REGULAR-PERU-WHOLESALE,7,84.0,588.0
ORD-002163,WCUST-00177,2025-08-18,DECAF-GUATEMALA-RETAIL,3,15.5,46.5
ORD-002164,WCUST-00177,2025-09-05,DECAF-GUATEMALA-WHOLESALE,5,93.0,465.0
ORD-002165,WCUST-00177,2025-09-24,REGULAR-PERU-WHOLESALE,7,84.0,588.0
ORD-002166,WCUST-00177,2025-10-12,REGULAR-PERU-WHOLESALE,8,84.0,672.0
ORD-002167,WCUST-00177,2025-10-30,DECAF-GUATEMALA-WHOLESALE,6,93.0,558.0
ORD-002168,WCUST-00177,2025-11-26,REGULAR-GUATEMALA-WHOLESALE,7,84.0,588.0
ORD-002169,WCUST-00177,2025-12-14,REGULAR-BLEND-WHOLESALE,4,84.0,336.0
ORD-002169,WCUST-00177,2025-12-14,DECAF-PERU-RETAIL,3,15.5,46.5
ORD-002170,WCUST-00177,2026-01-08,REGULAR-BLEND-WHOLESALE,4,84.0,336.0
ORD-002171,WCUST-00177,2026-01-30,REGULAR-BLEND-WHOLESALE,6,84.0,504.0
ORD-002172,WCUST-00177,2026-02-24,DECAF-COLOMBIA-WHOLESALE,3,93.0,279.0
ORD-002173,WCUST-00177,2026-03-19,REGULAR-GUATEMALA-WHOLESALE,8,84.0,672.0
ORD-002174,WCUST-00177,2026-04-06,REGULAR-GUATEMALA-WHOLESALE,5,84.0,420.0
ORD-002175,WCUST-00177,2026-04-29,REGULAR-GUATEMALA-WHOLESALE,6,84.0,504.0
ORD-002176,WCUST-00177,2026-05-19,REGULAR-BLEND-WHOLESALE,5,84.0,420.0
ORD-002176,WCUST-00177,2026-05-19,REGULAR-BLEND-RETAIL,1,14.0,14.0
ORD-002177,WCUST-00177,2026-06-11,REGULAR-BLEND-WHOLESALE,7,84.0,588.0
ORD-002178,WCUST-00177,2026-06-26,DECAF-COLOMBIA-WHOLESALE,4,93.0,372.0
ORD-002179,WCUST-00177,2026-07-15,DECAF-COLOMBIA-WHOLESALE,5,93.0,465.0
ORD-002180,WCUST-00177,2026-08-01,DECAF-BLEND-WHOLESALE,8,93.0,744.0
ORD-002181,WCUST-00177,2026-08-25,REGULAR-COLOMBIA-WHOLESALE,5,84.0,420.0
ORD-002182,WCUST-00178,2025-12-12,REGULAR-GUATEMALA-WHOLESALE,6,84.0,504.0
ORD-002182,WCUST-00178,2025-12-12,REGULAR-GUATEMALA-RETAIL,3,14.0,42.0
ORD-002183,WCUST-00178,2026-01-22,REGULAR-BLEND-WHOLESALE,10,84.0,840.0
ORD-002184,WCUST-00178,2026-03-03,REGULAR-GUATEMALA-WHOLESALE,10,84.0,840.0
ORD-002185,WCUST-00178,2026-04-14,REGULAR-GUATEMALA-WHOLESALE,4,84.0,336.0
ORD-002186,WCUST-00178,2026-05-15,REGULAR-BLEND-WHOLESALE,10,84.0,840.0
ORD-002187,WCUST-00178,2026-06-22,DECAF-COLOMBIA-WHOLESALE,4,93.0,372.0
ORD-002188,WCUST-00178,2026-07-28,REGULAR-COLOMBIA-WHOLESALE,4,84.0,336.0
ORD-002189,WCUST-00179,2025-07-28,REGULAR-COLOMBIA-WHOLESALE,9,84.0,756.0
ORD-002190,WCUST-00179,2025-08-25,REGULAR-GUATEMALA-WHOLESALE,8,84.0,672.0
ORD-002190,WCUST-00179,2025-08-25,REGULAR-PERU-RETAIL,3,14.0,42.0
ORD-002191,WCUST-00179,2025-10-02,REGULAR-GUATEMALA-WHOLESALE,4,84.0,336.0
ORD-002192,WCUST-00179,2025-10-30,REGULAR-PERU-WHOLESALE,9,84.0,756.0
ORD-002193,WCUST-00179,2025-12-05,DECAF-PERU-WHOLESALE,8,93.0,744.0
ORD-002194,WCUST-00179,2026-01-19,REGULAR-BLEND-WHOLESALE,6,84.0,504.0
ORD-002195,WCUST-00179,2026-02-14,REGULAR-BLEND-WHOLESALE,4,84.0,336.0
ORD-002196,WCUST-00179,2026-03-26,DECAF-COLOMBIA-WHOLESALE,5,93.0,465.0
ORD-002197,WCUST-00179,2026-04-20,REGULAR-GUATEMALA-WHOLESALE,4,84.0,336.0
ORD-002198,WCUST-00179,2026-06-01,REGULAR-BLEND-WHOLESALE,5,84.0,420.0
ORD-002199,WCUST-00179,2026-06-30,DECAF-COLOMBIA-WHOLESALE,4,93.0,372.0
ORD-002200,WCUST-00179,2026-07-29,REGULAR-COLOMBIA-WHOLESALE,10,84.0,840.0
ORD-002201,WCUST-00179,2026-08-26,REGULAR-BLEND-WHOLESALE,10,84.0,840.0
ORD-002202,WCUST-00180,2026-07-18,REGULAR-BLEND-WHOLESALE,2,84.0,168.0
ORD-002203,WCUST-00180,2026-08-14,REGULAR-COLOMBIA-WHOLESALE,3,84.0,252.0
ORD-002204,WCUST-00181,2023-10-23,REGULAR-GUATEMALA-WHOLESALE,5,84.0,420.0
ORD-002205,WCUST-00181,2023-11-14,REGULAR-GUATEMALA-WHOLESALE,3,84.0,252.0
ORD-002206,WCUST-00181,2023-12-10,DECAF-PERU-WHOLESALE,4,93.0,372.0
ORD-002207,WCUST-00181,2024-01-05,REGULAR-COLOMBIA-WHOLESALE,2,84.0,168.0
ORD-002208,WCUST-00181,2024-01-31,REGULAR-GUATEMALA-WHOLESALE,2,84.0,168.0
ORD-002209,WCUST-00181,2024-03-07,REGULAR-COLOMBIA-WHOLESALE,2,84.0,168.0
ORD-002209,WCUST-00181,2024-03-07,REGULAR-COLOMBIA-RETAIL,3,14.0,42.0
ORD-002210,WCUST-00181,2024-04-07,REGULAR-GUATEMALA-WHOLESALE,3,84.0,252.0
ORD-002211,WCUST-00181,2024-05-09,REGULAR-BLEND-WHOLESALE,3,84.0,252.0
ORD-002212,WCUST-00181,2024-06-07,REGULAR-BLEND-WHOLESALE,2,84.0,168.0
ORD-002213,WCUST-00181,2024-06-29,REGULAR-BLEND-WHOLESALE,3,84.0,252.0
ORD-002213,WCUST-00181,2024-06-29,REGULAR-BLEND-RETAIL,2,14.0,28.0
ORD-002214,WCUST-00181,2024-07-26,REGULAR-BLEND-WHOLESALE,3,84.0,252.0
ORD-002215,WCUST-00181,2024-08-31,DECAF-GUATEMALA-WHOLESALE,2,93.0,186.0
ORD-002216,WCUST-00181,2024-09-20,REGULAR-PERU-WHOLESALE,2,84.0,168.0
ORD-002217,WCUST-00181,2024-10-23,REGULAR-GUATEMALA-WHOLESALE,3,84.0,252.0
ORD-002218,WCUST-00181,2024-11-13,REGULAR-GUATEMALA-WHOLESALE,2,84.0,168.0
ORD-002219,WCUST-00181,2024-12-07,REGULAR-GUATEMALA-WHOLESALE,4,84.0,336.0
ORD-002220,WCUST-00181,2025-01-02,REGULAR-GUATEMALA-WHOLESALE,3,84.0,252.0
ORD-002221,WCUST-00181,2025-02-04,REGULAR-GUATEMALA-WHOLESALE,2,84.0,168.0
ORD-002222,WCUST-00181,2025-03-06,REGULAR-COLOMBIA-WHOLESALE,2,84.0,168.0
ORD-002223,WCUST-00181,2025-03-30,REGULAR-GUATEMALA-WHOLESALE,5,84.0,420.0
ORD-002224,WCUST-00181,2025-05-03,REGULAR-GUATEMALA-WHOLESALE,5,84.0,420.0
ORD-002225,WCUST-00181,2025-05-28,REGULAR-GUATEMALA-WHOLESALE,2,84.0,168.0
ORD-002226,WCUST-00181,2025-06-17,DECAF-BLEND-WHOLESALE,4,93.0,372.0
ORD-002227,WCUST-00181,2025-07-08,REGULAR-COLOMBIA-WHOLESALE,5,84.0,420.0
ORD-002228,WCUST-00181,2025-08-10,REGULAR-GUATEMALA-WHOLESALE,5,84.0,420.0
ORD-002229,WCUST-00181,2025-09-01,DECAF-GUATEMALA-WHOLESALE,4,93.0,372.0
ORD-002230,WCUST-00181,2025-09-30,DECAF-GUATEMALA-WHOLESALE,2,93.0,186.0
ORD-002231,WCUST-00181,2025-11-05,DECAF-PERU-WHOLESALE,4,93.0,372.0
ORD-002232,WCUST-00181,2025-12-09,REGULAR-GUATEMALA-WHOLESALE,3,84.0,252.0
ORD-002233,WCUST-00181,2026-01-05,REGULAR-BLEND-WHOLESALE,2,84.0,168.0
ORD-002234,WCUST-00181,2026-02-03,REGULAR-PERU-WHOLESALE,3,84.0,252.0
ORD-002235,WCUST-00181,2026-03-11,REGULAR-GUATEMALA-WHOLESALE,3,84.0,252.0
ORD-002236,WCUST-00181,2026-04-07,REGULAR-GUATEMALA-WHOLESALE,3,84.0,252.0
ORD-002237,WCUST-00181,2026-04-29,REGULAR-GUATEMALA-WHOLESALE,2,84.0,168.0
ORD-002238,WCUST-00181,2026-05-31,REGULAR-BLEND-WHOLESALE,2,84.0,168.0
ORD-002238,WCUST-00181,2026-05-31,REGULAR-BLEND-RETAIL,2,14.0,28.0
ORD-002239,WCUST-00181,2026-06-30,REGULAR-BLEND-WHOLESALE,3,84.0,252.0
ORD-002239,WCUST-00181,2026-06-30,DECAF-COLOMBIA-RETAIL,1,15.5,15.5
ORD-002240,WCUST-00181,2026-08-03,REGULAR-BLEND-WHOLESALE,3,84.0,252.0
ORD-002241,WCUST-00181,2026-09-08,REGULAR-BLEND-WHOLESALE,2,84.0,168.0
ORD-002242,WCUST-00182,2026-08-27,REGULAR-BLEND-WHOLESALE,8,84.0,672.0
ORD-002243,WCUST-00183,2025-04-23,DECAF-BLEND-WHOLESALE,2,93.0,186.0
ORD-002243,WCUST-00183,2025-04-23,REGULAR-GUATEMALA-RETAIL,1,14.0,14.0
ORD-002244,WCUST-00183,2025-05-28,REGULAR-GUATEMALA-WHOLESALE,4,84.0,336.0
ORD-002245,WCUST-00183,2025-07-02,REGULAR-COLOMBIA-WHOLESALE,4,84.0,336.0
ORD-002246,WCUST-00183,2025-07-30,REGULAR-COLOMBIA-WHOLESALE,5,84.0,420.0
ORD-002247,WCUST-00183,2025-09-02,REGULAR-GUATEMALA-WHOLESALE,4,84.0,336.0
ORD-002248,WCUST-00183,2025-09-24,REGULAR-PERU-WHOLESALE,2,84.0,168.0
ORD-002249,WCUST-00183,2025-10-21,REGULAR-GUATEMALA-WHOLESALE,5,84.0,420.0
ORD-002249,WCUST-00183,2025-10-21,REGULAR-PERU-RETAIL,2,14.0,28.0
ORD-002250,WCUST-00183,2025-11-17,DECAF-PERU-WHOLESALE,4,93.0,372.0
ORD-002251,WCUST-00183,2025-12-11,REGULAR-BLEND-WHOLESALE,2,84.0,168.0
ORD-002252,WCUST-00183,2026-01-01,REGULAR-PERU-WHOLESALE,2,84.0,168.0
ORD-002253,WCUST-00183,2026-01-28,DECAF-PERU-WHOLESALE,3,93.0,279.0
ORD-002254,WCUST-00183,2026-03-01,REGULAR-GUATEMALA-WHOLESALE,4,84.0,336.0
ORD-002255,WCUST-00183,2026-03-27,REGULAR-COLOMBIA-WHOLESALE,4,84.0,336.0
ORD-002256,WCUST-00183,2026-05-01,REGULAR-BLEND-WHOLESALE,3,84.0,252.0
ORD-002257,WCUST-00183,2026-05-23,REGULAR-BLEND-WHOLESALE,2,84.0,168.0
ORD-002258,WCUST-00183,2026-06-14,REGULAR-BLEND-WHOLESALE,3,84.0,252.0
ORD-002259,WCUST-00183,2026-07-10,DECAF-COLOMBIA-WHOLESALE,5,93.0,465.0
ORD-002260,WCUST-00183,2026-08-15,REGULAR-BLEND-WHOLESALE,3,84.0,252.0
ORD-002261,WCUST-00183,2026-09-06,REGULAR-COLOMBIA-WHOLESALE,3,84.0,252.0
ORD-002262,WCUST-00184,2026-02-23,REGULAR-PERU-WHOLESALE,3,84.0,252.0
ORD-002262,WCUST-00184,2026-02-23,REGULAR-BLEND-RETAIL,1,14.0,14.0
ORD-002263,WCUST-00184,2026-03-18,REGULAR-GUATEMALA-WHOLESALE,5,84.0,420.0
ORD-002264,WCUST-00184,2026-04-08,REGULAR-GUATEMALA-WHOLESALE,5,84.0,420.0
ORD-002265,WCUST-00184,2026-05-02,REGULAR-BLEND-WHOLESALE,4,84.0,336.0
ORD-002266,WCUST-00184,2026-05-24,REGULAR-BLEND-WHOLESALE,2,84.0,168.0
ORD-002266,WCUST-00184,2026-05-24,REGULAR-BLEND-RETAIL,2,14.0,28.0
ORD-002267,WCUST-00184,2026-06-27,REGULAR-BLEND-WHOLESALE,2,84.0,168.0
ORD-002268,WCUST-00184,2026-07-18,REGULAR-BLEND-WHOLESALE,5,84.0,420.0
ORD-002269,WCUST-00184,2026-08-16,REGULAR-COLOMBIA-WHOLESALE,5,84.0,420.0
ORD-002270,WCUST-00185,2026-03-16,REGULAR-COLOMBIA-WHOLESALE,9,84.0,756.0
ORD-002271,WCUST-00185,2026-04-21,REGULAR-GUATEMALA-WHOLESALE,7,84.0,588.0
ORD-002271,WCUST-00185,2026-04-21,DECAF-COLOMBIA-RETAIL,1,15.5,15.5
ORD-002272,WCUST-00185,2026-06-01,DECAF-COLOMBIA-WHOLESALE,7,93.0,651.0
ORD-002272,WCUST-00185,2026-06-01,DECAF-COLOMBIA-RETAIL,3,15.5,46.5
ORD-002273,WCUST-00185,2026-07-09,REGULAR-BLEND-WHOLESALE,10,84.0,840.0
ORD-002274,WCUST-00185,2026-08-05,REGULAR-COLOMBIA-WHOLESALE,7,84.0,588.0
ORD-002275,WCUST-00186,2024-11-08,REGULAR-GUATEMALA-WHOLESALE,7,84.0,588.0
ORD-002276,WCUST-00186,2024-11-25,REGULAR-GUATEMALA-WHOLESALE,3,84.0,252.0
ORD-002277,WCUST-00186,2024-12-22,REGULAR-GUATEMALA-WHOLESALE,5,84.0,420.0
ORD-002278,WCUST-00186,2025-01-15,REGULAR-GUATEMALA-WHOLESALE,3,84.0,252.0
ORD-002279,WCUST-00186,2025-01-31,REGULAR-GUATEMALA-WHOLESALE,4,84.0,336.0
ORD-002280,WCUST-00186,2025-02-16,REGULAR-COLOMBIA-WHOLESALE,6,84.0,504.0
ORD-002281,WCUST-00186,2025-03-04,REGULAR-GUATEMALA-WHOLESALE,5,84.0,420.0
ORD-002282,WCUST-00186,2025-03-30,REGULAR-GUATEMALA-WHOLESALE,3,84.0,252.0
ORD-002283,WCUST-00186,2025-04-14,REGULAR-GUATEMALA-WHOLESALE,8,84.0,672.0
ORD-002284,WCUST-00186,2025-05-05,REGULAR-GUATEMALA-WHOLESALE,7,84.0,588.0
ORD-002284,WCUST-00186,2025-05-05,REGULAR-GUATEMALA-RETAIL,3,14.0,42.0
ORD-002285,WCUST-00186,2025-05-22,DECAF-BLEND-WHOLESALE,3,93.0,279.0
ORD-002286,WCUST-00186,2025-06-10,REGULAR-GUATEMALA-WHOLESALE,4,84.0,336.0
ORD-002287,WCUST-00186,2025-07-05,REGULAR-COLOMBIA-WHOLESALE,4,84.0,336.0
ORD-002288,WCUST-00186,2025-07-28,REGULAR-COLOMBIA-WHOLESALE,3,84.0,252.0
ORD-002289,WCUST-00186,2025-08-18,DECAF-GUATEMALA-WHOLESALE,8,93.0,744.0
ORD-002290,WCUST-00186,2025-09-14,DECAF-GUATEMALA-WHOLESALE,7,93.0,651.0
ORD-002290,WCUST-00186,2025-09-14,REGULAR-PERU-RETAIL,1,14.0,14.0
ORD-002291,WCUST-00186,2025-09-30,REGULAR-GUATEMALA-WHOLESALE,7,84.0,588.0
ORD-002292,WCUST-00186,2025-10-22,REGULAR-GUATEMALA-WHOLESALE,8,84.0,672.0
ORD-002293,WCUST-00186,2025-11-15,DECAF-PERU-WHOLESALE,5,93.0,465.0
ORD-002294,WCUST-00186,2025-12-02,REGULAR-GUATEMALA-WHOLESALE,3,84.0,252.0
ORD-002295,WCUST-00186,2025-12-23,DECAF-PERU-WHOLESALE,4,93.0,372.0
ORD-002296,WCUST-00186,2026-01-13,REGULAR-PERU-WHOLESALE,6,84.0,504.0
ORD-002297,WCUST-00186,2026-01-28,REGULAR-BLEND-WHOLESALE,4,84.0,336.0
ORD-002298,WCUST-00186,2026-02-13,REGULAR-PERU-WHOLESALE,5,84.0,420.0
ORD-002299,WCUST-00186,2026-03-11,REGULAR-GUATEMALA-WHOLESALE,8,84.0,672.0
ORD-002300,WCUST-00186,2026-04-06,REGULAR-GUATEMALA-WHOLESALE,6,84.0,504.0
ORD-002300,WCUST-00186,2026-04-06,REGULAR-GUATEMALA-RETAIL,2,14.0,28.0
ORD-002301,WCUST-00186,2026-04-22,REGULAR-GUATEMALA-WHOLESALE,5,84.0,420.0
ORD-002302,WCUST-00186,2026-05-11,REGULAR-BLEND-WHOLESALE,5,84.0,420.0
ORD-002303,WCUST-00186,2026-05-28,REGULAR-BLEND-WHOLESALE,5,84.0,420.0
ORD-002303,WCUST-00186,2026-05-28,REGULAR-BLEND-RETAIL,2,14.0,28.0
ORD-002304,WCUST-00186,2026-06-18,REGULAR-BLEND-WHOLESALE,4,84.0,336.0
ORD-002305,WCUST-00186,2026-07-08,REGULAR-COLOMBIA-WHOLESALE,7,84.0,588.0
ORD-002306,WCUST-00186,2026-07-29,REGULAR-BLEND-WHOLESALE,8,84.0,672.0
ORD-002307,WCUST-00186,2026-08-23,REGULAR-BLEND-WHOLESALE,3,84.0,252.0
ORD-002308,WCUST-00187,2024-07-15,REGULAR-BLEND-WHOLESALE,10,84.0,840.0
ORD-002309,WCUST-00187,2024-08-24,REGULAR-BLEND-WHOLESALE,6,84.0,504.0
ORD-002310,WCUST-00187,2024-10-02,REGULAR-GUATEMALA-WHOLESALE,9,84.0,756.0
ORD-002311,WCUST-00187,2024-10-29,REGULAR-GUATEMALA-WHOLESALE,8,84.0,672.0
ORD-002312,WCUST-00187,2024-12-06,REGULAR-GUATEMALA-WHOLESALE,5,84.0,420.0
ORD-002312,WCUST-00187,2024-12-06,REGULAR-GUATEMALA-RETAIL,2,14.0,28.0
ORD-002313,WCUST-00187,2025-01-04,REGULAR-GUATEMALA-WHOLESALE,8,84.0,672.0
ORD-002314,WCUST-00187,2025-02-09,REGULAR-GUATEMALA-WHOLESALE,6,84.0,504.0
ORD-002315,WCUST-00187,2025-03-20,REGULAR-GUATEMALA-WHOLESALE,9,84.0,756.0
ORD-002316,WCUST-00187,2025-04-21,DECAF-BLEND-WHOLESALE,9,93.0,837.0
ORD-002317,WCUST-00187,2025-05-23,REGULAR-GUATEMALA-WHOLESALE,4,84.0,336.0
ORD-002317,WCUST-00187,2025-05-23,REGULAR-GUATEMALA-RETAIL,2,14.0,28.0
ORD-002318,WCUST-00187,2025-07-07,REGULAR-COLOMBIA-WHOLESALE,4,84.0,336.0
ORD-002318,WCUST-00187,2025-07-07,REGULAR-COLOMBIA-RETAIL,2,14.0,28.0
ORD-002319,WCUST-00187,2025-08-21,DECAF-GUATEMALA-WHOLESALE,5,93.0,465.0
ORD-002320,WCUST-00187,2025-09-16,REGULAR-PERU-WHOLESALE,5,84.0,420.0
ORD-002321,WCUST-00187,2025-10-25,REGULAR-PERU-WHOLESALE,4,84.0,336.0
ORD-002322,WCUST-00187,2025-12-02,REGULAR-BLEND-WHOLESALE,10,84.0,840.0
ORD-002323,WCUST-00187,2025-12-28,REGULAR-GUATEMALA-WHOLESALE,10,84.0,840.0
ORD-002324,WCUST-00187,2026-01-24,REGULAR-BLEND-WHOLESALE,10,84.0,840.0
ORD-002325,WCUST-00187,2026-02-20,DECAF-COLOMBIA-WHOLESALE,8,93.0,744.0
ORD-002326,WCUST-00187,2026-04-01,REGULAR-GUATEMALA-WHOLESALE,7,84.0,588.0
ORD-002326,WCUST-00187,2026-04-01,REGULAR-GUATEMALA-RETAIL,3,14.0,42.0
ORD-002327,WCUST-00187,2026-05-07,REGULAR-BLEND-WHOLESALE,4,84.0,336.0
ORD-002327,WCUST-00187,2026-05-07,REGULAR-BLEND-RETAIL,3,14.0,42.0
ORD-002328,WCUST-00187,2026-06-13,REGULAR-BLEND-WHOLESALE,8,84.0,672.0
ORD-002329,WCUST-00187,2026-07-11,REGULAR-BLEND-WHOLESALE,10,84.0,840.0
ORD-002330,WCUST-00187,2026-08-10,REGULAR-COLOMBIA-WHOLESALE,10,84.0,840.0
ORD-002331,WCUST-00188,2026-02-10,REGULAR-BLEND-WHOLESALE,2,84.0,168.0
ORD-002332,WCUST-00188,2026-04-16,REGULAR-GUATEMALA-WHOLESALE,3,84.0,252.0
ORD-002333,WCUST-00188,2026-06-12,REGULAR-BLEND-WHOLESALE,1,84.0,84.0
ORD-002334,WCUST-00188,2026-08-13,REGULAR-BLEND-WHOLESALE,3,84.0,252.0
ORD-002335,WCUST-00190,2026-05-13,REGULAR-BLEND-WHOLESALE,2,84.0,168.0
ORD-002336,WCUST-00190,2026-06-07,REGULAR-BLEND-WHOLESALE,4,84.0,336.0
ORD-002337,WCUST-00190,2026-07-03,REGULAR-BLEND-WHOLESALE,3,84.0,252.0
ORD-002338,WCUST-00190,2026-08-06,REGULAR-BLEND-WHOLESALE,4,84.0,336.0
ORD-002338,WCUST-00190,2026-08-06,REGULAR-BLEND-RETAIL,1,14.0,14.0
ORD-002339,WCUST-00190,2026-08-28,REGULAR-BLEND-WHOLESALE,3,84.0,252.0
ORD-002339,WCUST-00190,2026-08-28,REGULAR-BLEND-RETAIL,3,14.0,42.0
ORD-002340,WCUST-00192,2025-07-05,REGULAR-COLOMBIA-WHOLESALE,3,84.0,252.0
ORD-002341,WCUST-00192,2025-07-22,REGULAR-COLOMBIA-WHOLESALE,3,84.0,252.0
ORD-002342,WCUST-00192,2025-08-15,DECAF-GUATEMALA-WHOLESALE,5,93.0,465.0
ORD-002343,WCUST-00192,2025-08-30,REGULAR-PERU-WHOLESALE,4,84.0,336.0
ORD-002344,WCUST-00192,2025-09-16,REGULAR-PERU-WHOLESALE,6,84.0,504.0
ORD-002345,WCUST-00192,2025-10-12,DECAF-GUATEMALA-WHOLESALE,6,93.0,558.0
ORD-002346,WCUST-00192,2025-11-02,DECAF-PERU-WHOLESALE,4,93.0,372.0
ORD-002346,WCUST-00192,2025-11-02,REGULAR-GUATEMALA-RETAIL,2,14.0,28.0
ORD-002347,WCUST-00192,2025-11-23,DECAF-PERU-WHOLESALE,8,93.0,744.0
ORD-002348,WCUST-00192,2025-12-19,REGULAR-BLEND-WHOLESALE,7,84.0,588.0
ORD-002349,WCUST-00192,2026-01-14,REGULAR-BLEND-WHOLESALE,4,84.0,336.0
ORD-002350,WCUST-00192,2026-02-08,REGULAR-PERU-WHOLESALE,7,84.0,588.0
ORD-002350,WCUST-00192,2026-02-08,REGULAR-BLEND-RETAIL,3,14.0,42.0
ORD-002351,WCUST-00192,2026-03-07,REGULAR-COLOMBIA-WHOLESALE,3,84.0,252.0
ORD-002352,WCUST-00192,2026-03-28,REGULAR-GUATEMALA-WHOLESALE,5,84.0,420.0
ORD-002353,WCUST-00192,2026-04-13,REGULAR-GUATEMALA-WHOLESALE,4,84.0,336.0
ORD-002354,WCUST-00192,2026-05-07,REGULAR-BLEND-WHOLESALE,3,84.0,252.0
ORD-002354,WCUST-00192,2026-05-07,REGULAR-BLEND-RETAIL,1,14.0,14.0
ORD-002355,WCUST-00192,2026-05-23,REGULAR-BLEND-WHOLESALE,6,84.0,504.0
ORD-002356,WCUST-00192,2026-06-12,REGULAR-BLEND-WHOLESALE,8,84.0,672.0
ORD-002357,WCUST-00192,2026-06-27,REGULAR-BLEND-WHOLESALE,6,84.0,504.0
ORD-002358,WCUST-00192,2026-07-24,REGULAR-COLOMBIA-WHOLESALE,8,84.0,672.0
ORD-002359,WCUST-00192,2026-08-19,REGULAR-BLEND-WHOLESALE,6,84.0,504.0
ORD-002359,WCUST-00192,2026-08-19,REGULAR-COLOMBIA-RETAIL,3,14.0,42.0
ORD-002360,WCUST-00193,2024-09-30,REGULAR-PERU-WHOLESALE,7,84.0,588.0
ORD-002361,WCUST-00193,2024-10-18,REGULAR-GUATEMALA-WHOLESALE,7,84.0,588.0
ORD-002362,WCUST-00193,2024-11-14,REGULAR-GUATEMALA-WHOLESALE,6,84.0,504.0
ORD-002363,WCUST-00193,2024-11-29,REGULAR-GUATEMALA-WHOLESALE,6,84.0,504.0
ORD-002363,WCUST-00193,2024-11-29,REGULAR-GUATEMALA-RETAIL,2,14.0,28.0
ORD-002364,WCUST-00193,2024-12-24,REGULAR-GUATEMALA-WHOLESALE,8,84.0,672.0
ORD-002365,WCUST-00193,2025-01-19,REGULAR-GUATEMALA-WHOLESALE,5,84.0,420.0
ORD-002366,WCUST-00193,2025-02-07,REGULAR-COLOMBIA-WHOLESALE,3,84.0,252.0
ORD-002366,WCUST-00193,2025-02-07,REGULAR-COLOMBIA-RETAIL,2,14.0,28.0
ORD-002367,WCUST-00193,2025-03-03,REGULAR-COLOMBIA-WHOLESALE,5,84.0,420.0
ORD-002368,WCUST-00193,2025-03-27,REGULAR-COLOMBIA-WHOLESALE,8,84.0,672.0
ORD-002369,WCUST-00193,2025-04-11,REGULAR-GUATEMALA-WHOLESALE,5,84.0,420.0
ORD-002370,WCUST-00193,2025-05-06,REGULAR-GUATEMALA-WHOLESALE,6,84.0,504.0
ORD-002371,WCUST-00193,2025-05-30,REGULAR-GUATEMALA-WHOLESALE,5,84.0,420.0
ORD-002372,WCUST-00193,2025-06-26,REGULAR-GUATEMALA-WHOLESALE,5,84.0,420.0
ORD-002373,WCUST-00193,2025-07-13,REGULAR-COLOMBIA-WHOLESALE,7,84.0,588.0
ORD-002373,WCUST-00193,2025-07-13,DECAF-BLEND-RETAIL,3,15.5,46.5
ORD-002374,WCUST-00193,2025-08-09,REGULAR-PERU-WHOLESALE,6,84.0,504.0
ORD-002375,WCUST-00193,2025-09-01,REGULAR-PERU-WHOLESALE,4,84.0,336.0
ORD-002376,WCUST-00193,2025-09-16,DECAF-GUATEMALA-WHOLESALE,5,93.0,465.0
ORD-002376,WCUST-00193,2025-09-16,REGULAR-GUATEMALA-RETAIL,2,14.0,28.0
ORD-002377,WCUST-00193,2025-10-05,REGULAR-PERU-WHOLESALE,7,84.0,588.0
ORD-002378,WCUST-00193,2025-10-29,REGULAR-PERU-WHOLESALE,3,84.0,252.0
ORD-002379,WCUST-00193,2025-11-15,DECAF-PERU-WHOLESALE,5,93.0,465.0
ORD-002380,WCUST-00193,2025-12-03,REGULAR-BLEND-WHOLESALE,5,84.0,420.0
ORD-002381,WCUST-00193,2025-12-21,REGULAR-GUATEMALA-WHOLESALE,4,84.0,336.0
ORD-002382,WCUST-00193,2026-01-09,REGULAR-BLEND-WHOLESALE,5,84.0,420.0
ORD-002382,WCUST-00193,2026-01-09,REGULAR-BLEND-RETAIL,1,14.0,14.0
ORD-002383,WCUST-00193,2026-02-05,DECAF-COLOMBIA-WHOLESALE,5,93.0,465.0
ORD-002384,WCUST-00193,2026-02-22,REGULAR-BLEND-WHOLESALE,4,84.0,336.0
ORD-002385,WCUST-00193,2026-03-14,REGULAR-GUATEMALA-WHOLESALE,7,84.0,588.0
ORD-002386,WCUST-00193,2026-04-02,REGULAR-GUATEMALA-WHOLESALE,5,84.0,420.0
ORD-002387,WCUST-00193,2026-04-20,REGULAR-GUATEMALA-WHOLESALE,7,84.0,588.0
ORD-002388,WCUST-00193,2026-05-07,DECAF-PERU-WHOLESALE,3,93.0,279.0
ORD-002389,WCUST-00193,2026-05-28,REGULAR-BLEND-WHOLESALE,6,84.0,504.0
ORD-002389,WCUST-00193,2026-05-28,REGULAR-BLEND-RETAIL,2,14.0,28.0
ORD-002390,WCUST-00193,2026-06-20,DECAF-COLOMBIA-WHOLESALE,4,93.0,372.0
ORD-002391,WCUST-00193,2026-07-10,REGULAR-BLEND-WHOLESALE,6,84.0,504.0
ORD-002392,WCUST-00193,2026-08-05,REGULAR-BLEND-WHOLESALE,5,84.0,420.0
ORD-002393,WCUST-00193,2026-08-31,DECAF-BLEND-WHOLESALE,5,93.0,465.0
ORD-002394,WCUST-00194,2024-08-16,REGULAR-PERU-WHOLESALE,2,84.0,168.0
ORD-002395,WCUST-00194,2024-10-15,REGULAR-GUATEMALA-WHOLESALE,3,84.0,252.0
ORD-002396,WCUST-00194,2024-12-03,REGULAR-GUATEMALA-WHOLESALE,1,84.0,84.0
ORD-002397,WCUST-00194,2025-01-15,DECAF-PERU-WHOLESALE,1,93.0,93.0
ORD-002398,WCUST-00194,2025-03-20,REGULAR-GUATEMALA-WHOLESALE,2,84.0,168.0
ORD-002399,WCUST-00194,2025-05-18,REGULAR-GUATEMALA-WHOLESALE,1,84.0,84.0
ORD-002400,WCUST-00194,2025-07-09,REGULAR-COLOMBIA-WHOLESALE,2,84.0,168.0
ORD-002400,WCUST-00194,2025-07-09,REGULAR-COLOMBIA-RETAIL,3,14.0,42.0
ORD-002401,WCUST-00195,2025-12-18,REGULAR-BLEND-WHOLESALE,2,84.0,168.0
ORD-002402,WCUST-00195,2026-01-16,REGULAR-PERU-WHOLESALE,3,84.0,252.0
ORD-002403,WCUST-00195,2026-02-09,REGULAR-PERU-WHOLESALE,2,84.0,168.0
ORD-002404,WCUST-00195,2026-03-09,REGULAR-GUATEMALA-WHOLESALE,4,84.0,336.0
ORD-002405,WCUST-00195,2026-04-07,REGULAR-GUATEMALA-WHOLESALE,5,84.0,420.0
ORD-002405,WCUST-00195,2026-04-07,REGULAR-GUATEMALA-RETAIL,3,14.0,42.0
ORD-002406,WCUST-00195,2026-05-08,REGULAR-BLEND-WHOLESALE,5,84.0,420.0
ORD-002407,WCUST-00195,2026-06-13,REGULAR-BLEND-WHOLESALE,4,84.0,336.0
ORD-002408,WCUST-00195,2026-07-05,REGULAR-COLOMBIA-WHOLESALE,3,84.0,252.0
ORD-002409,WCUST-00195,2026-08-05,REGULAR-BLEND-WHOLESALE,4,84.0,336.0
ORD-002410,WCUST-00195,2026-09-03,REGULAR-COLOMBIA-WHOLESALE,3,84.0,252.0
ORD-002411,WCUST-00196,2025-02-17,REGULAR-GUATEMALA-WHOLESALE,4,84.0,336.0
ORD-002412,WCUST-00196,2025-03-09,REGULAR-COLOMBIA-WHOLESALE,4,84.0,336.0
ORD-002412,WCUST-00196,2025-03-09,REGULAR-COLOMBIA-RETAIL,3,14.0,42.0
ORD-002413,WCUST-00196,2025-03-31,REGULAR-COLOMBIA-WHOLESALE,3,84.0,252.0
ORD-002414,WCUST-00196,2025-04-30,REGULAR-GUATEMALA-WHOLESALE,5,84.0,420.0
ORD-002415,WCUST-00196,2025-05-30,REGULAR-GUATEMALA-WHOLESALE,4,84.0,336.0
ORD-002416,WCUST-00196,2025-06-23,REGULAR-GUATEMALA-WHOLESALE,5,84.0,420.0
ORD-002417,WCUST-00196,2025-07-15,REGULAR-COLOMBIA-WHOLESALE,2,84.0,168.0
ORD-002418,WCUST-00196,2025-08-20,REGULAR-GUATEMALA-WHOLESALE,4,84.0,336.0
ORD-002419,WCUST-00196,2025-09-25,REGULAR-GUATEMALA-WHOLESALE,3,84.0,252.0
ORD-002419,WCUST-00196,2025-09-25,REGULAR-GUATEMALA-RETAIL,3,14.0,42.0
ORD-002420,WCUST-00196,2025-10-19,REGULAR-PERU-WHOLESALE,5,84.0,420.0
ORD-002421,WCUST-00196,2025-11-13,REGULAR-GUATEMALA-WHOLESALE,5,84.0,420.0
ORD-002422,WCUST-00196,2025-12-04,REGULAR-GUATEMALA-WHOLESALE,2,84.0,168.0
ORD-002423,WCUST-00196,2026-01-03,REGULAR-PERU-WHOLESALE,2,84.0,168.0
ORD-002423,WCUST-00196,2026-01-03,REGULAR-PERU-RETAIL,2,14.0,28.0
ORD-002424,WCUST-00196,2026-01-28,REGULAR-BLEND-WHOLESALE,3,84.0,252.0
ORD-002424,WCUST-00196,2026-01-28,REGULAR-PERU-RETAIL,1,14.0,14.0
ORD-002425,WCUST-00196,2026-03-01,REGULAR-COLOMBIA-WHOLESALE,2,84.0,168.0
ORD-002426,WCUST-00196,2026-03-21,REGULAR-GUATEMALA-WHOLESALE,4,84.0,336.0
ORD-002427,WCUST-00196,2026-04-19,REGULAR-GUATEMALA-WHOLESALE,3,84.0,252.0
ORD-002428,WCUST-00196,2026-05-20,REGULAR-BLEND-WHOLESALE,3,84.0,252.0
ORD-002429,WCUST-00196,2026-06-19,DECAF-COLOMBIA-WHOLESALE,3,93.0,279.0
ORD-002430,WCUST-00196,2026-07-12,REGULAR-COLOMBIA-WHOLESALE,2,84.0,168.0
ORD-002431,WCUST-00196,2026-08-07,REGULAR-COLOMBIA-WHOLESALE,3,84.0,252.0
ORD-002432,WCUST-00196,2026-09-05,REGULAR-COLOMBIA-WHOLESALE,5,84.0,420.0
ORD-002433,WCUST-00197,2024-08-10,REGULAR-BLEND-WHOLESALE,7,84.0,588.0
ORD-002434,WCUST-00197,2024-08-29,DECAF-GUATEMALA-WHOLESALE,6,93.0,558.0
ORD-002434,WCUST-00197,2024-08-29,REGULAR-BLEND-RETAIL,2,14.0,28.0
ORD-002435,WCUST-00197,2024-09-20,REGULAR-BLEND-WHOLESALE,3,84.0,252.0
ORD-002436,WCUST-00197,2024-10-17,DECAF-GUATEMALA-WHOLESALE,3,93.0,279.0
ORD-002437,WCUST-00197,2024-11-01,REGULAR-GUATEMALA-WHOLESALE,4,84.0,336.0
ORD-002437,WCUST-00197,2024-11-01,REGULAR-GUATEMALA-RETAIL,3,14.0,42.0
ORD-002438,WCUST-00197,2024-11-17,REGULAR-GUATEMALA-WHOLESALE,5,84.0,420.0
ORD-002439,WCUST-00197,2024-12-08,REGULAR-GUATEMALA-WHOLESALE,4,84.0,336.0
ORD-002440,WCUST-00197,2024-12-24,REGULAR-GUATEMALA-WHOLESALE,8,84.0,672.0
ORD-002441,WCUST-00197,2025-01-16,REGULAR-GUATEMALA-WHOLESALE,8,84.0,672.0
ORD-002442,WCUST-00197,2025-02-08,DECAF-BLEND-WHOLESALE,4,93.0,372.0
ORD-002442,WCUST-00197,2025-02-08,REGULAR-COLOMBIA-RETAIL,3,14.0,42.0
ORD-002443,WCUST-00197,2025-03-07,REGULAR-COLOMBIA-WHOLESALE,3,84.0,252.0
ORD-002443,WCUST-00197,2025-03-07,REGULAR-GUATEMALA-RETAIL,3,14.0,42.0
ORD-002444,WCUST-00197,2025-03-29,REGULAR-COLOMBIA-WHOLESALE,3,84.0,252.0
ORD-002445,WCUST-00197,2025-04-24,REGULAR-GUATEMALA-WHOLESALE,7,84.0,588.0
ORD-002446,WCUST-00197,2025-05-12,REGULAR-GUATEMALA-WHOLESALE,6,84.0,504.0
ORD-002447,WCUST-00197,2025-05-28,REGULAR-GUATEMALA-WHOLESALE,5,84.0,420.0
ORD-002447,WCUST-00197,2025-05-28,REGULAR-GUATEMALA-RETAIL,2,14.0,28.0
ORD-002448,WCUST-00197,2025-06-19,DECAF-BLEND-WHOLESALE,3,93.0,279.0
ORD-002449,WCUST-00197,2025-07-14,REGULAR-COLOMBIA-WHOLESALE,5,84.0,420.0
ORD-002450,WCUST-00197,2025-08-07,DECAF-GUATEMALA-WHOLESALE,4,93.0,372.0
ORD-002451,WCUST-00197,2025-08-25,REGULAR-GUATEMALA-WHOLESALE,6,84.0,504.0
ORD-002452,WCUST-00197,2025-09-16,DECAF-GUATEMALA-WHOLESALE,4,93.0,372.0
ORD-002453,WCUST-00197,2025-10-06,REGULAR-GUATEMALA-WHOLESALE,4,84.0,336.0
ORD-002454,WCUST-00197,2025-10-23,REGULAR-GUATEMALA-WHOLESALE,8,84.0,672.0
ORD-002454,WCUST-00197,2025-10-23,REGULAR-PERU-RETAIL,3,14.0,42.0
ORD-002455,WCUST-00197,2025-11-07,REGULAR-BLEND-WHOLESALE,7,84.0,588.0
ORD-002456,WCUST-00197,2025-11-28,REGULAR-GUATEMALA-WHOLESALE,6,84.0,504.0
ORD-002457,WCUST-00197,2025-12-22,DECAF-PERU-WHOLESALE,4,93.0,372.0
ORD-002458,WCUST-00197,2026-01-11,REGULAR-PERU-WHOLESALE,7,84.0,588.0
ORD-002459,WCUST-00197,2026-01-30,REGULAR-PERU-WHOLESALE,4,84.0,336.0
ORD-002460,WCUST-00197,2026-02-16,DECAF-COLOMBIA-WHOLESALE,5,93.0,465.0
ORD-002461,WCUST-00197,2026-03-06,REGULAR-COLOMBIA-WHOLESALE,7,84.0,588.0
ORD-002462,WCUST-00197,2026-03-21,REGULAR-GUATEMALA-WHOLESALE,3,84.0,252.0
ORD-002463,WCUST-00197,2026-04-14,DECAF-COLOMBIA-WHOLESALE,3,93.0,279.0
ORD-002464,WCUST-00197,2026-05-03,REGULAR-BLEND-WHOLESALE,3,84.0,252.0
ORD-002465,WCUST-00197,2026-05-28,REGULAR-BLEND-WHOLESALE,5,84.0,420.0
ORD-002466,WCUST-00197,2026-06-13,REGULAR-BLEND-WHOLESALE,6,84.0,504.0
ORD-002466,WCUST-00197,2026-06-13,REGULAR-BLEND-RETAIL,1,14.0,14.0
ORD-002467,WCUST-00197,2026-07-02,REGULAR-BLEND-WHOLESALE,3,84.0,252.0
ORD-002468,WCUST-00197,2026-07-29,REGULAR-BLEND-WHOLESALE,4,84.0,336.0
ORD-002468,WCUST-00197,2026-07-29,REGULAR-BLEND-RETAIL,2,14.0,28.0
ORD-002469,WCUST-00197,2026-08-19,REGULAR-BLEND-WHOLESALE,6,84.0,504.0
ORD-002470,WCUST-00198,2025-08-19,REGULAR-PERU-WHOLESALE,3,84.0,252.0
ORD-002471,WCUST-00198,2025-09-14,DECAF-GUATEMALA-WHOLESALE,2,93.0,186.0
ORD-002472,WCUST-00198,2025-10-06,REGULAR-PERU-WHOLESALE,3,84.0,252.0
ORD-002473,WCUST-00198,2025-11-04,REGULAR-BLEND-WHOLESALE,2,84.0,168.0
ORD-002473,WCUST-00198,2025-11-04,REGULAR-GUATEMALA-RETAIL,3,14.0,42.0
ORD-002474,WCUST-00198,2025-11-29,REGULAR-GUATEMALA-WHOLESALE,4,84.0,336.0
ORD-002474,WCUST-00198,2025-11-29,REGULAR-BLEND-RETAIL,2,14.0,28.0
ORD-002475,WCUST-00198,2025-12-26,REGULAR-BLEND-WHOLESALE,5,84.0,420.0
ORD-002476,WCUST-00198,2026-01-31,REGULAR-BLEND-WHOLESALE,3,84.0,252.0
ORD-002477,WCUST-00198,2026-02-21,DECAF-COLOMBIA-WHOLESALE,4,93.0,372.0
ORD-002478,WCUST-00198,2026-03-29,REGULAR-COLOMBIA-WHOLESALE,4,84.0,336.0
ORD-002479,WCUST-00198,2026-04-27,REGULAR-GUATEMALA-WHOLESALE,2,84.0,168.0
ORD-002480,WCUST-00198,2026-05-26,DECAF-PERU-WHOLESALE,2,93.0,186.0
ORD-002481,WCUST-00198,2026-06-15,DECAF-COLOMBIA-WHOLESALE,2,93.0,186.0
ORD-002482,WCUST-00198,2026-07-14,REGULAR-COLOMBIA-WHOLESALE,2,84.0,168.0
ORD-002483,WCUST-00198,2026-08-19,REGULAR-COLOMBIA-WHOLESALE,2,84.0,168.0
ORD-002483,WCUST-00198,2026-08-19,DECAF-BLEND-RETAIL,1,15.5,15.5
ORD-002484,WCUST-00199,2026-02-02,REGULAR-PERU-WHOLESALE,4,84.0,336.0
ORD-002485,WCUST-00199,2026-03-07,REGULAR-GUATEMALA-WHOLESALE,6,84.0,504.0
ORD-002486,WCUST-00199,2026-04-10,REGULAR-GUATEMALA-WHOLESALE,5,84.0,420.0
ORD-002487,WCUST-00199,2026-05-23,REGULAR-BLEND-WHOLESALE,4,84.0,336.0
ORD-002488,WCUST-00199,2026-07-06,REGULAR-COLOMBIA-WHOLESALE,9,84.0,756.0
ORD-002489,WCUST-00199,2026-08-09,REGULAR-BLEND-WHOLESALE,5,84.0,420.0
ORD-002490,WCUST-00200,2025-08-15,REGULAR-PERU-WHOLESALE,4,84.0,336.0
ORD-002491,WCUST-00200,2025-09-03,DECAF-GUATEMALA-WHOLESALE,4,93.0,372.0
ORD-002492,WCUST-00200,2025-09-23,REGULAR-PERU-WHOLESALE,3,84.0,252.0
ORD-002493,WCUST-00200,2025-10-14,REGULAR-PERU-WHOLESALE,4,84.0,336.0
ORD-002493,WCUST-00200,2025-10-14,REGULAR-PERU-RETAIL,2,14.0,28.0
ORD-002494,WCUST-00200,2025-11-08,REGULAR-BLEND-WHOLESALE,4,84.0,336.0
ORD-002495,WCUST-00200,2025-12-05,REGULAR-GUATEMALA-WHOLESALE,8,84.0,672.0
ORD-002496,WCUST-00200,2025-12-30,REGULAR-BLEND-WHOLESALE,8,84.0,672.0
ORD-002497,WCUST-00200,2026-01-18,REGULAR-PERU-WHOLESALE,3,84.0,252.0
ORD-002498,WCUST-00200,2026-02-02,DECAF-COLOMBIA-WHOLESALE,8,93.0,744.0
ORD-002499,WCUST-00200,2026-02-25,DECAF-COLOMBIA-WHOLESALE,3,93.0,279.0
ORD-002499,WCUST-00200,2026-02-25,REGULAR-PERU-RETAIL,3,14.0,42.0
ORD-002500,WCUST-00200,2026-03-23,REGULAR-COLOMBIA-WHOLESALE,8,84.0,672.0
ORD-002501,WCUST-00200,2026-04-12,REGULAR-GUATEMALA-WHOLESALE,5,84.0,420.0
ORD-002501,WCUST-00200,2026-04-12,REGULAR-GUATEMALA-RETAIL,3,14.0,42.0
ORD-002502,WCUST-00200,2026-05-08,REGULAR-BLEND-WHOLESALE,3,84.0,252.0
ORD-002502,WCUST-00200,2026-05-08,REGULAR-BLEND-RETAIL,1,14.0,14.0
ORD-002503,WCUST-00200,2026-05-28,REGULAR-BLEND-WHOLESALE,6,84.0,504.0
ORD-002504,WCUST-00200,2026-06-16,REGULAR-BLEND-WHOLESALE,5,84.0,420.0
ORD-002505,WCUST-00200,2026-07-01,REGULAR-BLEND-WHOLESALE,5,84.0,420.0
ORD-002506,WCUST-00200,2026-07-18,REGULAR-BLEND-WHOLESALE,4,84.0,336.0
ORD-002507,WCUST-00200,2026-08-03,REGULAR-COLOMBIA-WHOLESALE,5,84.0,420.0
ORD-002507,WCUST-00200,2026-08-03,REGULAR-COLOMBIA-RETAIL,2,14.0,28.0
ORD-002508,WCUST-00200,2026-08-21,REGULAR-COLOMBIA-WHOLESALE,3,84.0,252.0
ORD-002509,WCUST-00201,2025-03-29,REGULAR-GUATEMALA-WHOLESALE,2,84.0,168.0
ORD-002510,WCUST-00201,2025-05-03,REGULAR-GUATEMALA-WHOLESALE,5,84.0,420.0
ORD-002511,WCUST-00201,2025-05-25,REGULAR-GUATEMALA-WHOLESALE,4,84.0,336.0
ORD-002512,WCUST-00201,2025-06-16,REGULAR-GUATEMALA-WHOLESALE,5,84.0,420.0
ORD-002513,WCUST-00201,2025-07-20,REGULAR-COLOMBIA-WHOLESALE,4,84.0,336.0
ORD-002514,WCUST-00201,2025-08-15,DECAF-GUATEMALA-WHOLESALE,2,93.0,186.0
ORD-002515,WCUST-00201,2025-09-05,REGULAR-PERU-WHOLESALE,3,84.0,252.0
ORD-002516,WCUST-00201,2025-10-03,REGULAR-PERU-WHOLESALE,5,84.0,420.0
ORD-002517,WCUST-00201,2025-10-28,REGULAR-GUATEMALA-WHOLESALE,2,84.0,168.0
ORD-002518,WCUST-00201,2025-11-19,REGULAR-BLEND-WHOLESALE,5,84.0,420.0
ORD-002519,WCUST-00201,2025-12-25,REGULAR-BLEND-WHOLESALE,4,84.0,336.0
ORD-002520,WCUST-00201,2026-01-17,REGULAR-BLEND-WHOLESALE,5,84.0,420.0
ORD-002521,WCUST-00201,2026-02-11,REGULAR-PERU-WHOLESALE,3,84.0,252.0
ORD-002522,WCUST-00201,2026-03-16,REGULAR-GUATEMALA-WHOLESALE,2,84.0,168.0
ORD-002523,WCUST-00201,2026-04-14,REGULAR-GUATEMALA-WHOLESALE,4,84.0,336.0
ORD-002523,WCUST-00201,2026-04-14,REGULAR-GUATEMALA-RETAIL,1,14.0,14.0
ORD-002524,WCUST-00201,2026-05-18,REGULAR-BLEND-WHOLESALE,4,84.0,336.0
ORD-002525,WCUST-00201,2026-06-12,REGULAR-BLEND-WHOLESALE,2,84.0,168.0
ORD-002526,WCUST-00201,2026-07-11,REGULAR-BLEND-WHOLESALE,2,84.0,168.0
ORD-002527,WCUST-00201,2026-08-07,REGULAR-BLEND-WHOLESALE,4,84.0,336.0
ORD-002528,WCUST-00201,2026-09-01,REGULAR-COLOMBIA-WHOLESALE,5,84.0,420.0
ORD-002529,WCUST-00202,2024-11-05,REGULAR-GUATEMALA-WHOLESALE,2,84.0,168.0
ORD-002530,WCUST-00202,2024-11-30,DECAF-PERU-WHOLESALE,3,93.0,279.0
ORD-002531,WCUST-00202,2025-01-05,REGULAR-GUATEMALA-WHOLESALE,3,84.0,252.0
ORD-002532,WCUST-00202,2025-02-07,REGULAR-GUATEMALA-WHOLESALE,3,84.0,252.0
ORD-002532,WCUST-00202,2025-02-07,REGULAR-GUATEMALA-RETAIL,1,14.0,14.0
ORD-002533,WCUST-00202,2025-03-03,DECAF-BLEND-WHOLESALE,3,93.0,279.0
ORD-002534,WCUST-00202,2025-03-28,DECAF-BLEND-WHOLESALE,4,93.0,372.0
ORD-002535,WCUST-00202,2025-05-03,REGULAR-GUATEMALA-WHOLESALE,2,84.0,168.0
ORD-002536,WCUST-00202,2025-05-30,REGULAR-GUATEMALA-WHOLESALE,3,84.0,252.0
ORD-002536,WCUST-00202,2025-05-30,DECAF-BLEND-RETAIL,1,15.5,15.5
ORD-002537,WCUST-00202,2025-07-05,REGULAR-COLOMBIA-WHOLESALE,2,84.0,168.0
ORD-002538,WCUST-00202,2025-08-04,REGULAR-PERU-WHOLESALE,3,84.0,252.0
ORD-002539,WCUST-00202,2025-09-07,REGULAR-PERU-WHOLESALE,3,84.0,252.0
ORD-002540,WCUST-00202,2025-09-29,REGULAR-GUATEMALA-WHOLESALE,4,84.0,336.0
ORD-002541,WCUST-00202,2025-10-23,REGULAR-GUATEMALA-WHOLESALE,5,84.0,420.0
ORD-002541,WCUST-00202,2025-10-23,DECAF-GUATEMALA-RETAIL,2,15.5,31.0
ORD-002542,WCUST-00202,2025-11-13,REGULAR-GUATEMALA-WHOLESALE,4,84.0,336.0
ORD-002543,WCUST-00202,2025-12-16,REGULAR-GUATEMALA-WHOLESALE,4,84.0,336.0
ORD-002544,WCUST-00202,2026-01-12,REGULAR-PERU-WHOLESALE,2,84.0,168.0
ORD-002545,WCUST-00202,2026-02-12,REGULAR-PERU-WHOLESALE,5,84.0,420.0
ORD-002546,WCUST-00202,2026-03-19,REGULAR-GUATEMALA-WHOLESALE,5,84.0,420.0
ORD-002547,WCUST-00202,2026-04-08,DECAF-COLOMBIA-WHOLESALE,3,93.0,279.0
ORD-002548,WCUST-00202,2026-05-10,REGULAR-BLEND-WHOLESALE,2,84.0,168.0
ORD-002549,WCUST-00202,2026-06-10,REGULAR-BLEND-WHOLESALE,5,84.0,420.0
ORD-002550,WCUST-00202,2026-07-09,REGULAR-BLEND-WHOLESALE,5,84.0,420.0
ORD-002551,WCUST-00202,2026-08-14,REGULAR-COLOMBIA-WHOLESALE,5,84.0,420.0
ORD-002551,WCUST-00202,2026-08-14,DECAF-BLEND-RETAIL,1,15.5,15.5
ORD-002552,WCUST-00203,2026-07-14,DECAF-COLOMBIA-WHOLESALE,2,93.0,186.0
ORD-002553,WCUST-00203,2026-08-11,REGULAR-BLEND-WHOLESALE,3,84.0,252.0
ORD-002554,WCUST-00204,2025-01-16,REGULAR-GUATEMALA-WHOLESALE,5,84.0,420.0
ORD-002555,WCUST-00204,2025-02-20,REGULAR-GUATEMALA-WHOLESALE,5,84.0,420.0
ORD-002556,WCUST-00204,2025-03-14,REGULAR-COLOMBIA-WHOLESALE,5,84.0,420.0
ORD-002557,WCUST-00205,2026-01-07,REGULAR-PERU-WHOLESALE,4,84.0,336.0
ORD-002558,WCUST-00205,2026-01-30,REGULAR-PERU-WHOLESALE,4,84.0,336.0
ORD-002559,WCUST-00205,2026-02-20,REGULAR-BLEND-WHOLESALE,5,84.0,420.0
ORD-002560,WCUST-00205,2026-03-17,REGULAR-GUATEMALA-WHOLESALE,2,84.0,168.0
ORD-002561,WCUST-00205,2026-04-10,REGULAR-GUATEMALA-WHOLESALE,4,84.0,336.0
ORD-002562,WCUST-00205,2026-05-02,REGULAR-BLEND-WHOLESALE,2,84.0,168.0
ORD-002563,WCUST-00205,2026-06-07,REGULAR-BLEND-WHOLESALE,2,84.0,168.0
ORD-002564,WCUST-00205,2026-06-30,REGULAR-BLEND-WHOLESALE,2,84.0,168.0
ORD-002565,WCUST-00205,2026-07-29,REGULAR-COLOMBIA-WHOLESALE,4,84.0,336.0
ORD-002566,WCUST-00205,2026-08-24,DECAF-BLEND-WHOLESALE,4,93.0,372.0
ORD-002567,WCUST-00206,2024-10-24,REGULAR-GUATEMALA-WHOLESALE,3,84.0,252.0
ORD-002568,WCUST-00206,2024-11-19,REGULAR-GUATEMALA-WHOLESALE,2,84.0,168.0
ORD-002569,WCUST-00206,2024-12-25,REGULAR-GUATEMALA-WHOLESALE,3,84.0,252.0
ORD-002570,WCUST-00206,2025-01-16,REGULAR-GUATEMALA-WHOLESALE,4,84.0,336.0
ORD-002571,WCUST-00206,2025-02-21,REGULAR-COLOMBIA-WHOLESALE,5,84.0,420.0
ORD-002572,WCUST-00206,2025-03-13,REGULAR-GUATEMALA-WHOLESALE,5,84.0,420.0
ORD-002573,WCUST-00206,2025-04-08,REGULAR-GUATEMALA-WHOLESALE,5,84.0,420.0
ORD-002574,WCUST-00206,2025-04-29,REGULAR-GUATEMALA-WHOLESALE,2,84.0,168.0
ORD-002575,WCUST-00206,2025-06-03,DECAF-BLEND-WHOLESALE,3,93.0,279.0
ORD-002576,WCUST-00206,2025-06-23,DECAF-BLEND-WHOLESALE,3,93.0,279.0
ORD-002577,WCUST-00206,2025-07-28,REGULAR-COLOMBIA-WHOLESALE,3,84.0,252.0
ORD-002578,WCUST-00206,2025-08-21,REGULAR-PERU-WHOLESALE,5,84.0,420.0
ORD-002579,WCUST-00206,2025-09-13,REGULAR-GUATEMALA-WHOLESALE,2,84.0,168.0
ORD-002580,WCUST-00206,2025-10-16,REGULAR-GUATEMALA-WHOLESALE,3,84.0,252.0
ORD-002581,WCUST-00206,2025-11-06,REGULAR-GUATEMALA-WHOLESALE,3,84.0,252.0
ORD-002582,WCUST-00206,2025-12-12,REGULAR-GUATEMALA-WHOLESALE,4,84.0,336.0
ORD-002583,WCUST-00206,2026-01-15,REGULAR-PERU-WHOLESALE,2,84.0,168.0
ORD-002584,WCUST-00206,2026-02-17,REGULAR-BLEND-WHOLESALE,4,84.0,336.0
ORD-002585,WCUST-00206,2026-03-09,DECAF-COLOMBIA-WHOLESALE,2,93.0,186.0
ORD-002586,WCUST-00206,2026-04-06,REGULAR-GUATEMALA-WHOLESALE,3,84.0,252.0
ORD-002587,WCUST-00206,2026-05-01,REGULAR-BLEND-WHOLESALE,5,84.0,420.0
ORD-002588,WCUST-00206,2026-05-26,REGULAR-BLEND-WHOLESALE,2,84.0,168.0
ORD-002589,WCUST-00206,2026-06-30,REGULAR-BLEND-WHOLESALE,3,84.0,252.0
ORD-002589,WCUST-00206,2026-06-30,REGULAR-BLEND-RETAIL,1,14.0,14.0
ORD-002590,WCUST-00206,2026-07-26,REGULAR-COLOMBIA-WHOLESALE,5,84.0,420.0
ORD-002591,WCUST-00206,2026-08-15,REGULAR-BLEND-WHOLESALE,5,84.0,420.0
ORD-002592,WCUST-00206,2026-09-06,REGULAR-BLEND-WHOLESALE,2,84.0,168.0
ORD-002593,WCUST-00207,2023-09-28,DECAF-COLOMBIA-WHOLESALE,2,93.0,186.0
ORD-002594,WCUST-00207,2023-10-19,REGULAR-PERU-WHOLESALE,2,84.0,168.0
ORD-002595,WCUST-00207,2023-11-23,REGULAR-GUATEMALA-WHOLESALE,2,84.0,168.0
ORD-002596,WCUST-00207,2023-12-21,REGULAR-GUATEMALA-WHOLESALE,5,84.0,420.0
ORD-002596,WCUST-00207,2023-12-21,REGULAR-COLOMBIA-RETAIL,3,14.0,42.0
ORD-002597,WCUST-00207,2024-01-22,REGULAR-COLOMBIA-WHOLESALE,2,84.0,168.0
ORD-002598,WCUST-00207,2024-02-17,REGULAR-COLOMBIA-WHOLESALE,5,84.0,420.0
ORD-002599,WCUST-00207,2024-03-10,REGULAR-COLOMBIA-WHOLESALE,4,84.0,336.0
ORD-002600,WCUST-00207,2024-04-10,REGULAR-BLEND-WHOLESALE,2,84.0,168.0
ORD-002601,WCUST-00207,2024-05-10,REGULAR-BLEND-WHOLESALE,5,84.0,420.0
ORD-002602,WCUST-00207,2024-06-03,REGULAR-BLEND-WHOLESALE,4,84.0,336.0
ORD-002603,WCUST-00207,2024-06-27,REGULAR-BLEND-WHOLESALE,5,84.0,420.0
ORD-002604,WCUST-00207,2024-07-19,REGULAR-BLEND-WHOLESALE,5,84.0,420.0
ORD-002605,WCUST-00207,2024-08-16,REGULAR-PERU-WHOLESALE,3,84.0,252.0
ORD-002606,WCUST-00207,2024-09-15,REGULAR-BLEND-WHOLESALE,3,84.0,252.0
ORD-002607,WCUST-00207,2024-10-09,REGULAR-GUATEMALA-WHOLESALE,4,84.0,336.0
ORD-002607,WCUST-00207,2024-10-09,DECAF-GUATEMALA-RETAIL,3,15.5,46.5
ORD-002608,WCUST-00207,2024-11-06,REGULAR-GUATEMALA-WHOLESALE,5,84.0,420.0
ORD-002609,WCUST-00207,2024-11-30,REGULAR-GUATEMALA-WHOLESALE,5,84.0,420.0
ORD-002610,WCUST-00207,2024-12-21,DECAF-PERU-WHOLESALE,3,93.0,279.0
ORD-002610,WCUST-00207,2024-12-21,REGULAR-GUATEMALA-RETAIL,1,14.0,14.0
ORD-002611,WCUST-00207,2025-01-18,REGULAR-GUATEMALA-WHOLESALE,2,84.0,168.0
ORD-002612,WCUST-00207,2025-02-16,REGULAR-GUATEMALA-WHOLESALE,4,84.0,336.0
ORD-002612,WCUST-00207,2025-02-16,REGULAR-GUATEMALA-RETAIL,2,14.0,28.0
ORD-002613,WCUST-00207,2025-03-24,DECAF-BLEND-WHOLESALE,4,93.0,372.0
ORD-002613,WCUST-00207,2025-03-24,REGULAR-GUATEMALA-RETAIL,1,14.0,14.0
ORD-002614,WCUST-00207,2025-04-17,REGULAR-GUATEMALA-WHOLESALE,5,84.0,420.0
ORD-002615,WCUST-00207,2025-05-14,REGULAR-GUATEMALA-WHOLESALE,4,84.0,336.0
ORD-002616,WCUST-00207,2025-06-09,DECAF-BLEND-WHOLESALE,4,93.0,372.0
ORD-002617,WCUST-00207,2025-07-07,REGULAR-COLOMBIA-WHOLESALE,3,84.0,252.0
ORD-002618,WCUST-00207,2025-08-08,DECAF-GUATEMALA-WHOLESALE,3,93.0,279.0
ORD-002619,WCUST-00207,2025-09-05,DECAF-GUATEMALA-WHOLESALE,4,93.0,372.0
ORD-002620,WCUST-00207,2025-09-26,REGULAR-PERU-WHOLESALE,5,84.0,420.0
ORD-002620,WCUST-00207,2025-09-26,REGULAR-PERU-RETAIL,2,14.0,28.0
ORD-002621,WCUST-00207,2025-10-26,DECAF-GUATEMALA-WHOLESALE,4,93.0,372.0
ORD-002621,WCUST-00207,2025-10-26,REGULAR-GUATEMALA-RETAIL,2,14.0,28.0
ORD-002622,WCUST-00207,2025-11-20,REGULAR-GUATEMALA-WHOLESALE,3,84.0,252.0
ORD-002622,WCUST-00207,2025-11-20,REGULAR-BLEND-RETAIL,1,14.0,14.0
ORD-002623,WCUST-00207,2025-12-14,REGULAR-BLEND-WHOLESALE,2,84.0,168.0
ORD-002623,WCUST-00207,2025-12-14,REGULAR-BLEND-RETAIL,1,14.0,14.0
ORD-002624,WCUST-00207,2026-01-03,REGULAR-BLEND-WHOLESALE,3,84.0,252.0
ORD-002625,WCUST-00207,2026-02-08,REGULAR-BLEND-WHOLESALE,4,84.0,336.0
ORD-002626,WCUST-00207,2026-03-01,REGULAR-GUATEMALA-WHOLESALE,5,84.0,420.0
ORD-002626,WCUST-00207,2026-03-01,REGULAR-GUATEMALA-RETAIL,3,14.0,42.0
ORD-002627,WCUST-00207,2026-04-01,REGULAR-GUATEMALA-WHOLESALE,2,84.0,168.0
ORD-002628,WCUST-00207,2026-05-06,REGULAR-BLEND-WHOLESALE,2,84.0,168.0
ORD-002629,WCUST-00207,2026-06-06,REGULAR-BLEND-WHOLESALE,5,84.0,420.0
ORD-002630,WCUST-00207,2026-07-12,REGULAR-BLEND-WHOLESALE,2,84.0,168.0
ORD-002631,WCUST-00207,2026-08-11,REGULAR-COLOMBIA-WHOLESALE,3,84.0,252.0
ORD-002632,WCUST-00207,2026-09-06,DECAF-BLEND-WHOLESALE,3,93.0,279.0
ORD-002633,WCUST-00210,2024-08-05,REGULAR-BLEND-WHOLESALE,4,84.0,336.0
ORD-002634,WCUST-00210,2024-08-28,REGULAR-PERU-WHOLESALE,8,84.0,672.0
ORD-002635,WCUST-00210,2024-09-18,DECAF-GUATEMALA-WHOLESALE,8,93.0,744.0
ORD-002635,WCUST-00210,2024-09-18,REGULAR-PERU-RETAIL,3,14.0,42.0
ORD-002636,WCUST-00210,2024-10-11,REGULAR-GUATEMALA-WHOLESALE,4,84.0,336.0
ORD-002637,WCUST-00210,2024-11-07,REGULAR-GUATEMALA-WHOLESALE,6,84.0,504.0
ORD-002638,WCUST-00210,2024-12-03,REGULAR-GUATEMALA-WHOLESALE,6,84.0,504.0
ORD-002639,WCUST-00210,2024-12-27,REGULAR-GUATEMALA-WHOLESALE,6,84.0,504.0
ORD-002639,WCUST-00210,2024-12-27,REGULAR-GUATEMALA-RETAIL,1,14.0,14.0
ORD-002640,WCUST-00210,2025-01-14,REGULAR-GUATEMALA-WHOLESALE,3,84.0,252.0
ORD-002641,WCUST-00210,2025-02-06,REGULAR-GUATEMALA-WHOLESALE,7,84.0,588.0
ORD-002642,WCUST-00210,2025-02-25,REGULAR-COLOMBIA-WHOLESALE,8,84.0,672.0
ORD-002643,WCUST-00210,2025-03-13,DECAF-BLEND-WHOLESALE,3,93.0,279.0
ORD-002644,WCUST-00210,2025-04-01,REGULAR-GUATEMALA-WHOLESALE,6,84.0,504.0
ORD-002645,WCUST-00210,2025-04-28,REGULAR-GUATEMALA-WHOLESALE,6,84.0,504.0
ORD-002646,WCUST-00210,2025-05-21,REGULAR-GUATEMALA-WHOLESALE,8,84.0,672.0
ORD-002647,WCUST-00210,2025-06-11,DECAF-BLEND-WHOLESALE,7,93.0,651.0
ORD-002648,WCUST-00210,2025-07-04,DECAF-BLEND-WHOLESALE,7,93.0,651.0
ORD-002649,WCUST-00210,2025-07-31,REGULAR-COLOMBIA-WHOLESALE,8,84.0,672.0
ORD-002650,WCUST-00210,2025-08-23,REGULAR-PERU-WHOLESALE,8,84.0,672.0
ORD-002651,WCUST-00210,2025-09-15,REGULAR-PERU-WHOLESALE,8,84.0,672.0
ORD-002652,WCUST-00210,2025-10-11,REGULAR-PERU-WHOLESALE,5,84.0,420.0
ORD-002653,WCUST-00210,2025-11-06,DECAF-PERU-WHOLESALE,7,93.0,651.0
ORD-002654,WCUST-00210,2025-11-30,REGULAR-BLEND-WHOLESALE,4,84.0,336.0
ORD-002655,WCUST-00210,2025-12-27,REGULAR-BLEND-WHOLESALE,4,84.0,336.0
ORD-002656,WCUST-00210,2026-01-20,REGULAR-PERU-WHOLESALE,8,84.0,672.0
ORD-002657,WCUST-00210,2026-02-15,REGULAR-PERU-WHOLESALE,8,84.0,672.0
ORD-002658,WCUST-00210,2026-03-10,REGULAR-GUATEMALA-WHOLESALE,7,84.0,588.0
ORD-002659,WCUST-00210,2026-04-04,DECAF-COLOMBIA-WHOLESALE,3,93.0,279.0
ORD-002660,WCUST-00210,2026-04-20,REGULAR-GUATEMALA-WHOLESALE,8,84.0,672.0
ORD-002660,WCUST-00210,2026-04-20,REGULAR-GUATEMALA-RETAIL,1,14.0,14.0
ORD-002661,WCUST-00210,2026-05-12,REGULAR-BLEND-WHOLESALE,4,84.0,336.0
ORD-002661,WCUST-00210,2026-05-12,REGULAR-BLEND-RETAIL,3,14.0,42.0
ORD-002662,WCUST-00210,2026-06-01,REGULAR-BLEND-WHOLESALE,8,84.0,672.0
ORD-002663,WCUST-00210,2026-06-20,REGULAR-BLEND-WHOLESALE,4,84.0,336.0
ORD-002664,WCUST-00210,2026-07-05,DECAF-COLOMBIA-WHOLESALE,5,93.0,465.0
ORD-002665,WCUST-00210,2026-07-24,REGULAR-COLOMBIA-WHOLESALE,8,84.0,672.0
ORD-002666,WCUST-00210,2026-08-20,REGULAR-BLEND-WHOLESALE,3,84.0,252.0
ORD-002667,WCUST-00210,2026-09-05,REGULAR-COLOMBIA-WHOLESALE,7,84.0,588.0
ORD-002668,WCUST-00211,2026-08-01,REGULAR-BLEND-WHOLESALE,5,84.0,420.0
ORD-002669,WCUST-00211,2026-08-21,REGULAR-COLOMBIA-WHOLESALE,3,84.0,252.0
ORD-002670,WCUST-00212,2025-02-03,REGULAR-GUATEMALA-WHOLESALE,3,84.0,252.0
ORD-002671,WCUST-00212,2025-02-24,DECAF-BLEND-WHOLESALE,6,93.0,558.0
ORD-002672,WCUST-00212,2025-03-15,REGULAR-COLOMBIA-WHOLESALE,4,84.0,336.0
ORD-002672,WCUST-00212,2025-03-15,REGULAR-COLOMBIA-RETAIL,2,14.0,28.0
ORD-002673,WCUST-00212,2025-04-02,REGULAR-GUATEMALA-WHOLESALE,3,84.0,252.0
ORD-002673,WCUST-00212,2025-04-02,REGULAR-GUATEMALA-RETAIL,2,14.0,28.0
ORD-002674,WCUST-00212,2025-04-19,REGULAR-GUATEMALA-WHOLESALE,3,84.0,252.0
ORD-002675,WCUST-00212,2025-05-08,REGULAR-GUATEMALA-WHOLESALE,4,84.0,336.0
ORD-002676,WCUST-00212,2025-05-31,REGULAR-GUATEMALA-WHOLESALE,7,84.0,588.0
ORD-002677,WCUST-00212,2025-06-24,REGULAR-GUATEMALA-WHOLESALE,4,84.0,336.0
ORD-002678,WCUST-00212,2025-07-11,REGULAR-COLOMBIA-WHOLESALE,3,84.0,252.0
ORD-002679,WCUST-00212,2025-08-05,REGULAR-PERU-WHOLESALE,6,84.0,504.0
ORD-002679,WCUST-00212,2025-08-05,REGULAR-PERU-RETAIL,2,14.0,28.0
ORD-002680,WCUST-00212,2025-08-30,REGULAR-GUATEMALA-WHOLESALE,5,84.0,420.0
ORD-002681,WCUST-00212,2025-09-18,REGULAR-GUATEMALA-WHOLESALE,7,84.0,588.0
ORD-002682,WCUST-00212,2025-10-07,REGULAR-GUATEMALA-WHOLESALE,5,84.0,420.0
ORD-002683,WCUST-00212,2025-10-28,REGULAR-PERU-WHOLESALE,8,84.0,672.0
ORD-002684,WCUST-00212,2025-11-17,REGULAR-GUATEMALA-WHOLESALE,6,84.0,504.0
ORD-002685,WCUST-00212,2025-12-12,REGULAR-GUATEMALA-WHOLESALE,8,84.0,672.0
ORD-002686,WCUST-00212,2025-12-27,REGULAR-BLEND-WHOLESALE,8,84.0,672.0
ORD-002687,WCUST-00212,2026-01-18,REGULAR-PERU-WHOLESALE,8,84.0,672.0
ORD-002688,WCUST-00212,2026-02-07,REGULAR-BLEND-WHOLESALE,4,84.0,336.0
ORD-002689,WCUST-00212,2026-02-24,REGULAR-PERU-WHOLESALE,3,84.0,252.0
ORD-002690,WCUST-00212,2026-03-23,DECAF-COLOMBIA-WHOLESALE,3,93.0,279.0
ORD-002691,WCUST-00212,2026-04-12,REGULAR-GUATEMALA-WHOLESALE,8,84.0,672.0
ORD-002692,WCUST-00212,2026-04-27,REGULAR-GUATEMALA-WHOLESALE,6,84.0,504.0
ORD-002693,WCUST-00212,2026-05-16,REGULAR-BLEND-WHOLESALE,8,84.0,672.0
ORD-002694,WCUST-00212,2026-06-03,REGULAR-BLEND-WHOLESALE,8,84.0,672.0
ORD-002695,WCUST-00212,2026-06-20,REGULAR-BLEND-WHOLESALE,8,84.0,672.0
ORD-002696,WCUST-00212,2026-07-17,REGULAR-COLOMBIA-WHOLESALE,6,84.0,504.0
ORD-002697,WCUST-00212,2026-08-09,REGULAR-COLOMBIA-WHOLESALE,3,84.0,252.0
ORD-002698,WCUST-00212,2026-09-02,REGULAR-BLEND-WHOLESALE,8,84.0,672.0
ORD-002699,WCUST-00213,2026-05-28,REGULAR-BLEND-WHOLESALE,5,84.0,420.0
ORD-002700,WCUST-00213,2026-06-18,REGULAR-BLEND-WHOLESALE,8,84.0,672.0
ORD-002701,WCUST-00213,2026-07-08,REGULAR-BLEND-WHOLESALE,7,84.0,588.0
ORD-002702,WCUST-00213,2026-08-02,REGULAR-COLOMBIA-WHOLESALE,8,84.0,672.0
ORD-002703,WCUST-00213,2026-08-28,REGULAR-COLOMBIA-WHOLESALE,7,84.0,588.0
ORD-002703,WCUST-00213,2026-08-28,REGULAR-BLEND-RETAIL,3,14.0,42.0
ORD-002704,WCUST-00214,2025-06-14,REGULAR-GUATEMALA-WHOLESALE,5,84.0,420.0
ORD-002705,WCUST-00214,2025-07-27,REGULAR-COLOMBIA-WHOLESALE,5,84.0,420.0
ORD-002705,WCUST-00214,2025-07-27,REGULAR-COLOMBIA-RETAIL,3,14.0,42.0
ORD-002706,WCUST-00214,2025-08-22,REGULAR-GUATEMALA-WHOLESALE,5,84.0,420.0
ORD-002707,WCUST-00214,2025-09-20,REGULAR-PERU-WHOLESALE,8,84.0,672.0
ORD-002708,WCUST-00214,2025-10-19,REGULAR-GUATEMALA-WHOLESALE,9,84.0,756.0
ORD-002709,WCUST-00214,2025-11-16,REGULAR-GUATEMALA-WHOLESALE,10,84.0,840.0
ORD-002710,WCUST-00214,2025-12-24,REGULAR-GUATEMALA-WHOLESALE,7,84.0,588.0
ORD-002711,WCUST-00214,2026-02-07,DECAF-COLOMBIA-WHOLESALE,4,93.0,372.0
ORD-002712,WCUST-00214,2026-03-23,REGULAR-GUATEMALA-WHOLESALE,5,84.0,420.0
ORD-002713,WCUST-00214,2026-04-28,REGULAR-GUATEMALA-WHOLESALE,5,84.0,420.0
ORD-002714,WCUST-00214,2026-06-04,REGULAR-BLEND-WHOLESALE,10,84.0,840.0
ORD-002715,WCUST-00214,2026-07-15,DECAF-COLOMBIA-WHOLESALE,6,93.0,558.0
ORD-002716,WCUST-00214,2026-08-18,REGULAR-COLOMBIA-WHOLESALE,8,84.0,672.0
ORD-002717,WCUST-00215,2026-01-27,REGULAR-BLEND-WHOLESALE,3,84.0,252.0
ORD-002718,WCUST-00215,2026-03-25,REGULAR-COLOMBIA-WHOLESALE,1,84.0,84.0
ORD-002718,WCUST-00215,2026-03-25,REGULAR-COLOMBIA-RETAIL,2,14.0,28.0
ORD-002719,WCUST-00215,2026-05-17,REGULAR-BLEND-WHOLESALE,3,84.0,252.0
ORD-002720,WCUST-00215,2026-07-07,REGULAR-COLOMBIA-WHOLESALE,2,84.0,168.0
ORD-002721,WCUST-00215,2026-08-28,REGULAR-COLOMBIA-WHOLESALE,2,84.0,168.0
ORD-002722,WCUST-00216,2025-07-13,DECAF-BLEND-WHOLESALE,2,93.0,186.0
ORD-002723,WCUST-00216,2025-08-13,REGULAR-GUATEMALA-WHOLESALE,2,84.0,168.0
ORD-002724,WCUST-00216,2025-09-06,REGULAR-PERU-WHOLESALE,2,84.0,168.0
ORD-002725,WCUST-00216,2025-10-04,REGULAR-GUATEMALA-WHOLESALE,4,84.0,336.0
ORD-002726,WCUST-00216,2025-11-08,REGULAR-BLEND-WHOLESALE,5,84.0,420.0
ORD-002727,WCUST-00216,2025-12-02,REGULAR-BLEND-WHOLESALE,2,84.0,168.0
ORD-002727,WCUST-00216,2025-12-02,REGULAR-GUATEMALA-RETAIL,3,14.0,42.0
ORD-002728,WCUST-00216,2026-01-02,REGULAR-PERU-WHOLESALE,2,84.0,168.0
ORD-002729,WCUST-00216,2026-01-23,REGULAR-BLEND-WHOLESALE,3,84.0,252.0
ORD-002730,WCUST-00216,2026-02-16,REGULAR-BLEND-WHOLESALE,2,84.0,168.0
ORD-002731,WCUST-00216,2026-03-10,REGULAR-GUATEMALA-WHOLESALE,5,84.0,420.0
ORD-002732,WCUST-00216,2026-04-03,REGULAR-GUATEMALA-WHOLESALE,3,84.0,252.0
ORD-002732,WCUST-00216,2026-04-03,REGULAR-GUATEMALA-RETAIL,3,14.0,42.0
ORD-002733,WCUST-00216,2026-05-06,DECAF-PERU-WHOLESALE,2,93.0,186.0
ORD-002734,WCUST-00216,2026-06-09,REGULAR-BLEND-WHOLESALE,4,84.0,336.0
ORD-002734,WCUST-00216,2026-06-09,REGULAR-BLEND-RETAIL,1,14.0,14.0
ORD-002735,WCUST-00216,2026-07-06,REGULAR-BLEND-WHOLESALE,2,84.0,168.0
ORD-002736,WCUST-00216,2026-08-06,REGULAR-BLEND-WHOLESALE,5,84.0,420.0
ORD-002737,WCUST-00216,2026-08-27,DECAF-BLEND-WHOLESALE,4,93.0,372.0
ORD-002738,WCUST-00218,2025-02-04,REGULAR-COLOMBIA-WHOLESALE,3,84.0,252.0
ORD-002739,WCUST-00218,2025-03-03,REGULAR-COLOMBIA-WHOLESALE,4,84.0,336.0
ORD-002740,WCUST-00218,2025-03-27,REGULAR-COLOMBIA-WHOLESALE,5,84.0,420.0
ORD-002741,WCUST-00218,2025-04-22,REGULAR-GUATEMALA-WHOLESALE,5,84.0,420.0
ORD-002741,WCUST-00218,2025-04-22,REGULAR-GUATEMALA-RETAIL,1,14.0,14.0
ORD-002742,WCUST-00218,2025-05-19,REGULAR-GUATEMALA-WHOLESALE,6,84.0,504.0
ORD-002743,WCUST-00218,2025-06-08,DECAF-BLEND-WHOLESALE,7,93.0,651.0
ORD-002744,WCUST-00218,2025-06-27,REGULAR-GUATEMALA-WHOLESALE,7,84.0,588.0
ORD-002744,WCUST-00218,2025-06-27,REGULAR-GUATEMALA-RETAIL,1,14.0,14.0
ORD-002745,WCUST-00218,2025-07-14,DECAF-BLEND-WHOLESALE,4,93.0,372.0
ORD-002745,WCUST-00218,2025-07-14,REGULAR-COLOMBIA-RETAIL,1,14.0,14.0
ORD-002746,WCUST-00218,2025-08-06,REGULAR-GUATEMALA-WHOLESALE,8,84.0,672.0
ORD-002747,WCUST-00218,2025-08-26,REGULAR-PERU-WHOLESALE,5,84.0,420.0
ORD-002748,WCUST-00218,2025-09-10,REGULAR-PERU-WHOLESALE,6,84.0,504.0
ORD-002748,WCUST-00218,2025-09-10,REGULAR-GUATEMALA-RETAIL,3,14.0,42.0
ORD-002749,WCUST-00218,2025-10-05,REGULAR-GUATEMALA-WHOLESALE,7,84.0,588.0
ORD-002749,WCUST-00218,2025-10-05,REGULAR-PERU-RETAIL,2,14.0,28.0
ORD-002750,WCUST-00219,2025-01-08,REGULAR-GUATEMALA-WHOLESALE,2,84.0,168.0
ORD-002751,WCUST-00219,2025-02-04,REGULAR-COLOMBIA-WHOLESALE,3,84.0,252.0
ORD-002752,WCUST-00219,2025-03-11,REGULAR-COLOMBIA-WHOLESALE,3,84.0,252.0
ORD-002753,WCUST-00219,2025-04-11,REGULAR-GUATEMALA-WHOLESALE,2,84.0,168.0
ORD-002754,WCUST-00219,2025-05-03,DECAF-BLEND-WHOLESALE,3,93.0,279.0
ORD-002755,WCUST-00219,2025-05-31,REGULAR-GUATEMALA-WHOLESALE,2,84.0,168.0
ORD-002756,WCUST-00219,2025-06-25,REGULAR-GUATEMALA-WHOLESALE,5,84.0,420.0
ORD-002757,WCUST-00219,2025-07-24,REGULAR-COLOMBIA-WHOLESALE,4,84.0,336.0
ORD-002758,WCUST-00219,2025-08-28,DECAF-GUATEMALA-WHOLESALE,5,93.0,465.0
ORD-002759,WCUST-00219,2025-09-27,REGULAR-PERU-WHOLESALE,2,84.0,168.0
ORD-002760,WCUST-00219,2025-10-30,REGULAR-GUATEMALA-WHOLESALE,5,84.0,420.0
ORD-002761,WCUST-00220,2025-09-29,REGULAR-GUATEMALA-WHOLESALE,5,84.0,420.0
ORD-002762,WCUST-00220,2025-11-04,REGULAR-GUATEMALA-WHOLESALE,3,84.0,252.0
ORD-002763,WCUST-00220,2025-12-05,REGULAR-BLEND-WHOLESALE,4,84.0,336.0
ORD-002764,WCUST-00220,2025-12-30,REGULAR-BLEND-WHOLESALE,2,84.0,168.0
ORD-002765,WCUST-00220,2026-01-27,REGULAR-PERU-WHOLESALE,5,84.0,420.0
ORD-002766,WCUST-00220,2026-02-26,DECAF-COLOMBIA-WHOLESALE,2,93.0,186.0
ORD-002767,WCUST-00220,2026-03-21,REGULAR-GUATEMALA-WHOLESALE,2,84.0,168.0
ORD-002767,WCUST-00220,2026-03-21,REGULAR-GUATEMALA-RETAIL,1,14.0,14.0
ORD-002768,WCUST-00220,2026-04-25,REGULAR-GUATEMALA-WHOLESALE,4,84.0,336.0
ORD-002768,WCUST-00220,2026-04-25,REGULAR-GUATEMALA-RETAIL,1,14.0,14.0
ORD-002769,WCUST-00220,2026-05-16,REGULAR-BLEND-WHOLESALE,4,84.0,336.0
ORD-002770,WCUST-00220,2026-06-11,REGULAR-BLEND-WHOLESALE,2,84.0,168.0
ORD-002771,WCUST-00220,2026-07-10,REGULAR-BLEND-WHOLESALE,2,84.0,168.0
ORD-002772,WCUST-00220,2026-08-06,DECAF-BLEND-WHOLESALE,5,93.0,465.0
ORD-002773,WCUST-00220,2026-09-09,REGULAR-COLOMBIA-WHOLESALE,5,84.0,420.0
ORD-002773,WCUST-00220,2026-09-09,REGULAR-BLEND-RETAIL,2,14.0,28.0
ORD-002774,WCUST-00221,2024-10-19,REGULAR-GUATEMALA-WHOLESALE,3,84.0,252.0
ORD-002775,WCUST-00221,2024-11-24,REGULAR-GUATEMALA-WHOLESALE,2,84.0,168.0
ORD-002775,WCUST-00221,2024-11-24,REGULAR-GUATEMALA-RETAIL,1,14.0,14.0
ORD-002776,WCUST-00221,2024-12-28,DECAF-PERU-WHOLESALE,3,93.0,279.0
ORD-002776,WCUST-00221,2024-12-28,REGULAR-GUATEMALA-RETAIL,2,14.0,28.0
ORD-002777,WCUST-00221,2025-01-18,REGULAR-GUATEMALA-WHOLESALE,4,84.0,336.0
ORD-002778,WCUST-00221,2025-02-07,REGULAR-GUATEMALA-WHOLESALE,3,84.0,252.0
ORD-002779,WCUST-00221,2025-03-09,DECAF-BLEND-WHOLESALE,2,93.0,186.0
ORD-002779,WCUST-00221,2025-03-09,REGULAR-GUATEMALA-RETAIL,2,14.0,28.0
ORD-002780,WCUST-00221,2025-04-04,DECAF-BLEND-WHOLESALE,5,93.0,465.0
ORD-002781,WCUST-00221,2025-05-02,REGULAR-GUATEMALA-WHOLESALE,5,84.0,420.0
ORD-002782,WCUST-00221,2025-06-01,REGULAR-GUATEMALA-WHOLESALE,3,84.0,252.0
ORD-002783,WCUST-00221,2025-07-06,REGULAR-COLOMBIA-WHOLESALE,2,84.0,168.0
ORD-002784,WCUST-00221,2025-07-28,REGULAR-COLOMBIA-WHOLESALE,2,84.0,168.0
ORD-002784,WCUST-00221,2025-07-28,REGULAR-COLOMBIA-RETAIL,1,14.0,14.0
ORD-002785,WCUST-00221,2025-08-20,REGULAR-PERU-WHOLESALE,2,84.0,168.0
ORD-002786,WCUST-00221,2025-09-11,DECAF-GUATEMALA-WHOLESALE,2,93.0,186.0
ORD-002787,WCUST-00221,2025-10-14,REGULAR-PERU-WHOLESALE,2,84.0,168.0
ORD-002788,WCUST-00221,2025-11-05,REGULAR-BLEND-WHOLESALE,3,84.0,252.0
ORD-002789,WCUST-00221,2025-11-29,REGULAR-GUATEMALA-WHOLESALE,5,84.0,420.0
ORD-002790,WCUST-00221,2026-01-04,REGULAR-BLEND-WHOLESALE,4,84.0,336.0
ORD-002791,WCUST-00221,2026-02-07,REGULAR-BLEND-WHOLESALE,3,84.0,252.0
ORD-002792,WCUST-00221,2026-03-15,REGULAR-COLOMBIA-WHOLESALE,5,84.0,420.0
ORD-002793,WCUST-00221,2026-04-09,REGULAR-GUATEMALA-WHOLESALE,4,84.0,336.0
ORD-002794,WCUST-00221,2026-05-15,REGULAR-BLEND-WHOLESALE,4,84.0,336.0
ORD-002795,WCUST-00221,2026-06-16,REGULAR-BLEND-WHOLESALE,2,84.0,168.0
ORD-002795,WCUST-00221,2026-06-16,DECAF-COLOMBIA-RETAIL,1,15.5,15.5
ORD-002796,WCUST-00221,2026-07-20,REGULAR-COLOMBIA-WHOLESALE,5,84.0,420.0
ORD-002797,WCUST-00221,2026-08-25,REGULAR-COLOMBIA-WHOLESALE,5,84.0,420.0
ORD-002798,WCUST-00222,2025-10-09,REGULAR-GUATEMALA-WHOLESALE,2,84.0,168.0
ORD-002799,WCUST-00222,2025-11-30,REGULAR-GUATEMALA-WHOLESALE,3,84.0,252.0
ORD-002800,WCUST-00222,2026-01-22,DECAF-PERU-WHOLESALE,1,93.0,93.0
ORD-002801,WCUST-00222,2026-03-25,REGULAR-GUATEMALA-WHOLESALE,1,84.0,84.0
ORD-002802,WCUST-00222,2026-05-18,REGULAR-BLEND-WHOLESALE,2,84.0,168.0
ORD-002803,WCUST-00222,2026-06-27,REGULAR-BLEND-WHOLESALE,3,84.0,252.0
ORD-002804,WCUST-00222,2026-08-18,REGULAR-COLOMBIA-WHOLESALE,1,84.0,84.0
ORD-002805,WCUST-00223,2025-11-16,REGULAR-BLEND-WHOLESALE,7,84.0,588.0
ORD-002806,WCUST-00223,2025-12-05,REGULAR-BLEND-WHOLESALE,6,84.0,504.0
ORD-002807,WCUST-00223,2025-12-30,DECAF-PERU-WHOLESALE,3,93.0,279.0
ORD-002808,WCUST-00223,2026-01-15,REGULAR-PERU-WHOLESALE,8,84.0,672.0
ORD-002809,WCUST-00223,2026-02-07,DECAF-COLOMBIA-WHOLESALE,6,93.0,558.0
ORD-002810,WCUST-00223,2026-03-06,REGULAR-COLOMBIA-WHOLESALE,7,84.0,588.0
ORD-002811,WCUST-00223,2026-03-30,REGULAR-GUATEMALA-WHOLESALE,4,84.0,336.0
ORD-002812,WCUST-00223,2026-04-16,DECAF-COLOMBIA-WHOLESALE,7,93.0,651.0
ORD-002812,WCUST-00223,2026-04-16,REGULAR-GUATEMALA-RETAIL,2,14.0,28.0
ORD-002813,WCUST-00223,2026-05-11,REGULAR-BLEND-WHOLESALE,4,84.0,336.0
ORD-002814,WCUST-00223,2026-05-31,REGULAR-BLEND-WHOLESALE,5,84.0,420.0
ORD-002815,WCUST-00223,2026-06-20,REGULAR-BLEND-WHOLESALE,8,84.0,672.0
ORD-002816,WCUST-00223,2026-07-15,REGULAR-COLOMBIA-WHOLESALE,6,84.0,504.0
ORD-002817,WCUST-00223,2026-08-06,REGULAR-COLOMBIA-WHOLESALE,5,84.0,420.0
ORD-002817,WCUST-00223,2026-08-06,REGULAR-BLEND-RETAIL,3,14.0,42.0
ORD-002818,WCUST-00223,2026-08-24,DECAF-BLEND-WHOLESALE,4,93.0,372.0
ORD-002819,WCUST-00224,2026-06-23,REGULAR-BLEND-WHOLESALE,6,84.0,504.0
ORD-002820,WCUST-00224,2026-07-19,DECAF-COLOMBIA-WHOLESALE,7,93.0,651.0
ORD-002821,WCUST-00224,2026-08-08,REGULAR-COLOMBIA-WHOLESALE,6,84.0,504.0
ORD-002822,WCUST-00224,2026-08-28,REGULAR-BLEND-WHOLESALE,7,84.0,588.0
ORD-002823,WCUST-00226,2026-05-02,REGULAR-BLEND-WHOLESALE,2,84.0,168.0
ORD-002824,WCUST-00226,2026-05-30,REGULAR-BLEND-WHOLESALE,5,84.0,420.0
ORD-002825,WCUST-00226,2026-06-21,REGULAR-BLEND-WHOLESALE,4,84.0,336.0
ORD-002826,WCUST-00226,2026-07-22,REGULAR-BLEND-WHOLESALE,2,84.0,168.0
ORD-002827,WCUST-00226,2026-08-12,REGULAR-COLOMBIA-WHOLESALE,2,84.0,168.0
ORD-002828,WCUST-00227,2025-05-29,REGULAR-GUATEMALA-WHOLESALE,4,84.0,336.0
ORD-002829,WCUST-00227,2025-06-27,REGULAR-GUATEMALA-WHOLESALE,3,84.0,252.0
ORD-002830,WCUST-00227,2025-07-24,REGULAR-COLOMBIA-WHOLESALE,3,84.0,252.0
ORD-002831,WCUST-00227,2025-08-22,DECAF-GUATEMALA-WHOLESALE,2,93.0,186.0
ORD-002832,WCUST-00227,2025-09-27,REGULAR-GUATEMALA-WHOLESALE,4,84.0,336.0
ORD-002833,WCUST-00227,2025-10-22,REGULAR-PERU-WHOLESALE,3,84.0,252.0
ORD-002833,WCUST-00227,2025-10-22,DECAF-GUATEMALA-RETAIL,3,15.5,46.5
ORD-002834,WCUST-00227,2025-11-16,DECAF-PERU-WHOLESALE,5,93.0,465.0
ORD-002835,WCUST-00227,2025-12-06,REGULAR-GUATEMALA-WHOLESALE,3,84.0,252.0
ORD-002836,WCUST-00227,2026-01-11,REGULAR-BLEND-WHOLESALE,2,84.0,168.0
ORD-002837,WCUST-00228,2024-09-06,REGULAR-BLEND-WHOLESALE,4,84.0,336.0
ORD-002838,WCUST-00228,2024-09-22,REGULAR-BLEND-WHOLESALE,6,84.0,504.0
ORD-002839,WCUST-00228,2024-10-13,REGULAR-GUATEMALA-WHOLESALE,7,84.0,588.0
ORD-002840,WCUST-00228,2024-11-03,DECAF-PERU-WHOLESALE,5,93.0,465.0
ORD-002841,WCUST-00228,2024-11-18,REGULAR-GUATEMALA-WHOLESALE,8,84.0,672.0
ORD-002842,WCUST-00228,2024-12-08,DECAF-PERU-WHOLESALE,5,93.0,465.0
ORD-002843,WCUST-00228,2024-12-25,REGULAR-GUATEMALA-WHOLESALE,6,84.0,504.0
ORD-002844,WCUST-00228,2025-01-18,REGULAR-GUATEMALA-WHOLESALE,5,84.0,420.0
ORD-002844,WCUST-00228,2025-01-18,DECAF-PERU-RETAIL,1,15.5,15.5
ORD-002845,WCUST-00228,2025-02-08,DECAF-BLEND-WHOLESALE,6,93.0,558.0
ORD-002846,WCUST-00228,2025-02-24,REGULAR-GUATEMALA-WHOLESALE,5,84.0,420.0
ORD-002847,WCUST-00228,2025-03-12,REGULAR-GUATEMALA-WHOLESALE,3,84.0,252.0
ORD-002848,WCUST-00228,2025-04-08,REGULAR-GUATEMALA-WHOLESALE,8,84.0,672.0
ORD-002849,WCUST-00228,2025-05-02,REGULAR-GUATEMALA-WHOLESALE,5,84.0,420.0
ORD-002850,WCUST-00228,2025-05-17,REGULAR-GUATEMALA-WHOLESALE,6,84.0,504.0
ORD-002851,WCUST-00228,2025-06-04,REGULAR-GUATEMALA-WHOLESALE,3,84.0,252.0
ORD-002852,WCUST-00228,2025-07-01,REGULAR-COLOMBIA-WHOLESALE,5,84.0,420.0
ORD-002853,WCUST-00228,2025-07-16,REGULAR-COLOMBIA-WHOLESALE,7,84.0,588.0
ORD-002853,WCUST-00228,2025-07-16,DECAF-BLEND-RETAIL,1,15.5,15.5
ORD-002854,WCUST-00228,2025-07-31,REGULAR-COLOMBIA-WHOLESALE,4,84.0,336.0
ORD-002855,WCUST-00228,2025-08-25,REGULAR-GUATEMALA-WHOLESALE,8,84.0,672.0
ORD-002856,WCUST-00228,2025-09-13,REGULAR-PERU-WHOLESALE,8,84.0,672.0
ORD-002857,WCUST-00228,2025-09-30,REGULAR-PERU-WHOLESALE,4,84.0,336.0
ORD-002858,WCUST-00228,2025-10-25,DECAF-GUATEMALA-WHOLESALE,4,93.0,372.0
ORD-002858,WCUST-00228,2025-10-25,REGULAR-GUATEMALA-RETAIL,3,14.0,42.0
ORD-002859,WCUST-00228,2025-11-13,DECAF-PERU-WHOLESALE,4,93.0,372.0
ORD-002860,WCUST-00228,2025-12-01,REGULAR-GUATEMALA-WHOLESALE,7,84.0,588.0
ORD-002861,WCUST-00228,2025-12-22,DECAF-PERU-WHOLESALE,5,93.0,465.0
ORD-002862,WCUST-00228,2026-01-09,REGULAR-PERU-WHOLESALE,7,84.0,588.0
ORD-002863,WCUST-00228,2026-02-02,REGULAR-PERU-WHOLESALE,3,84.0,252.0
ORD-002863,WCUST-00228,2026-02-02,REGULAR-BLEND-RETAIL,2,14.0,28.0
ORD-002864,WCUST-00228,2026-02-26,REGULAR-PERU-WHOLESALE,5,84.0,420.0
ORD-002865,WCUST-00228,2026-03-15,REGULAR-COLOMBIA-WHOLESALE,4,84.0,336.0
ORD-002866,WCUST-00228,2026-04-09,REGULAR-GUATEMALA-WHOLESALE,5,84.0,420.0
ORD-002867,WCUST-00228,2026-05-06,REGULAR-BLEND-WHOLESALE,8,84.0,672.0
ORD-002868,WCUST-00228,2026-05-25,REGULAR-BLEND-WHOLESALE,5,84.0,420.0
ORD-002869,WCUST-00228,2026-06-12,REGULAR-BLEND-WHOLESALE,6,84.0,504.0
ORD-002870,WCUST-00228,2026-06-28,REGULAR-BLEND-WHOLESALE,3,84.0,252.0
ORD-002871,WCUST-00228,2026-07-16,REGULAR-BLEND-WHOLESALE,6,84.0,504.0
ORD-002871,WCUST-00228,2026-07-16,REGULAR-COLOMBIA-RETAIL,1,14.0,14.0
ORD-002872,WCUST-00228,2026-08-05,REGULAR-BLEND-WHOLESALE,6,84.0,504.0
ORD-002873,WCUST-00228,2026-08-24,REGULAR-BLEND-WHOLESALE,3,84.0,252.0
ORD-002874,WCUST-00229,2026-01-20,REGULAR-BLEND-WHOLESALE,5,84.0,420.0
ORD-002874,WCUST-00229,2026-01-20,DECAF-PERU-RETAIL,3,15.5,46.5
ORD-002875,WCUST-00229,2026-02-14,REGULAR-PERU-WHOLESALE,8,84.0,672.0
ORD-002876,WCUST-00229,2026-03-03,DECAF-COLOMBIA-WHOLESALE,8,93.0,744.0
ORD-002876,WCUST-00229,2026-03-03,REGULAR-COLOMBIA-RETAIL,1,14.0,14.0
ORD-002877,WCUST-00229,2026-03-24,REGULAR-GUATEMALA-WHOLESALE,5,84.0,420.0
ORD-002878,WCUST-00229,2026-04-16,REGULAR-GUATEMALA-WHOLESALE,5,84.0,420.0
ORD-002879,WCUST-00229,2026-05-12,REGULAR-BLEND-WHOLESALE,4,84.0,336.0
ORD-002880,WCUST-00229,2026-05-30,REGULAR-BLEND-WHOLESALE,4,84.0,336.0
ORD-002881,WCUST-00229,2026-06-15,REGULAR-BLEND-WHOLESALE,8,84.0,672.0
ORD-002882,WCUST-00229,2026-07-11,REGULAR-COLOMBIA-WHOLESALE,8,84.0,672.0
ORD-002883,WCUST-00229,2026-07-29,REGULAR-COLOMBIA-WHOLESALE,4,84.0,336.0
ORD-002883,WCUST-00229,2026-07-29,DECAF-COLOMBIA-RETAIL,1,15.5,15.5
ORD-002884,WCUST-00229,2026-08-19,REGULAR-COLOMBIA-WHOLESALE,5,84.0,420.0
ORD-002885,WCUST-00229,2026-09-05,REGULAR-COLOMBIA-WHOLESALE,3,84.0,252.0
ORD-002886,WCUST-00230,2024-11-06,REGULAR-GUATEMALA-WHOLESALE,6,84.0,504.0
ORD-002887,WCUST-00230,2024-11-29,REGULAR-GUATEMALA-WHOLESALE,4,84.0,336.0
ORD-002888,WCUST-00230,2024-12-24,REGULAR-GUATEMALA-WHOLESALE,6,84.0,504.0
ORD-002889,WCUST-00231,2026-09-05,REGULAR-BLEND-WHOLESALE,5,84.0,420.0
ORD-002890,WCUST-00232,2026-03-18,REGULAR-GUATEMALA-WHOLESALE,9,84.0,756.0
ORD-002891,WCUST-00232,2026-04-29,REGULAR-GUATEMALA-WHOLESALE,5,84.0,420.0
ORD-002892,WCUST-00232,2026-06-13,REGULAR-BLEND-WHOLESALE,8,84.0,672.0
ORD-002893,WCUST-00232,2026-07-20,REGULAR-COLOMBIA-WHOLESALE,6,84.0,504.0
ORD-002894,WCUST-00232,2026-08-21,REGULAR-COLOMBIA-WHOLESALE,10,84.0,840.0
ORD-002895,WCUST-00233,2024-09-06,REGULAR-BLEND-WHOLESALE,2,84.0,168.0
ORD-002895,WCUST-00233,2024-09-06,DECAF-GUATEMALA-RETAIL,2,15.5,31.0
ORD-002896,WCUST-00233,2024-09-26,REGULAR-PERU-WHOLESALE,5,84.0,420.0
ORD-002897,WCUST-00233,2024-10-16,REGULAR-GUATEMALA-WHOLESALE,5,84.0,420.0
ORD-002898,WCUST-00233,2024-11-19,REGULAR-GUATEMALA-WHOLESALE,4,84.0,336.0
ORD-002899,WCUST-00233,2024-12-24,REGULAR-GUATEMALA-WHOLESALE,2,84.0,168.0
ORD-002900,WCUST-00233,2025-01-26,REGULAR-GUATEMALA-WHOLESALE,4,84.0,336.0
ORD-002901,WCUST-00233,2025-02-25,REGULAR-GUATEMALA-WHOLESALE,3,84.0,252.0
ORD-002902,WCUST-00233,2025-03-31,REGULAR-GUATEMALA-WHOLESALE,5,84.0,420.0
ORD-002903,WCUST-00233,2025-05-02,REGULAR-GUATEMALA-WHOLESALE,2,84.0,168.0
ORD-002904,WCUST-00233,2025-06-04,REGULAR-GUATEMALA-WHOLESALE,3,84.0,252.0
ORD-002905,WCUST-00233,2025-07-05,REGULAR-COLOMBIA-WHOLESALE,3,84.0,252.0
ORD-002906,WCUST-00233,2025-07-31,REGULAR-COLOMBIA-WHOLESALE,2,84.0,168.0
ORD-002907,WCUST-00233,2025-09-04,REGULAR-PERU-WHOLESALE,5,84.0,420.0
ORD-002908,WCUST-00233,2025-10-03,REGULAR-GUATEMALA-WHOLESALE,3,84.0,252.0
ORD-002909,WCUST-00233,2025-10-26,REGULAR-GUATEMALA-WHOLESALE,5,84.0,420.0
ORD-002910,WCUST-00233,2025-11-19,REGULAR-GUATEMALA-WHOLESALE,2,84.0,168.0
ORD-002911,WCUST-00233,2025-12-18,REGULAR-GUATEMALA-WHOLESALE,4,84.0,336.0
ORD-002912,WCUST-00233,2026-01-12,REGULAR-PERU-WHOLESALE,2,84.0,168.0
ORD-002913,WCUST-00233,2026-02-02,REGULAR-BLEND-WHOLESALE,2,84.0,168.0
ORD-002914,WCUST-00233,2026-02-27,REGULAR-PERU-WHOLESALE,2,84.0,168.0
ORD-002915,WCUST-00233,2026-03-20,REGULAR-GUATEMALA-WHOLESALE,5,84.0,420.0
ORD-002916,WCUST-00233,2026-04-18,REGULAR-GUATEMALA-WHOLESALE,3,84.0,252.0
ORD-002917,WCUST-00233,2026-05-10,REGULAR-BLEND-WHOLESALE,4,84.0,336.0
ORD-002918,WCUST-00233,2026-06-02,REGULAR-BLEND-WHOLESALE,5,84.0,420.0
ORD-002918,WCUST-00233,2026-06-02,REGULAR-BLEND-RETAIL,3,14.0,42.0
ORD-002919,WCUST-00233,2026-07-06,REGULAR-COLOMBIA-WHOLESALE,5,84.0,420.0
ORD-002920,WCUST-00233,2026-07-26,REGULAR-BLEND-WHOLESALE,3,84.0,252.0
ORD-002920,WCUST-00233,2026-07-26,REGULAR-COLOMBIA-RETAIL,2,14.0,28.0
ORD-002921,WCUST-00233,2026-08-29,REGULAR-BLEND-WHOLESALE,2,84.0,168.0
ORD-002922,WCUST-00234,2025-08-16,DECAF-GUATEMALA-WHOLESALE,6,93.0,558.0
ORD-002923,WCUST-00234,2025-09-09,REGULAR-PERU-WHOLESALE,5,84.0,420.0
ORD-002924,WCUST-00234,2025-10-01,REGULAR-GUATEMALA-WHOLESALE,7,84.0,588.0
ORD-002925,WCUST-00234,2025-10-21,REGULAR-PERU-WHOLESALE,8,84.0,672.0
ORD-002926,WCUST-00234,2025-11-06,REGULAR-BLEND-WHOLESALE,7,84.0,588.0
ORD-002927,WCUST-00234,2025-11-26,REGULAR-GUATEMALA-WHOLESALE,8,84.0,672.0
ORD-002928,WCUST-00234,2025-12-20,REGULAR-BLEND-WHOLESALE,8,84.0,672.0
ORD-002929,WCUST-00234,2026-01-08,REGULAR-BLEND-WHOLESALE,8,84.0,672.0
ORD-002930,WCUST-00234,2026-01-24,REGULAR-BLEND-WHOLESALE,7,84.0,588.0
ORD-002931,WCUST-00234,2026-02-11,REGULAR-PERU-WHOLESALE,5,84.0,420.0
ORD-002932,WCUST-00234,2026-03-09,REGULAR-COLOMBIA-WHOLESALE,4,84.0,336.0
ORD-002933,WCUST-00234,2026-04-05,REGULAR-GUATEMALA-WHOLESALE,8,84.0,672.0
ORD-002934,WCUST-00234,2026-04-30,REGULAR-GUATEMALA-WHOLESALE,6,84.0,504.0
ORD-002935,WCUST-00234,2026-05-21,REGULAR-BLEND-WHOLESALE,6,84.0,504.0
ORD-002936,WCUST-00234,2026-06-07,REGULAR-BLEND-WHOLESALE,8,84.0,672.0
ORD-002936,WCUST-00234,2026-06-07,REGULAR-BLEND-RETAIL,2,14.0,28.0
ORD-002937,WCUST-00234,2026-07-03,REGULAR-BLEND-WHOLESALE,6,84.0,504.0
ORD-002937,WCUST-00234,2026-07-03,REGULAR-BLEND-RETAIL,2,14.0,28.0
ORD-002938,WCUST-00234,2026-07-28,REGULAR-BLEND-WHOLESALE,8,84.0,672.0
ORD-002938,WCUST-00234,2026-07-28,REGULAR-BLEND-RETAIL,1,14.0,14.0
ORD-002939,WCUST-00234,2026-08-15,REGULAR-BLEND-WHOLESALE,8,84.0,672.0
ORD-002940,WCUST-00236,2025-07-07,REGULAR-COLOMBIA-WHOLESALE,5,84.0,420.0
ORD-002941,WCUST-00236,2025-08-04,REGULAR-PERU-WHOLESALE,5,84.0,420.0
ORD-002942,WCUST-00236,2025-09-06,REGULAR-GUATEMALA-WHOLESALE,3,84.0,252.0
ORD-002943,WCUST-00236,2025-09-29,REGULAR-GUATEMALA-WHOLESALE,5,84.0,420.0
ORD-002943,WCUST-00236,2025-09-29,REGULAR-PERU-RETAIL,3,14.0,42.0
ORD-002944,WCUST-00236,2025-11-02,REGULAR-GUATEMALA-WHOLESALE,5,84.0,420.0
ORD-002945,WCUST-00236,2025-12-03,DECAF-PERU-WHOLESALE,5,93.0,465.0
ORD-002946,WCUST-00236,2025-12-26,REGULAR-BLEND-WHOLESALE,2,84.0,168.0
ORD-002947,WCUST-00237,2024-01-15,REGULAR-COLOMBIA-WHOLESALE,5,84.0,420.0
ORD-002948,WCUST-00237,2024-02-02,DECAF-COLOMBIA-WHOLESALE,6,93.0,558.0
ORD-002948,WCUST-00237,2024-02-02,REGULAR-COLOMBIA-RETAIL,3,14.0,42.0
ORD-002949,WCUST-00237,2024-02-25,REGULAR-COLOMBIA-WHOLESALE,7,84.0,588.0
ORD-002950,WCUST-00237,2024-03-12,REGULAR-COLOMBIA-WHOLESALE,3,84.0,252.0
ORD-002951,WCUST-00237,2024-03-30,REGULAR-COLOMBIA-WHOLESALE,4,84.0,336.0
ORD-002952,WCUST-00237,2024-04-18,REGULAR-GUATEMALA-WHOLESALE,3,84.0,252.0
ORD-002953,WCUST-00237,2024-05-03,REGULAR-BLEND-WHOLESALE,5,84.0,420.0
ORD-002953,WCUST-00237,2024-05-03,DECAF-GUATEMALA-RETAIL,2,15.5,31.0
ORD-002954,WCUST-00237,2024-05-18,REGULAR-BLEND-WHOLESALE,8,84.0,672.0
ORD-002955,WCUST-00237,2024-06-06,REGULAR-BLEND-WHOLESALE,7,84.0,588.0
ORD-002956,WCUST-00237,2024-06-21,REGULAR-BLEND-WHOLESALE,3,84.0,252.0
ORD-002957,WCUST-00237,2024-07-18,REGULAR-BLEND-WHOLESALE,8,84.0,672.0
ORD-002957,WCUST-00237,2024-07-18,REGULAR-BLEND-RETAIL,3,14.0,42.0
ORD-002958,WCUST-00237,2024-08-08,DECAF-GUATEMALA-WHOLESALE,4,93.0,372.0
ORD-002959,WCUST-00237,2024-08-24,REGULAR-PERU-WHOLESALE,5,84.0,420.0
ORD-002960,WCUST-00237,2024-09-09,REGULAR-PERU-WHOLESALE,4,84.0,336.0
ORD-002961,WCUST-00237,2024-09-27,REGULAR-PERU-WHOLESALE,7,84.0,588.0
ORD-002962,WCUST-00237,2024-10-21,REGULAR-GUATEMALA-WHOLESALE,6,84.0,504.0
ORD-002963,WCUST-00237,2024-11-10,REGULAR-GUATEMALA-WHOLESALE,7,84.0,588.0
ORD-002964,WCUST-00237,2024-11-26,REGULAR-GUATEMALA-WHOLESALE,5,84.0,420.0
ORD-002964,WCUST-00237,2024-11-26,REGULAR-GUATEMALA-RETAIL,2,14.0,28.0
ORD-002965,WCUST-00237,2024-12-21,REGULAR-GUATEMALA-WHOLESALE,3,84.0,252.0
ORD-002966,WCUST-00237,2025-01-17,DECAF-PERU-WHOLESALE,8,93.0,744.0
ORD-002967,WCUST-00237,2025-02-05,REGULAR-COLOMBIA-WHOLESALE,8,84.0,672.0
ORD-002968,WCUST-00237,2025-02-25,REGULAR-COLOMBIA-WHOLESALE,6,84.0,504.0
ORD-002969,WCUST-00237,2025-03-16,REGULAR-GUATEMALA-WHOLESALE,8,84.0,672.0
ORD-002970,WCUST-00237,2025-04-01,REGULAR-GUATEMALA-WHOLESALE,6,84.0,504.0
ORD-002971,WCUST-00237,2025-04-16,REGULAR-GUATEMALA-WHOLESALE,8,84.0,672.0
ORD-002972,WCUST-00237,2025-05-02,REGULAR-GUATEMALA-WHOLESALE,8,84.0,672.0
ORD-002973,WCUST-00237,2025-05-23,REGULAR-GUATEMALA-WHOLESALE,4,84.0,336.0
ORD-002974,WCUST-00237,2025-06-14,REGULAR-GUATEMALA-WHOLESALE,5,84.0,420.0
ORD-002975,WCUST-00237,2025-07-09,REGULAR-COLOMBIA-WHOLESALE,5,84.0,420.0
ORD-002976,WCUST-00237,2025-08-04,DECAF-GUATEMALA-WHOLESALE,4,93.0,372.0
ORD-002977,WCUST-00237,2025-08-20,REGULAR-PERU-WHOLESALE,6,84.0,504.0
ORD-002978,WCUST-00237,2025-09-13,REGULAR-GUATEMALA-WHOLESALE,7,84.0,588.0
ORD-002978,WCUST-00237,2025-09-13,DECAF-GUATEMALA-RETAIL,1,15.5,15.5
ORD-002979,WCUST-00237,2025-10-10,REGULAR-PERU-WHOLESALE,8,84.0,672.0
ORD-002980,WCUST-00237,2025-11-05,REGULAR-BLEND-WHOLESALE,8,84.0,672.0
ORD-002981,WCUST-00237,2025-11-30,REGULAR-GUATEMALA-WHOLESALE,3,84.0,252.0
ORD-002982,WCUST-00237,2025-12-21,REGULAR-GUATEMALA-WHOLESALE,8,84.0,672.0
ORD-002983,WCUST-00237,2026-01-12,REGULAR-BLEND-WHOLESALE,7,84.0,588.0
ORD-002984,WCUST-00237,2026-02-03,DECAF-COLOMBIA-WHOLESALE,5,93.0,465.0
ORD-002984,WCUST-00237,2026-02-03,REGULAR-BLEND-RETAIL,2,14.0,28.0
ORD-002985,WCUST-00237,2026-03-02,REGULAR-GUATEMALA-WHOLESALE,7,84.0,588.0
ORD-002986,WCUST-00237,2026-03-24,REGULAR-GUATEMALA-WHOLESALE,6,84.0,504.0
ORD-002987,WCUST-00237,2026-04-09,REGULAR-GUATEMALA-WHOLESALE,4,84.0,336.0
ORD-002987,WCUST-00237,2026-04-09,REGULAR-GUATEMALA-RETAIL,3,14.0,42.0
ORD-002988,WCUST-00237,2026-04-28,REGULAR-GUATEMALA-WHOLESALE,5,84.0,420.0
ORD-002989,WCUST-00237,2026-05-25,REGULAR-BLEND-WHOLESALE,7,84.0,588.0
ORD-002990,WCUST-00237,2026-06-14,REGULAR-BLEND-WHOLESALE,5,84.0,420.0
ORD-002991,WCUST-00237,2026-07-06,REGULAR-COLOMBIA-WHOLESALE,4,84.0,336.0
ORD-002992,WCUST-00237,2026-07-23,DECAF-COLOMBIA-WHOLESALE,3,93.0,279.0
ORD-002992,WCUST-00237,2026-07-23,REGULAR-BLEND-RETAIL,1,14.0,14.0
ORD-002993,WCUST-00237,2026-08-11,REGULAR-BLEND-WHOLESALE,3,84.0,252.0
ORD-002994,WCUST-00237,2026-08-28,REGULAR-COLOMBIA-WHOLESALE,4,84.0,336.0
ORD-002995,WCUST-00239,2026-03-14,REGULAR-GUATEMALA-WHOLESALE,4,84.0,336.0
ORD-002996,WCUST-00239,2026-04-15,REGULAR-GUATEMALA-WHOLESALE,2,84.0,168.0
ORD-002997,WCUST-00239,2026-05-09,REGULAR-BLEND-WHOLESALE,2,84.0,168.0
ORD-002998,WCUST-00239,2026-06-05,DECAF-COLOMBIA-WHOLESALE,2,93.0,186.0
ORD-002999,WCUST-00239,2026-07-10,REGULAR-BLEND-WHOLESALE,2,84.0,168.0
ORD-002999,WCUST-00239,2026-07-10,REGULAR-BLEND-RETAIL,3,14.0,42.0
ORD-003000,WCUST-00239,2026-08-05,REGULAR-COLOMBIA-WHOLESALE,5,84.0,420.0
ORD-003001,WCUST-00239,2026-08-27,REGULAR-BLEND-WHOLESALE,5,84.0,420.0
ORD-003002,WCUST-00240,2025-12-29,REGULAR-GUATEMALA-WHOLESALE,8,84.0,672.0
ORD-003003,WCUST-00240,2026-01-23,REGULAR-PERU-WHOLESALE,5,84.0,420.0
ORD-003004,WCUST-00240,2026-02-13,REGULAR-BLEND-WHOLESALE,5,84.0,420.0
ORD-003005,WCUST-00240,2026-03-01,REGULAR-COLOMBIA-WHOLESALE,4,84.0,336.0
ORD-003005,WCUST-00240,2026-03-01,REGULAR-GUATEMALA-RETAIL,3,14.0,42.0
ORD-003006,WCUST-00240,2026-03-20,REGULAR-COLOMBIA-WHOLESALE,3,84.0,252.0
ORD-003007,WCUST-00240,2026-04-13,REGULAR-GUATEMALA-WHOLESALE,3,84.0,252.0
ORD-003008,WCUST-00240,2026-05-10,REGULAR-BLEND-WHOLESALE,7,84.0,588.0
ORD-003009,WCUST-00240,2026-05-28,DECAF-PERU-WHOLESALE,7,93.0,651.0
ORD-003010,WCUST-00240,2026-06-18,DECAF-COLOMBIA-WHOLESALE,3,93.0,279.0
ORD-003010,WCUST-00240,2026-06-18,DECAF-COLOMBIA-RETAIL,1,15.5,15.5
ORD-003011,WCUST-00240,2026-07-10,REGULAR-COLOMBIA-WHOLESALE,7,84.0,588.0
ORD-003012,WCUST-00240,2026-07-28,REGULAR-BLEND-WHOLESALE,4,84.0,336.0
ORD-003013,WCUST-00240,2026-08-13,REGULAR-BLEND-WHOLESALE,7,84.0,588.0
ORD-003014,WCUST-00240,2026-08-30,DECAF-BLEND-WHOLESALE,5,93.0,465.0
ORD-003015,WCUST-00241,2025-04-03,REGULAR-GUATEMALA-WHOLESALE,3,84.0,252.0
ORD-003016,WCUST-00241,2025-06-12,REGULAR-GUATEMALA-WHOLESALE,3,84.0,252.0
ORD-003017,WCUST-00241,2025-07-31,REGULAR-COLOMBIA-WHOLESALE,2,84.0,168.0
ORD-003018,WCUST-00241,2025-09-16,REGULAR-PERU-WHOLESALE,3,84.0,252.0
ORD-003019,WCUST-00241,2025-11-10,REGULAR-GUATEMALA-WHOLESALE,1,84.0,84.0
ORD-003020,WCUST-00241,2026-01-13,REGULAR-BLEND-WHOLESALE,1,84.0,84.0
ORD-003021,WCUST-00241,2026-03-19,REGULAR-COLOMBIA-WHOLESALE,3,84.0,252.0
ORD-003022,WCUST-00241,2026-05-11,REGULAR-BLEND-WHOLESALE,1,84.0,84.0
ORD-003023,WCUST-00241,2026-07-20,REGULAR-COLOMBIA-WHOLESALE,2,84.0,168.0
ORD-003024,WCUST-00241,2026-09-04,REGULAR-COLOMBIA-WHOLESALE,1,84.0,84.0
ORD-003025,WCUST-00242,2026-07-29,REGULAR-BLEND-WHOLESALE,2,84.0,168.0
ORD-003026,WCUST-00242,2026-09-02,REGULAR-COLOMBIA-WHOLESALE,5,84.0,420.0
ORD-003027,WCUST-00243,2025-02-28,REGULAR-GUATEMALA-WHOLESALE,3,84.0,252.0
ORD-003028,WCUST-00243,2025-03-15,REGULAR-GUATEMALA-WHOLESALE,5,84.0,420.0
ORD-003029,WCUST-00243,2025-03-31,REGULAR-COLOMBIA-WHOLESALE,5,84.0,420.0
ORD-003029,WCUST-00243,2025-03-31,REGULAR-COLOMBIA-RETAIL,2,14.0,28.0
ORD-003030,WCUST-00243,2025-04-20,REGULAR-GUATEMALA-WHOLESALE,6,84.0,504.0
ORD-003031,WCUST-00243,2025-05-14,REGULAR-GUATEMALA-WHOLESALE,3,84.0,252.0
ORD-003032,WCUST-00243,2025-06-02,REGULAR-GUATEMALA-WHOLESALE,6,84.0,504.0
ORD-003033,WCUST-00243,2025-06-20,REGULAR-GUATEMALA-WHOLESALE,6,84.0,504.0
ORD-003034,WCUST-00243,2025-07-17,REGULAR-COLOMBIA-WHOLESALE,5,84.0,420.0
ORD-003035,WCUST-00243,2025-08-04,REGULAR-PERU-WHOLESALE,3,84.0,252.0
ORD-003036,WCUST-00243,2025-08-22,REGULAR-GUATEMALA-WHOLESALE,8,84.0,672.0
ORD-003037,WCUST-00243,2025-09-08,REGULAR-PERU-WHOLESALE,7,84.0,588.0
ORD-003037,WCUST-00243,2025-09-08,REGULAR-PERU-RETAIL,3,14.0,42.0
ORD-003038,WCUST-00243,2025-10-01,DECAF-GUATEMALA-WHOLESALE,4,93.0,372.0
ORD-003038,WCUST-00243,2025-10-01,REGULAR-PERU-RETAIL,3,14.0,42.0
ORD-003039,WCUST-00243,2025-10-18,DECAF-GUATEMALA-WHOLESALE,5,93.0,465.0
ORD-003040,WCUST-00243,2025-11-08,DECAF-PERU-WHOLESALE,4,93.0,372.0
ORD-003041,WCUST-00243,2025-12-05,REGULAR-GUATEMALA-WHOLESALE,4,84.0,336.0
ORD-003042,WCUST-00243,2025-12-22,REGULAR-GUATEMALA-WHOLESALE,4,84.0,336.0
ORD-003042,WCUST-00243,2025-12-22,REGULAR-GUATEMALA-RETAIL,3,14.0,42.0
ORD-003043,WCUST-00243,2026-01-08,REGULAR-PERU-WHOLESALE,8,84.0,672.0
ORD-003043,WCUST-00243,2026-01-08,DECAF-PERU-RETAIL,2,15.5,31.0
ORD-003044,WCUST-00243,2026-01-24,REGULAR-BLEND-WHOLESALE,7,84.0,588.0
ORD-003045,WCUST-00243,2026-02-18,REGULAR-PERU-WHOLESALE,5,84.0,420.0
ORD-003045,WCUST-00243,2026-02-18,REGULAR-BLEND-RETAIL,2,14.0,28.0
ORD-003046,WCUST-00243,2026-03-08,REGULAR-GUATEMALA-WHOLESALE,8,84.0,672.0
ORD-003047,WCUST-00243,2026-03-28,DECAF-COLOMBIA-WHOLESALE,5,93.0,465.0
ORD-003048,WCUST-00243,2026-04-23,DECAF-COLOMBIA-WHOLESALE,8,93.0,744.0
ORD-003049,WCUST-00243,2026-05-19,REGULAR-BLEND-WHOLESALE,8,84.0,672.0
ORD-003050,WCUST-00243,2026-06-14,REGULAR-BLEND-WHOLESALE,5,84.0,420.0
ORD-003051,WCUST-00243,2026-07-04,REGULAR-BLEND-WHOLESALE,4,84.0,336.0
ORD-003052,WCUST-00243,2026-07-25,REGULAR-BLEND-WHOLESALE,7,84.0,588.0
ORD-003053,WCUST-00243,2026-08-15,REGULAR-COLOMBIA-WHOLESALE,8,84.0,672.0
ORD-003054,WCUST-00243,2026-09-03,REGULAR-BLEND-WHOLESALE,8,84.0,672.0
ORD-003055,WCUST-00244,2026-01-06,REGULAR-BLEND-WHOLESALE,2,84.0,168.0
ORD-003056,WCUST-00244,2026-02-01,REGULAR-BLEND-WHOLESALE,4,84.0,336.0
ORD-003057,WCUST-00244,2026-03-08,REGULAR-GUATEMALA-WHOLESALE,3,84.0,252.0
ORD-003058,WCUST-00244,2026-03-31,REGULAR-COLOMBIA-WHOLESALE,3,84.0,252.0
ORD-003059,WCUST-00244,2026-05-03,REGULAR-BLEND-WHOLESALE,5,84.0,420.0
ORD-003060,WCUST-00244,2026-05-25,REGULAR-BLEND-WHOLESALE,4,84.0,336.0
ORD-003061,WCUST-00244,2026-06-16,REGULAR-BLEND-WHOLESALE,5,84.0,420.0
ORD-003062,WCUST-00244,2026-07-20,REGULAR-COLOMBIA-WHOLESALE,3,84.0,252.0
ORD-003063,WCUST-00244,2026-08-19,REGULAR-BLEND-WHOLESALE,4,84.0,336.0
ORD-003064,WCUST-00245,2024-10-05,REGULAR-GUATEMALA-WHOLESALE,5,84.0,420.0
ORD-003065,WCUST-00245,2024-11-04,REGULAR-GUATEMALA-WHOLESALE,3,84.0,252.0
ORD-003066,WCUST-00245,2024-12-08,REGULAR-GUATEMALA-WHOLESALE,3,84.0,252.0
ORD-003066,WCUST-00245,2024-12-08,REGULAR-GUATEMALA-RETAIL,1,14.0,14.0
ORD-003067,WCUST-00245,2025-01-11,REGULAR-GUATEMALA-WHOLESALE,4,84.0,336.0
ORD-003068,WCUST-00245,2025-02-10,REGULAR-COLOMBIA-WHOLESALE,3,84.0,252.0
ORD-003069,WCUST-00245,2025-03-16,REGULAR-COLOMBIA-WHOLESALE,5,84.0,420.0
ORD-003070,WCUST-00245,2025-04-07,REGULAR-GUATEMALA-WHOLESALE,4,84.0,336.0
ORD-003071,WCUST-00245,2025-04-27,DECAF-BLEND-WHOLESALE,5,93.0,465.0
ORD-003072,WCUST-00245,2025-06-02,REGULAR-GUATEMALA-WHOLESALE,2,84.0,168.0
ORD-003073,WCUST-00245,2025-06-26,REGULAR-GUATEMALA-WHOLESALE,2,84.0,168.0
ORD-003074,WCUST-00245,2025-07-16,REGULAR-COLOMBIA-WHOLESALE,2,84.0,168.0
ORD-003074,WCUST-00245,2025-07-16,DECAF-BLEND-RETAIL,3,15.5,46.5
ORD-003075,WCUST-00245,2025-08-21,REGULAR-PERU-WHOLESALE,2,84.0,168.0
ORD-003076,WCUST-00245,2025-09-21,REGULAR-GUATEMALA-WHOLESALE,3,84.0,252.0
ORD-003077,WCUST-00245,2025-10-12,REGULAR-PERU-WHOLESALE,2,84.0,168.0
ORD-003077,WCUST-00245,2025-10-12,DECAF-GUATEMALA-RETAIL,3,15.5,46.5
ORD-003078,WCUST-00245,2025-11-08,REGULAR-BLEND-WHOLESALE,5,84.0,420.0
ORD-003079,WCUST-00245,2025-12-03,REGULAR-GUATEMALA-WHOLESALE,2,84.0,168.0
ORD-003080,WCUST-00245,2026-01-04,REGULAR-BLEND-WHOLESALE,5,84.0,420.0
ORD-003081,WCUST-00245,2026-02-05,REGULAR-PERU-WHOLESALE,4,84.0,336.0
ORD-003081,WCUST-00245,2026-02-05,DECAF-COLOMBIA-RETAIL,2,15.5,31.0
ORD-003082,WCUST-00245,2026-03-08,REGULAR-COLOMBIA-WHOLESALE,2,84.0,168.0
ORD-003083,WCUST-00245,2026-04-05,REGULAR-GUATEMALA-WHOLESALE,3,84.0,252.0
ORD-003084,WCUST-00245,2026-05-06,REGULAR-BLEND-WHOLESALE,5,84.0,420.0
ORD-003085,WCUST-00245,2026-05-31,REGULAR-BLEND-WHOLESALE,2,84.0,168.0
ORD-003086,WCUST-00245,2026-07-03,REGULAR-COLOMBIA-WHOLESALE,5,84.0,420.0
ORD-003087,WCUST-00245,2026-07-28,REGULAR-COLOMBIA-WHOLESALE,5,84.0,420.0
ORD-003087,WCUST-00245,2026-07-28,REGULAR-BLEND-RETAIL,3,14.0,42.0
ORD-003088,WCUST-00245,2026-08-23,DECAF-BLEND-WHOLESALE,2,93.0,186.0
ORD-003089,WCUST-00247,2025-10-05,REGULAR-PERU-WHOLESALE,4,84.0,336.0
ORD-003090,WCUST-00247,2025-10-28,REGULAR-GUATEMALA-WHOLESALE,3,84.0,252.0
ORD-003091,WCUST-00247,2025-11-22,REGULAR-GUATEMALA-WHOLESALE,4,84.0,336.0
ORD-003092,WCUST-00247,2025-12-22,REGULAR-BLEND-WHOLESALE,3,84.0,252.0
ORD-003092,WCUST-00247,2025-12-22,REGULAR-GUATEMALA-RETAIL,3,14.0,42.0
ORD-003093,WCUST-00247,2026-01-23,REGULAR-BLEND-WHOLESALE,4,84.0,336.0
ORD-003093,WCUST-00247,2026-01-23,REGULAR-PERU-RETAIL,2,14.0,28.0
ORD-003094,WCUST-00247,2026-02-27,DECAF-COLOMBIA-WHOLESALE,3,93.0,279.0
ORD-003095,WCUST-00247,2026-03-28,REGULAR-COLOMBIA-WHOLESALE,5,84.0,420.0
ORD-003096,WCUST-00247,2026-04-20,REGULAR-GUATEMALA-WHOLESALE,3,84.0,252.0
ORD-003096,WCUST-00247,2026-04-20,REGULAR-GUATEMALA-RETAIL,2,14.0,28.0
ORD-003097,WCUST-00247,2026-05-10,REGULAR-BLEND-WHOLESALE,5,84.0,420.0
ORD-003098,WCUST-00247,2026-06-06,REGULAR-BLEND-WHOLESALE,2,84.0,168.0
ORD-003098,WCUST-00247,2026-06-06,REGULAR-BLEND-RETAIL,2,14.0,28.0
ORD-003099,WCUST-00247,2026-07-01,REGULAR-BLEND-WHOLESALE,4,84.0,336.0
ORD-003100,WCUST-00247,2026-07-31,REGULAR-BLEND-WHOLESALE,4,84.0,336.0
ORD-003101,WCUST-00247,2026-08-28,REGULAR-COLOMBIA-WHOLESALE,4,84.0,336.0
ORD-003102,WCUST-00248,2026-06-08,REGULAR-BLEND-WHOLESALE,4,84.0,336.0
ORD-003103,WCUST-00248,2026-07-08,REGULAR-BLEND-WHOLESALE,5,84.0,420.0
ORD-003104,WCUST-00250,2024-12-02,REGULAR-GUATEMALA-WHOLESALE,9,84.0,756.0
ORD-003105,WCUST-00250,2025-01-09,REGULAR-GUATEMALA-WHOLESALE,8,84.0,672.0
ORD-003106,WCUST-00250,2025-02-18,DECAF-BLEND-WHOLESALE,8,93.0,744.0
ORD-003107,WCUST-00250,2025-03-25,REGULAR-GUATEMALA-WHOLESALE,6,84.0,504.0
ORD-003108,WCUST-00250,2025-04-25,REGULAR-GUATEMALA-WHOLESALE,8,84.0,672.0
ORD-003109,WCUST-00250,2025-05-20,REGULAR-GUATEMALA-WHOLESALE,4,84.0,336.0
ORD-003110,WCUST-00250,2025-06-19,REGULAR-GUATEMALA-WHOLESALE,8,84.0,672.0
ORD-003111,WCUST-00250,2025-07-14,REGULAR-COLOMBIA-WHOLESALE,6,84.0,504.0
ORD-003112,WCUST-00250,2025-08-19,REGULAR-PERU-WHOLESALE,6,84.0,504.0
ORD-003113,WCUST-00250,2025-09-17,REGULAR-PERU-WHOLESALE,5,84.0,420.0
ORD-003113,WCUST-00250,2025-09-17,REGULAR-PERU-RETAIL,2,14.0,28.0
ORD-003114,WCUST-00250,2025-10-31,REGULAR-PERU-WHOLESALE,10,84.0,840.0
ORD-003115,WCUST-00250,2025-12-02,DECAF-PERU-WHOLESALE,10,93.0,930.0
ORD-003116,WCUST-00250,2026-01-14,REGULAR-PERU-WHOLESALE,8,84.0,672.0
ORD-003117,WCUST-00250,2026-02-18,REGULAR-BLEND-WHOLESALE,10,84.0,840.0
ORD-003117,WCUST-00250,2026-02-18,REGULAR-PERU-RETAIL,2,14.0,28.0
ORD-003118,WCUST-00250,2026-03-17,REGULAR-COLOMBIA-WHOLESALE,9,84.0,756.0
ORD-003119,WCUST-00250,2026-04-16,REGULAR-GUATEMALA-WHOLESALE,5,84.0,420.0
ORD-003120,WCUST-00250,2026-05-24,REGULAR-BLEND-WHOLESALE,4,84.0,336.0
ORD-003121,WCUST-00250,2026-07-01,REGULAR-COLOMBIA-WHOLESALE,4,84.0,336.0
ORD-003122,WCUST-00250,2026-08-01,REGULAR-BLEND-WHOLESALE,6,84.0,504.0
ORD-003123,WCUST-00250,2026-09-04,REGULAR-BLEND-WHOLESALE,7,84.0,588.0
ORD-003124,WCUST-00251,2025-12-30,REGULAR-GUATEMALA-WHOLESALE,4,84.0,336.0
ORD-003125,WCUST-00251,2026-01-26,REGULAR-BLEND-WHOLESALE,4,84.0,336.0
ORD-003126,WCUST-00251,2026-03-03,DECAF-COLOMBIA-WHOLESALE,3,93.0,279.0
ORD-003127,WCUST-00251,2026-04-07,REGULAR-GUATEMALA-WHOLESALE,5,84.0,420.0
ORD-003128,WCUST-00251,2026-05-03,REGULAR-BLEND-WHOLESALE,3,84.0,252.0
ORD-003129,WCUST-00251,2026-05-27,REGULAR-BLEND-WHOLESALE,5,84.0,420.0
ORD-003130,WCUST-00251,2026-06-30,REGULAR-BLEND-WHOLESALE,3,84.0,252.0
ORD-003131,WCUST-00251,2026-07-20,REGULAR-BLEND-WHOLESALE,2,84.0,168.0
ORD-003131,WCUST-00251,2026-07-20,REGULAR-COLOMBIA-RETAIL,3,14.0,42.0
ORD-003132,WCUST-00251,2026-08-19,REGULAR-BLEND-WHOLESALE,3,84.0,252.0
ORD-003133,WCUST-00252,2026-08-08,REGULAR-COLOMBIA-WHOLESALE,5,84.0,420.0
ORD-003133,WCUST-00252,2026-08-08,REGULAR-COLOMBIA-RETAIL,1,14.0,14.0
ORD-003134,WCUST-00252,2026-08-28,REGULAR-COLOMBIA-WHOLESALE,2,84.0,168.0
ORD-003135,WCUST-00253,2026-01-18,DECAF-PERU-WHOLESALE,2,93.0,186.0
ORD-003136,WCUST-00253,2026-02-10,REGULAR-PERU-WHOLESALE,4,84.0,336.0
ORD-003137,WCUST-00253,2026-03-05,DECAF-COLOMBIA-WHOLESALE,2,93.0,186.0
ORD-003138,WCUST-00253,2026-03-27,REGULAR-GUATEMALA-WHOLESALE,2,84.0,168.0
ORD-003139,WCUST-00253,2026-04-18,REGULAR-GUATEMALA-WHOLESALE,2,84.0,168.0
ORD-003140,WCUST-00253,2026-05-10,DECAF-PERU-WHOLESALE,4,93.0,372.0
ORD-003141,WCUST-00253,2026-06-01,REGULAR-BLEND-WHOLESALE,2,84.0,168.0
ORD-003142,WCUST-00254,2026-06-04,REGULAR-BLEND-WHOLESALE,8,84.0,672.0
ORD-003143,WCUST-00254,2026-06-26,REGULAR-BLEND-WHOLESALE,6,84.0,504.0
ORD-003144,WCUST-00254,2026-07-22,REGULAR-BLEND-WHOLESALE,4,84.0,336.0
ORD-003145,WCUST-00254,2026-08-15,REGULAR-COLOMBIA-WHOLESALE,7,84.0,588.0
ORD-003146,WCUST-00254,2026-09-01,REGULAR-BLEND-WHOLESALE,5,84.0,420.0
ORD-003146,WCUST-00254,2026-09-01,REGULAR-COLOMBIA-RETAIL,2,14.0,28.0
ORD-003147,WCUST-00255,2026-05-24,REGULAR-BLEND-WHOLESALE,7,84.0,588.0
ORD-003148,WCUST-00255,2026-06-10,REGULAR-BLEND-WHOLESALE,7,84.0,588.0
ORD-003149,WCUST-00255,2026-07-06,REGULAR-COLOMBIA-WHOLESALE,8,84.0,672.0
ORD-003149,WCUST-00255,2026-07-06,REGULAR-BLEND-RETAIL,3,14.0,42.0
ORD-003150,WCUST-00255,2026-07-23,REGULAR-COLOMBIA-WHOLESALE,3,84.0,252.0
ORD-003151,WCUST-00255,2026-08-10,REGULAR-COLOMBIA-WHOLESALE,5,84.0,420.0
ORD-003152,WCUST-00255,2026-08-29,REGULAR-BLEND-WHOLESALE,6,84.0,504.0
ORD-003152,WCUST-00255,2026-08-29,DECAF-BLEND-RETAIL,2,15.5,31.0
ORD-003153,WCUST-00256,2026-05-24,REGULAR-BLEND-WHOLESALE,5,84.0,420.0
ORD-003153,WCUST-00256,2026-05-24,DECAF-PERU-RETAIL,3,15.5,46.5
ORD-003154,WCUST-00256,2026-06-25,DECAF-COLOMBIA-WHOLESALE,4,93.0,372.0
ORD-003155,WCUST-00256,2026-07-30,REGULAR-COLOMBIA-WHOLESALE,5,84.0,420.0
ORD-003156,WCUST-00256,2026-08-30,DECAF-BLEND-WHOLESALE,2,93.0,186.0
ORD-003157,WCUST-00257,2025-07-19,REGULAR-COLOMBIA-WHOLESALE,6,84.0,504.0
ORD-003158,WCUST-00257,2025-08-28,DECAF-GUATEMALA-WHOLESALE,5,93.0,465.0
ORD-003159,WCUST-00257,2025-10-10,REGULAR-GUATEMALA-WHOLESALE,4,84.0,336.0
ORD-003160,WCUST-00257,2025-11-17,DECAF-PERU-WHOLESALE,6,93.0,558.0
ORD-003160,WCUST-00257,2025-11-17,REGULAR-BLEND-RETAIL,1,14.0,14.0
ORD-003161,WCUST-00257,2025-12-26,REGULAR-BLEND-WHOLESALE,6,84.0,504.0
ORD-003162,WCUST-00257,2026-01-24,DECAF-PERU-WHOLESALE,4,93.0,372.0
ORD-003163,WCUST-00257,2026-03-01,REGULAR-COLOMBIA-WHOLESALE,7,84.0,588.0
ORD-003164,WCUST-00257,2026-04-14,DECAF-COLOMBIA-WHOLESALE,10,93.0,930.0
ORD-003165,WCUST-00257,2026-05-26,REGULAR-BLEND-WHOLESALE,7,84.0,588.0
ORD-003166,WCUST-00257,2026-06-22,REGULAR-BLEND-WHOLESALE,6,84.0,504.0
ORD-003167,WCUST-00259,2026-05-15,REGULAR-BLEND-WHOLESALE,3,84.0,252.0
ORD-003168,WCUST-00259,2026-06-20,DECAF-COLOMBIA-WHOLESALE,2,93.0,186.0
ORD-003169,WCUST-00259,2026-07-23,REGULAR-BLEND-WHOLESALE,2,84.0,168.0
ORD-003170,WCUST-00259,2026-08-23,REGULAR-BLEND-WHOLESALE,5,84.0,420.0
ORD-003171,WCUST-00260,2025-10-03,DECAF-GUATEMALA-WHOLESALE,4,93.0,372.0
ORD-003172,WCUST-00260,2025-10-26,REGULAR-PERU-WHOLESALE,5,84.0,420.0
ORD-003173,WCUST-00260,2025-11-18,REGULAR-BLEND-WHOLESALE,5,84.0,420.0
ORD-003173,WCUST-00260,2025-11-18,REGULAR-GUATEMALA-RETAIL,2,14.0,28.0
ORD-003174,WCUST-00260,2025-12-12,REGULAR-BLEND-WHOLESALE,2,84.0,168.0
ORD-003175,WCUST-00260,2026-01-13,DECAF-PERU-WHOLESALE,5,93.0,465.0
ORD-003176,WCUST-00260,2026-02-15,DECAF-COLOMBIA-WHOLESALE,4,93.0,372.0
ORD-003177,WCUST-00260,2026-03-13,REGULAR-COLOMBIA-WHOLESALE,2,84.0,168.0
ORD-003178,WCUST-00260,2026-04-02,REGULAR-GUATEMALA-WHOLESALE,2,84.0,168.0
ORD-003179,WCUST-00260,2026-05-07,DECAF-PERU-WHOLESALE,2,93.0,186.0
ORD-003180,WCUST-00260,2026-06-01,REGULAR-BLEND-WHOLESALE,2,84.0,168.0
ORD-003181,WCUST-00261,2025-06-18,REGULAR-GUATEMALA-WHOLESALE,4,84.0,336.0
ORD-003182,WCUST-00261,2025-07-16,REGULAR-COLOMBIA-WHOLESALE,2,84.0,168.0
ORD-003183,WCUST-00261,2025-08-08,REGULAR-GUATEMALA-WHOLESALE,2,84.0,168.0
ORD-003184,WCUST-00261,2025-09-06,REGULAR-GUATEMALA-WHOLESALE,3,84.0,252.0
ORD-003185,WCUST-00261,2025-10-04,DECAF-GUATEMALA-WHOLESALE,4,93.0,372.0
ORD-003186,WCUST-00261,2025-10-31,REGULAR-PERU-WHOLESALE,2,84.0,168.0
ORD-003187,WCUST-00261,2025-11-26,DECAF-PERU-WHOLESALE,5,93.0,465.0
ORD-003187,WCUST-00261,2025-11-26,REGULAR-BLEND-RETAIL,3,14.0,42.0
ORD-003188,WCUST-00261,2025-12-29,REGULAR-GUATEMALA-WHOLESALE,2,84.0,168.0
ORD-003189,WCUST-00261,2026-01-27,REGULAR-BLEND-WHOLESALE,5,84.0,420.0
ORD-003190,WCUST-00262,2025-04-26,REGULAR-GUATEMALA-WHOLESALE,8,84.0,672.0
ORD-003191,WCUST-00262,2025-05-23,REGULAR-GUATEMALA-WHOLESALE,3,84.0,252.0
ORD-003192,WCUST-00262,2025-06-17,REGULAR-GUATEMALA-WHOLESALE,8,84.0,672.0
ORD-003193,WCUST-00262,2025-07-10,DECAF-BLEND-WHOLESALE,7,93.0,651.0
ORD-003194,WCUST-00262,2025-08-06,REGULAR-PERU-WHOLESALE,8,84.0,672.0
ORD-003195,WCUST-00262,2025-08-31,REGULAR-PERU-WHOLESALE,7,84.0,588.0
ORD-003196,WCUST-00262,2025-09-18,REGULAR-GUATEMALA-WHOLESALE,5,84.0,420.0
ORD-003197,WCUST-00262,2025-10-11,REGULAR-PERU-WHOLESALE,6,84.0,504.0
ORD-003198,WCUST-00262,2025-11-05,REGULAR-BLEND-WHOLESALE,7,84.0,588.0
ORD-003199,WCUST-00262,2025-11-24,REGULAR-BLEND-WHOLESALE,5,84.0,420.0
ORD-003200,WCUST-00262,2025-12-20,REGULAR-GUATEMALA-WHOLESALE,3,84.0,252.0
ORD-003201,WCUST-00262,2026-01-15,REGULAR-BLEND-WHOLESALE,8,84.0,672.0
ORD-003202,WCUST-00262,2026-02-05,REGULAR-BLEND-WHOLESALE,4,84.0,336.0
ORD-003203,WCUST-00262,2026-03-01,REGULAR-GUATEMALA-WHOLESALE,5,84.0,420.0
ORD-003204,WCUST-00262,2026-03-17,REGULAR-GUATEMALA-WHOLESALE,6,84.0,504.0
ORD-003205,WCUST-00262,2026-04-07,REGULAR-GUATEMALA-WHOLESALE,4,84.0,336.0
ORD-003206,WCUST-00262,2026-05-02,REGULAR-BLEND-WHOLESALE,5,84.0,420.0
ORD-003206,WCUST-00262,2026-05-02,REGULAR-BLEND-RETAIL,1,14.0,14.0
ORD-003207,WCUST-00262,2026-05-17,DECAF-PERU-WHOLESALE,3,93.0,279.0
ORD-003208,WCUST-00262,2026-06-07,REGULAR-BLEND-WHOLESALE,7,84.0,588.0
ORD-003209,WCUST-00262,2026-06-27,REGULAR-BLEND-WHOLESALE,7,84.0,588.0
ORD-003210,WCUST-00262,2026-07-19,REGULAR-COLOMBIA-WHOLESALE,5,84.0,420.0
ORD-003211,WCUST-00262,2026-08-08,DECAF-BLEND-WHOLESALE,5,93.0,465.0
ORD-003212,WCUST-00262,2026-08-31,REGULAR-BLEND-WHOLESALE,7,84.0,588.0
ORD-003213,WCUST-00263,2026-07-18,DECAF-COLOMBIA-WHOLESALE,10,93.0,930.0
ORD-003213,WCUST-00263,2026-07-18,REGULAR-COLOMBIA-RETAIL,2,14.0,28.0
ORD-003214,WCUST-00263,2026-09-01,REGULAR-BLEND-WHOLESALE,6,84.0,504.0
ORD-003215,WCUST-00264,2025-04-06,REGULAR-GUATEMALA-WHOLESALE,1,84.0,84.0
ORD-003216,WCUST-00264,2025-06-07,REGULAR-GUATEMALA-WHOLESALE,1,84.0,84.0
ORD-003217,WCUST-00264,2025-07-21,DECAF-BLEND-WHOLESALE,2,93.0,186.0
ORD-003218,WCUST-00264,2025-09-23,REGULAR-GUATEMALA-WHOLESALE,3,84.0,252.0
ORD-003219,WCUST-00264,2025-11-15,REGULAR-GUATEMALA-WHOLESALE,1,84.0,84.0
ORD-003220,WCUST-00264,2025-12-26,REGULAR-BLEND-WHOLESALE,3,84.0,252.0
ORD-003221,WCUST-00264,2026-03-05,REGULAR-COLOMBIA-WHOLESALE,1,84.0,84.0
ORD-003222,WCUST-00264,2026-05-10,DECAF-PERU-WHOLESALE,2,93.0,186.0
ORD-003223,WCUST-00264,2026-07-01,REGULAR-BLEND-WHOLESALE,3,84.0,252.0
ORD-003224,WCUST-00264,2026-08-14,REGULAR-COLOMBIA-WHOLESALE,3,84.0,252.0
ORD-003225,WCUST-00265,2025-01-22,REGULAR-GUATEMALA-WHOLESALE,1,84.0,84.0
ORD-003226,WCUST-00265,2025-03-21,REGULAR-COLOMBIA-WHOLESALE,2,84.0,168.0
ORD-003226,WCUST-00265,2025-03-21,REGULAR-COLOMBIA-RETAIL,2,14.0,28.0
ORD-003227,WCUST-00265,2025-05-16,REGULAR-GUATEMALA-WHOLESALE,1,84.0,84.0
ORD-003228,WCUST-00265,2025-06-29,REGULAR-GUATEMALA-WHOLESALE,2,84.0,168.0
ORD-003229,WCUST-00265,2025-08-20,DECAF-GUATEMALA-WHOLESALE,2,93.0,186.0
ORD-003230,WCUST-00265,2025-10-16,DECAF-GUATEMALA-WHOLESALE,2,93.0,186.0
ORD-003231,WCUST-00265,2025-12-04,REGULAR-BLEND-WHOLESALE,1,84.0,84.0
ORD-003232,WCUST-00265,2026-01-26,REGULAR-PERU-WHOLESALE,2,84.0,168.0
ORD-003233,WCUST-00265,2026-04-01,REGULAR-GUATEMALA-WHOLESALE,1,84.0,84.0
ORD-003234,WCUST-00265,2026-06-11,REGULAR-BLEND-WHOLESALE,2,84.0,168.0
ORD-003235,WCUST-00265,2026-08-14,REGULAR-BLEND-WHOLESALE,1,84.0,84.0
ORD-003236,WCUST-00266,2024-05-31,DECAF-GUATEMALA-WHOLESALE,2,93.0,186.0
ORD-003237,WCUST-00266,2024-06-29,DECAF-GUATEMALA-WHOLESALE,3,93.0,279.0
ORD-003238,WCUST-00266,2024-08-01,REGULAR-PERU-WHOLESALE,2,84.0,168.0
ORD-003239,WCUST-00266,2024-09-03,REGULAR-BLEND-WHOLESALE,5,84.0,420.0
ORD-003240,WCUST-00266,2024-09-23,REGULAR-BLEND-WHOLESALE,2,84.0,168.0
ORD-003240,WCUST-00266,2024-09-23,REGULAR-BLEND-RETAIL,3,14.0,42.0
ORD-003241,WCUST-00266,2024-10-23,REGULAR-GUATEMALA-WHOLESALE,3,84.0,252.0
ORD-003242,WCUST-00266,2024-11-20,REGULAR-GUATEMALA-WHOLESALE,3,84.0,252.0
ORD-003243,WCUST-00266,2024-12-22,REGULAR-GUATEMALA-WHOLESALE,4,84.0,336.0
ORD-003244,WCUST-00266,2025-01-18,REGULAR-GUATEMALA-WHOLESALE,5,84.0,420.0
ORD-003245,WCUST-00266,2025-02-18,REGULAR-COLOMBIA-WHOLESALE,3,84.0,252.0
ORD-003245,WCUST-00266,2025-02-18,DECAF-BLEND-RETAIL,1,15.5,15.5
ORD-003246,WCUST-00266,2025-03-12,REGULAR-GUATEMALA-WHOLESALE,3,84.0,252.0
ORD-003247,WCUST-00266,2025-04-14,REGULAR-GUATEMALA-WHOLESALE,5,84.0,420.0
ORD-003248,WCUST-00266,2025-05-10,REGULAR-GUATEMALA-WHOLESALE,4,84.0,336.0
ORD-003249,WCUST-00266,2025-06-09,REGULAR-GUATEMALA-WHOLESALE,4,84.0,336.0
ORD-003250,WCUST-00266,2025-07-04,REGULAR-COLOMBIA-WHOLESALE,2,84.0,168.0
ORD-003251,WCUST-00266,2025-08-04,REGULAR-PERU-WHOLESALE,4,84.0,336.0
ORD-003252,WCUST-00266,2025-09-05,REGULAR-PERU-WHOLESALE,4,84.0,336.0
ORD-003253,WCUST-00266,2025-10-08,REGULAR-GUATEMALA-WHOLESALE,3,84.0,252.0
ORD-003254,WCUST-00266,2025-10-28,REGULAR-GUATEMALA-WHOLESALE,4,84.0,336.0
ORD-003255,WCUST-00266,2025-11-28,REGULAR-BLEND-WHOLESALE,3,84.0,252.0
ORD-003256,WCUST-00266,2025-12-20,REGULAR-GUATEMALA-WHOLESALE,2,84.0,168.0
ORD-003257,WCUST-00266,2026-01-12,REGULAR-PERU-WHOLESALE,5,84.0,420.0
ORD-003258,WCUST-00266,2026-02-02,REGULAR-BLEND-WHOLESALE,2,84.0,168.0
ORD-003259,WCUST-00266,2026-02-28,DECAF-COLOMBIA-WHOLESALE,2,93.0,186.0
ORD-003260,WCUST-00266,2026-03-30,REGULAR-GUATEMALA-WHOLESALE,5,84.0,420.0
ORD-003261,WCUST-00266,2026-04-23,REGULAR-GUATEMALA-WHOLESALE,3,84.0,252.0
ORD-003262,WCUST-00266,2026-05-22,REGULAR-BLEND-WHOLESALE,5,84.0,420.0
ORD-003263,WCUST-00266,2026-06-21,REGULAR-BLEND-WHOLESALE,2,84.0,168.0
ORD-003264,WCUST-00266,2026-07-25,DECAF-COLOMBIA-WHOLESALE,2,93.0,186.0
ORD-003264,WCUST-00266,2026-07-25,REGULAR-BLEND-RETAIL,2,14.0,28.0
ORD-003265,WCUST-00266,2026-08-30,REGULAR-COLOMBIA-WHOLESALE,4,84.0,336.0
ORD-003266,WCUST-00267,2025-10-17,REGULAR-PERU-WHOLESALE,3,84.0,252.0
ORD-003267,WCUST-00267,2025-11-13,REGULAR-GUATEMALA-WHOLESALE,2,84.0,168.0
ORD-003268,WCUST-00267,2025-12-18,REGULAR-BLEND-WHOLESALE,4,84.0,336.0
ORD-003268,WCUST-00267,2025-12-18,REGULAR-GUATEMALA-RETAIL,1,14.0,14.0
ORD-003269,WCUST-00267,2026-01-12,REGULAR-BLEND-WHOLESALE,4,84.0,336.0
ORD-003269,WCUST-00267,2026-01-12,REGULAR-BLEND-RETAIL,3,14.0,42.0
ORD-003270,WCUST-00267,2026-02-14,REGULAR-BLEND-WHOLESALE,3,84.0,252.0
ORD-003271,WCUST-00267,2026-03-11,REGULAR-GUATEMALA-WHOLESALE,4,84.0,336.0
ORD-003271,WCUST-00267,2026-03-11,REGULAR-GUATEMALA-RETAIL,1,14.0,14.0
ORD-003272,WCUST-00267,2026-03-31,DECAF-COLOMBIA-WHOLESALE,2,93.0,186.0
ORD-003273,WCUST-00267,2026-05-06,REGULAR-BLEND-WHOLESALE,5,84.0,420.0
ORD-003274,WCUST-00267,2026-05-26,REGULAR-BLEND-WHOLESALE,4,84.0,336.0
ORD-003275,WCUST-00267,2026-06-22,REGULAR-BLEND-WHOLESALE,5,84.0,420.0
ORD-003276,WCUST-00267,2026-07-22,REGULAR-COLOMBIA-WHOLESALE,4,84.0,336.0
ORD-003277,WCUST-00267,2026-08-27,REGULAR-COLOMBIA-WHOLESALE,4,84.0,336.0
ORD-003278,WCUST-00268,2024-01-21,REGULAR-GUATEMALA-WHOLESALE,6,84.0,504.0
ORD-003279,WCUST-00268,2024-02-07,REGULAR-COLOMBIA-WHOLESALE,8,84.0,672.0
ORD-003280,WCUST-00268,2024-02-29,REGULAR-COLOMBIA-WHOLESALE,4,84.0,336.0
ORD-003281,WCUST-00268,2024-03-24,REGULAR-COLOMBIA-WHOLESALE,3,84.0,252.0
ORD-003281,WCUST-00268,2024-03-24,REGULAR-COLOMBIA-RETAIL,1,14.0,14.0
ORD-003282,WCUST-00268,2024-04-19,REGULAR-BLEND-WHOLESALE,5,84.0,420.0
ORD-003283,WCUST-00268,2024-05-07,REGULAR-BLEND-WHOLESALE,3,84.0,252.0
ORD-003283,WCUST-00268,2024-05-07,REGULAR-BLEND-RETAIL,1,14.0,14.0
ORD-003284,WCUST-00268,2024-05-28,REGULAR-BLEND-WHOLESALE,7,84.0,588.0
ORD-003285,WCUST-00268,2024-06-12,DECAF-GUATEMALA-WHOLESALE,6,93.0,558.0
ORD-003286,WCUST-00268,2024-07-03,REGULAR-BLEND-WHOLESALE,3,84.0,252.0
ORD-003287,WCUST-00268,2024-07-27,REGULAR-BLEND-WHOLESALE,5,84.0,420.0
ORD-003288,WCUST-00268,2024-08-19,REGULAR-PERU-WHOLESALE,5,84.0,420.0
ORD-003288,WCUST-00268,2024-08-19,REGULAR-BLEND-RETAIL,1,14.0,14.0
ORD-003289,WCUST-00268,2024-09-11,REGULAR-PERU-WHOLESALE,6,84.0,504.0
ORD-003290,WCUST-00268,2024-10-05,REGULAR-GUATEMALA-WHOLESALE,5,84.0,420.0
ORD-003291,WCUST-00268,2024-10-30,REGULAR-GUATEMALA-WHOLESALE,7,84.0,588.0
ORD-003292,WCUST-00268,2024-11-17,REGULAR-GUATEMALA-WHOLESALE,5,84.0,420.0
ORD-003293,WCUST-00268,2024-12-14,REGULAR-GUATEMALA-WHOLESALE,5,84.0,420.0
ORD-003294,WCUST-00268,2025-01-08,REGULAR-GUATEMALA-WHOLESALE,5,84.0,420.0
ORD-003295,WCUST-00268,2025-02-01,REGULAR-GUATEMALA-WHOLESALE,6,84.0,504.0
ORD-003296,WCUST-00268,2025-02-25,REGULAR-GUATEMALA-WHOLESALE,3,84.0,252.0
ORD-003297,WCUST-00268,2025-03-18,REGULAR-GUATEMALA-WHOLESALE,7,84.0,588.0
ORD-003298,WCUST-00268,2025-04-13,DECAF-BLEND-WHOLESALE,4,93.0,372.0
ORD-003299,WCUST-00268,2025-05-10,REGULAR-GUATEMALA-WHOLESALE,6,84.0,504.0
ORD-003299,WCUST-00268,2025-05-10,REGULAR-GUATEMALA-RETAIL,1,14.0,14.0
ORD-003300,WCUST-00268,2025-05-28,REGULAR-GUATEMALA-WHOLESALE,3,84.0,252.0
ORD-003301,WCUST-00268,2025-06-18,REGULAR-GUATEMALA-WHOLESALE,4,84.0,336.0
ORD-003301,WCUST-00268,2025-06-18,REGULAR-GUATEMALA-RETAIL,3,14.0,42.0
ORD-003302,WCUST-00268,2025-07-04,REGULAR-COLOMBIA-WHOLESALE,5,84.0,420.0
ORD-003303,WCUST-00268,2025-07-24,REGULAR-COLOMBIA-WHOLESALE,6,84.0,504.0
ORD-003304,WCUST-00268,2025-08-11,REGULAR-PERU-WHOLESALE,5,84.0,420.0
ORD-003305,WCUST-00268,2025-09-07,REGULAR-PERU-WHOLESALE,8,84.0,672.0
ORD-003305,WCUST-00268,2025-09-07,REGULAR-GUATEMALA-RETAIL,3,14.0,42.0
ORD-003306,WCUST-00268,2025-09-28,REGULAR-GUATEMALA-WHOLESALE,3,84.0,252.0
ORD-003307,WCUST-00268,2025-10-18,REGULAR-PERU-WHOLESALE,7,84.0,588.0
ORD-003308,WCUST-00268,2025-11-06,REGULAR-BLEND-WHOLESALE,3,84.0,252.0
ORD-003308,WCUST-00268,2025-11-06,REGULAR-BLEND-RETAIL,3,14.0,42.0
ORD-003309,WCUST-00268,2025-11-29,REGULAR-GUATEMALA-WHOLESALE,7,84.0,588.0
ORD-003310,WCUST-00268,2025-12-24,REGULAR-BLEND-WHOLESALE,6,84.0,504.0
ORD-003311,WCUST-00268,2026-01-10,REGULAR-BLEND-WHOLESALE,3,84.0,252.0
ORD-003311,WCUST-00268,2026-01-10,REGULAR-PERU-RETAIL,1,14.0,14.0
ORD-003312,WCUST-00268,2026-01-31,REGULAR-PERU-WHOLESALE,7,84.0,588.0
ORD-003313,WCUST-00268,2026-02-22,REGULAR-BLEND-WHOLESALE,6,84.0,504.0
ORD-003314,WCUST-00268,2026-03-20,REGULAR-COLOMBIA-WHOLESALE,4,84.0,336.0
ORD-003315,WCUST-00268,2026-04-14,REGULAR-GUATEMALA-WHOLESALE,6,84.0,504.0
ORD-003316,WCUST-00268,2026-05-01,REGULAR-BLEND-WHOLESALE,7,84.0,588.0
ORD-003317,WCUST-00268,2026-05-18,REGULAR-BLEND-WHOLESALE,7,84.0,588.0
ORD-003318,WCUST-00268,2026-06-06,REGULAR-BLEND-WHOLESALE,5,84.0,420.0
ORD-003319,WCUST-00268,2026-06-23,DECAF-COLOMBIA-WHOLESALE,6,93.0,558.0
ORD-003320,WCUST-00268,2026-07-14,REGULAR-BLEND-WHOLESALE,8,84.0,672.0
ORD-003321,WCUST-00268,2026-08-06,REGULAR-COLOMBIA-WHOLESALE,6,84.0,504.0
ORD-003322,WCUST-00268,2026-08-29,REGULAR-BLEND-WHOLESALE,3,84.0,252.0
ORD-003322,WCUST-00268,2026-08-29,REGULAR-COLOMBIA-RETAIL,3,14.0,42.0
ORD-003323,WCUST-00269,2025-09-26,REGULAR-GUATEMALA-WHOLESALE,2,84.0,168.0
ORD-003324,WCUST-00269,2025-11-06,DECAF-PERU-WHOLESALE,1,93.0,93.0
ORD-003324,WCUST-00269,2025-11-06,REGULAR-GUATEMALA-RETAIL,1,14.0,14.0
ORD-003325,WCUST-00269,2026-01-02,REGULAR-BLEND-WHOLESALE,2,84.0,168.0
ORD-003325,WCUST-00269,2026-01-02,REGULAR-BLEND-RETAIL,1,14.0,14.0
ORD-003326,WCUST-00269,2026-02-16,REGULAR-BLEND-WHOLESALE,3,84.0,252.0
ORD-003327,WCUST-00269,2026-04-05,REGULAR-GUATEMALA-WHOLESALE,1,84.0,84.0
ORD-003328,WCUST-00270,2024-11-17,REGULAR-GUATEMALA-WHOLESALE,4,84.0,336.0
ORD-003329,WCUST-00270,2024-12-22,REGULAR-GUATEMALA-WHOLESALE,3,84.0,252.0
ORD-003330,WCUST-00270,2025-01-13,REGULAR-GUATEMALA-WHOLESALE,3,84.0,252.0
ORD-003331,WCUST-00270,2025-02-11,REGULAR-COLOMBIA-WHOLESALE,2,84.0,168.0
ORD-003332,WCUST-00270,2025-03-12,REGULAR-COLOMBIA-WHOLESALE,2,84.0,168.0
ORD-003333,WCUST-00270,2025-04-14,DECAF-BLEND-WHOLESALE,2,93.0,186.0
ORD-003334,WCUST-00270,2025-05-17,DECAF-BLEND-WHOLESALE,4,93.0,372.0
ORD-003335,WCUST-00270,2025-06-09,REGULAR-GUATEMALA-WHOLESALE,3,84.0,252.0
ORD-003335,WCUST-00270,2025-06-09,DECAF-BLEND-RETAIL,3,15.5,46.5
ORD-003336,WCUST-00270,2025-07-07,REGULAR-COLOMBIA-WHOLESALE,4,84.0,336.0
ORD-003337,WCUST-00270,2025-07-29,REGULAR-COLOMBIA-WHOLESALE,5,84.0,420.0
ORD-003338,WCUST-00270,2025-08-25,REGULAR-GUATEMALA-WHOLESALE,5,84.0,420.0
ORD-003339,WCUST-00270,2025-09-19,DECAF-GUATEMALA-WHOLESALE,4,93.0,372.0
ORD-003340,WCUST-00270,2025-10-14,REGULAR-GUATEMALA-WHOLESALE,4,84.0,336.0
ORD-003341,WCUST-00270,2025-11-15,REGULAR-GUATEMALA-WHOLESALE,3,84.0,252.0
ORD-003342,WCUST-00270,2025-12-06,REGULAR-BLEND-WHOLESALE,2,84.0,168.0
ORD-003343,WCUST-00270,2025-12-26,REGULAR-GUATEMALA-WHOLESALE,4,84.0,336.0
ORD-003344,WCUST-00270,2026-01-16,REGULAR-BLEND-WHOLESALE,4,84.0,336.0
ORD-003345,WCUST-00270,2026-02-07,REGULAR-PERU-WHOLESALE,5,84.0,420.0
ORD-003346,WCUST-00270,2026-03-08,REGULAR-GUATEMALA-WHOLESALE,4,84.0,336.0
ORD-003347,WCUST-00270,2026-04-01,DECAF-COLOMBIA-WHOLESALE,2,93.0,186.0
ORD-003348,WCUST-00270,2026-04-27,REGULAR-GUATEMALA-WHOLESALE,2,84.0,168.0
ORD-003349,WCUST-00270,2026-05-28,REGULAR-BLEND-WHOLESALE,2,84.0,168.0
ORD-003349,WCUST-00270,2026-05-28,REGULAR-BLEND-RETAIL,3,14.0,42.0
ORD-003350,WCUST-00270,2026-06-23,REGULAR-BLEND-WHOLESALE,3,84.0,252.0
ORD-003350,WCUST-00270,2026-06-23,REGULAR-BLEND-RETAIL,3,14.0,42.0
ORD-003351,WCUST-00270,2026-07-25,DECAF-COLOMBIA-WHOLESALE,4,93.0,372.0
ORD-003352,WCUST-00270,2026-08-18,DECAF-BLEND-WHOLESALE,2,93.0,186.0
ORD-003353,WCUST-00271,2025-06-08,DECAF-BLEND-WHOLESALE,3,93.0,279.0
ORD-003353,WCUST-00271,2025-06-08,REGULAR-GUATEMALA-RETAIL,2,14.0,28.0
ORD-003354,WCUST-00271,2025-06-28,DECAF-BLEND-WHOLESALE,2,93.0,186.0
ORD-003355,WCUST-00271,2025-07-27,REGULAR-COLOMBIA-WHOLESALE,4,84.0,336.0
ORD-003356,WCUST-00271,2025-08-28,REGULAR-GUATEMALA-WHOLESALE,5,84.0,420.0
ORD-003357,WCUST-00271,2025-10-01,REGULAR-PERU-WHOLESALE,5,84.0,420.0
ORD-003357,WCUST-00271,2025-10-01,REGULAR-PERU-RETAIL,1,14.0,14.0
ORD-003358,WCUST-00271,2025-10-22,REGULAR-GUATEMALA-WHOLESALE,5,84.0,420.0
ORD-003359,WCUST-00271,2025-11-18,REGULAR-BLEND-WHOLESALE,4,84.0,336.0
ORD-003360,WCUST-00271,2025-12-17,REGULAR-GUATEMALA-WHOLESALE,3,84.0,252.0
ORD-003361,WCUST-00271,2026-01-09,REGULAR-PERU-WHOLESALE,4,84.0,336.0
ORD-003362,WCUST-00271,2026-02-11,REGULAR-PERU-WHOLESALE,3,84.0,252.0
ORD-003363,WCUST-00271,2026-03-19,REGULAR-COLOMBIA-WHOLESALE,5,84.0,420.0
ORD-003364,WCUST-00271,2026-04-14,REGULAR-GUATEMALA-WHOLESALE,2,84.0,168.0
ORD-003364,WCUST-00271,2026-04-14,REGULAR-GUATEMALA-RETAIL,2,14.0,28.0
ORD-003365,WCUST-00271,2026-05-04,REGULAR-BLEND-WHOLESALE,3,84.0,252.0
ORD-003365,WCUST-00271,2026-05-04,REGULAR-BLEND-RETAIL,2,14.0,28.0
ORD-003366,WCUST-00271,2026-06-06,REGULAR-BLEND-WHOLESALE,2,84.0,168.0
ORD-003367,WCUST-00271,2026-06-28,REGULAR-BLEND-WHOLESALE,3,84.0,252.0
ORD-003368,WCUST-00271,2026-07-21,REGULAR-BLEND-WHOLESALE,5,84.0,420.0
ORD-003369,WCUST-00271,2026-08-26,REGULAR-COLOMBIA-WHOLESALE,3,84.0,252.0
ORD-003370,WCUST-00273,2025-08-29,REGULAR-PERU-WHOLESALE,6,84.0,504.0
ORD-003371,WCUST-00273,2025-10-01,DECAF-GUATEMALA-WHOLESALE,10,93.0,930.0
ORD-003372,WCUST-00273,2025-11-01,REGULAR-BLEND-WHOLESALE,4,84.0,336.0
ORD-003373,WCUST-00273,2025-12-07,DECAF-PERU-WHOLESALE,10,93.0,930.0
ORD-003374,WCUST-00273,2026-01-03,REGULAR-PERU-WHOLESALE,6,84.0,504.0
ORD-003375,WCUST-00273,2026-02-11,REGULAR-PERU-WHOLESALE,9,84.0,756.0
ORD-003376,WCUST-00273,2026-03-21,REGULAR-GUATEMALA-WHOLESALE,10,84.0,840.0
ORD-003377,WCUST-00273,2026-04-22,DECAF-COLOMBIA-WHOLESALE,10,93.0,930.0
ORD-003378,WCUST-00273,2026-05-25,REGULAR-BLEND-WHOLESALE,5,84.0,420.0
ORD-003379,WCUST-00273,2026-06-26,REGULAR-BLEND-WHOLESALE,6,84.0,504.0
ORD-003380,WCUST-00273,2026-08-02,REGULAR-COLOMBIA-WHOLESALE,5,84.0,420.0
ORD-003381,WCUST-00274,2026-05-27,REGULAR-BLEND-WHOLESALE,6,84.0,504.0
ORD-003382,WCUST-00274,2026-06-29,REGULAR-BLEND-WHOLESALE,4,84.0,336.0
ORD-003383,WCUST-00276,2026-07-27,REGULAR-BLEND-WHOLESALE,5,84.0,420.0
ORD-003384,WCUST-00276,2026-08-23,REGULAR-COLOMBIA-WHOLESALE,4,84.0,336.0
ORD-003385,WCUST-00277,2026-08-05,REGULAR-COLOMBIA-WHOLESALE,4,84.0,336.0
ORD-003386,WCUST-00277,2026-08-21,REGULAR-COLOMBIA-WHOLESALE,3,84.0,252.0
ORD-003387,WCUST-00278,2026-08-25,REGULAR-COLOMBIA-WHOLESALE,5,84.0,420.0
ORD-003388,WCUST-00280,2025-04-15,REGULAR-GUATEMALA-WHOLESALE,8,84.0,672.0
ORD-003389,WCUST-00280,2025-05-20,REGULAR-GUATEMALA-WHOLESALE,10,84.0,840.0
ORD-003390,WCUST-00280,2025-06-18,REGULAR-GUATEMALA-WHOLESALE,6,84.0,504.0
ORD-003390,WCUST-00280,2025-06-18,REGULAR-GUATEMALA-RETAIL,1,14.0,14.0
ORD-003391,WCUST-00280,2025-07-15,REGULAR-COLOMBIA-WHOLESALE,8,84.0,672.0
ORD-003392,WCUST-00280,2025-08-17,REGULAR-GUATEMALA-WHOLESALE,5,84.0,420.0
ORD-003393,WCUST-00280,2025-09-19,REGULAR-GUATEMALA-WHOLESALE,8,84.0,672.0
ORD-003394,WCUST-00280,2025-10-19,REGULAR-GUATEMALA-WHOLESALE,4,84.0,336.0
ORD-003394,WCUST-00280,2025-10-19,REGULAR-GUATEMALA-RETAIL,2,14.0,28.0
ORD-003395,WCUST-00280,2025-11-28,DECAF-PERU-WHOLESALE,4,93.0,372.0
ORD-003396,WCUST-00280,2026-01-02,REGULAR-BLEND-WHOLESALE,4,84.0,336.0
ORD-003397,WCUST-00280,2026-01-30,REGULAR-PERU-WHOLESALE,9,84.0,756.0
ORD-003398,WCUST-00280,2026-02-28,REGULAR-BLEND-WHOLESALE,9,84.0,756.0
ORD-003399,WCUST-00280,2026-04-13,REGULAR-GUATEMALA-WHOLESALE,10,84.0,840.0
ORD-003400,WCUST-00280,2026-05-20,DECAF-PERU-WHOLESALE,9,93.0,837.0
ORD-003401,WCUST-00280,2026-06-17,REGULAR-BLEND-WHOLESALE,8,84.0,672.0
ORD-003402,WCUST-00280,2026-07-16,DECAF-COLOMBIA-WHOLESALE,8,93.0,744.0
ORD-003402,WCUST-00280,2026-07-16,REGULAR-BLEND-RETAIL,1,14.0,14.0
ORD-003403,WCUST-00280,2026-08-13,DECAF-BLEND-WHOLESALE,10,93.0,930.0
ORD-003404,WCUST-00282,2025-04-10,REGULAR-GUATEMALA-WHOLESALE,8,84.0,672.0
ORD-003404,WCUST-00282,2025-04-10,REGULAR-GUATEMALA-RETAIL,3,14.0,42.0
ORD-003405,WCUST-00282,2025-05-13,REGULAR-GUATEMALA-WHOLESALE,10,84.0,840.0
ORD-003406,WCUST-00282,2025-06-20,DECAF-BLEND-WHOLESALE,6,93.0,558.0
ORD-003407,WCUST-00282,2025-07-29,REGULAR-COLOMBIA-WHOLESALE,10,84.0,840.0
ORD-003408,WCUST-00282,2025-09-10,REGULAR-PERU-WHOLESALE,10,84.0,840.0
ORD-003409,WCUST-00282,2025-10-08,REGULAR-GUATEMALA-WHOLESALE,5,84.0,420.0
ORD-003410,WCUST-00282,2025-11-19,REGULAR-BLEND-WHOLESALE,9,84.0,756.0
ORD-003411,WCUST-00282,2025-12-26,REGULAR-GUATEMALA-WHOLESALE,10,84.0,840.0
ORD-003412,WCUST-00283,2025-03-13,REGULAR-GUATEMALA-WHOLESALE,7,84.0,588.0
ORD-003412,WCUST-00283,2025-03-13,DECAF-BLEND-RETAIL,1,15.5,15.5
ORD-003413,WCUST-00283,2025-04-03,DECAF-BLEND-WHOLESALE,4,93.0,372.0
ORD-003414,WCUST-00283,2025-04-27,DECAF-BLEND-WHOLESALE,5,93.0,465.0
ORD-003415,WCUST-00283,2025-05-21,REGULAR-GUATEMALA-WHOLESALE,5,84.0,420.0
ORD-003415,WCUST-00283,2025-05-21,REGULAR-GUATEMALA-RETAIL,2,14.0,28.0
ORD-003416,WCUST-00283,2025-06-14,REGULAR-GUATEMALA-WHOLESALE,5,84.0,420.0
ORD-003417,WCUST-00283,2025-07-04,REGULAR-COLOMBIA-WHOLESALE,7,84.0,588.0
ORD-003418,WCUST-00283,2025-07-30,DECAF-BLEND-WHOLESALE,8,93.0,744.0
ORD-003419,WCUST-00283,2025-08-21,DECAF-GUATEMALA-WHOLESALE,4,93.0,372.0
ORD-003420,WCUST-00283,2025-09-15,REGULAR-PERU-WHOLESALE,3,84.0,252.0
ORD-003420,WCUST-00283,2025-09-15,REGULAR-GUATEMALA-RETAIL,1,14.0,14.0
ORD-003421,WCUST-00283,2025-10-10,DECAF-GUATEMALA-WHOLESALE,4,93.0,372.0
ORD-003422,WCUST-00283,2025-11-05,REGULAR-BLEND-WHOLESALE,7,84.0,588.0
ORD-003422,WCUST-00283,2025-11-05,DECAF-PERU-RETAIL,1,15.5,15.5
ORD-003423,WCUST-00283,2025-11-25,DECAF-PERU-WHOLESALE,8,93.0,744.0
ORD-003424,WCUST-00283,2025-12-12,REGULAR-GUATEMALA-WHOLESALE,8,84.0,672.0
ORD-003425,WCUST-00283,2026-01-03,REGULAR-PERU-WHOLESALE,5,84.0,420.0
ORD-003426,WCUST-00283,2026-01-28,REGULAR-BLEND-WHOLESALE,6,84.0,504.0
ORD-003427,WCUST-00283,2026-02-15,DECAF-COLOMBIA-WHOLESALE,8,93.0,744.0
ORD-003428,WCUST-00283,2026-03-12,REGULAR-COLOMBIA-WHOLESALE,8,84.0,672.0
ORD-003429,WCUST-00283,2026-04-08,REGULAR-GUATEMALA-WHOLESALE,6,84.0,504.0
ORD-003430,WCUST-00283,2026-05-05,REGULAR-BLEND-WHOLESALE,6,84.0,504.0
ORD-003431,WCUST-00283,2026-05-25,REGULAR-BLEND-WHOLESALE,8,84.0,672.0
ORD-003432,WCUST-00283,2026-06-15,REGULAR-BLEND-WHOLESALE,5,84.0,420.0
ORD-003433,WCUST-00283,2026-07-09,REGULAR-COLOMBIA-WHOLESALE,6,84.0,504.0
ORD-003434,WCUST-00283,2026-08-05,REGULAR-COLOMBIA-WHOLESALE,6,84.0,504.0
ORD-003435,WCUST-00283,2026-08-25,REGULAR-BLEND-WHOLESALE,3,84.0,252.0
ORD-003436,WCUST-00284,2025-02-01,REGULAR-GUATEMALA-WHOLESALE,3,84.0,252.0
ORD-003437,WCUST-00284,2025-03-29,REGULAR-COLOMBIA-WHOLESALE,3,84.0,252.0
ORD-003438,WCUST-00284,2025-05-23,REGULAR-GUATEMALA-WHOLESALE,1,84.0,84.0
ORD-003439,WCUST-00284,2025-07-21,REGULAR-COLOMBIA-WHOLESALE,2,84.0,168.0
ORD-003440,WCUST-00288,2026-01-10,REGULAR-PERU-WHOLESALE,2,84.0,168.0
ORD-003441,WCUST-00288,2026-02-21,REGULAR-BLEND-WHOLESALE,2,84.0,168.0
ORD-003442,WCUST-00288,2026-04-29,REGULAR-GUATEMALA-WHOLESALE,2,84.0,168.0
ORD-003443,WCUST-00288,2026-06-14,REGULAR-BLEND-WHOLESALE,2,84.0,168.0
ORD-003444,WCUST-00288,2026-08-17,REGULAR-BLEND-WHOLESALE,2,84.0,168.0
ORD-003445,WCUST-00289,2025-12-27,REGULAR-BLEND-WHOLESALE,3,84.0,252.0
ORD-003446,WCUST-00289,2026-03-01,REGULAR-COLOMBIA-WHOLESALE,2,84.0,168.0
ORD-003447,WCUST-00289,2026-04-25,DECAF-COLOMBIA-WHOLESALE,2,93.0,186.0
ORD-003448,WCUST-00289,2026-06-25,REGULAR-BLEND-WHOLESALE,2,84.0,168.0
ORD-003449,WCUST-00289,2026-08-10,REGULAR-BLEND-WHOLESALE,3,84.0,252.0
ORD-003450,WCUST-00290,2026-03-20,REGULAR-COLOMBIA-WHOLESALE,4,84.0,336.0
ORD-003450,WCUST-00290,2026-03-20,DECAF-COLOMBIA-RETAIL,1,15.5,15.5
ORD-003451,WCUST-00290,2026-04-14,REGULAR-GUATEMALA-WHOLESALE,8,84.0,672.0
ORD-003451,WCUST-00290,2026-04-14,REGULAR-GUATEMALA-RETAIL,2,14.0,28.0
ORD-003452,WCUST-00290,2026-05-05,DECAF-PERU-WHOLESALE,4,93.0,372.0
ORD-003452,WCUST-00290,2026-05-05,DECAF-PERU-RETAIL,2,15.5,31.0
ORD-003453,WCUST-00290,2026-05-29,REGULAR-BLEND-WHOLESALE,5,84.0,420.0
ORD-003454,WCUST-00290,2026-06-18,REGULAR-BLEND-WHOLESALE,5,84.0,420.0
ORD-003455,WCUST-00292,2025-04-14,REGULAR-GUATEMALA-WHOLESALE,1,84.0,84.0
ORD-003456,WCUST-00292,2025-06-21,REGULAR-GUATEMALA-WHOLESALE,1,84.0,84.0
ORD-003457,WCUST-00292,2025-08-10,DECAF-GUATEMALA-WHOLESALE,3,93.0,279.0
ORD-003458,WCUST-00292,2025-09-19,REGULAR-GUATEMALA-WHOLESALE,3,84.0,252.0
ORD-003459,WCUST-00292,2025-10-29,REGULAR-PERU-WHOLESALE,1,84.0,84.0
ORD-003460,WCUST-00292,2025-12-12,REGULAR-GUATEMALA-WHOLESALE,2,84.0,168.0
ORD-003461,WCUST-00292,2026-02-07,REGULAR-BLEND-WHOLESALE,2,84.0,168.0
ORD-003462,WCUST-00292,2026-03-29,REGULAR-COLOMBIA-WHOLESALE,3,84.0,252.0
ORD-003463,WCUST-00292,2026-05-12,DECAF-PERU-WHOLESALE,1,93.0,93.0
ORD-003463,WCUST-00292,2026-05-12,REGULAR-BLEND-RETAIL,1,14.0,14.0
ORD-003464,WCUST-00292,2026-07-19,REGULAR-COLOMBIA-WHOLESALE,3,84.0,252.0
ORD-003465,WCUST-00292,2026-09-08,DECAF-BLEND-WHOLESALE,1,93.0,93.0
ORD-003466,WCUST-00294,2025-08-02,DECAF-GUATEMALA-WHOLESALE,3,93.0,279.0
ORD-003466,WCUST-00294,2025-08-02,REGULAR-GUATEMALA-RETAIL,2,14.0,28.0
ORD-003467,WCUST-00294,2025-08-17,REGULAR-GUATEMALA-WHOLESALE,5,84.0,420.0
ORD-003468,WCUST-00294,2025-09-10,REGULAR-GUATEMALA-WHOLESALE,3,84.0,252.0
ORD-003469,WCUST-00294,2025-10-03,REGULAR-PERU-WHOLESALE,7,84.0,588.0
ORD-003469,WCUST-00294,2025-10-03,DECAF-GUATEMALA-RETAIL,3,15.5,46.5
ORD-003470,WCUST-00294,2025-10-29,REGULAR-GUATEMALA-WHOLESALE,5,84.0,420.0
ORD-003470,WCUST-00294,2025-10-29,REGULAR-PERU-RETAIL,2,14.0,28.0
ORD-003471,WCUST-00294,2025-11-15,REGULAR-BLEND-WHOLESALE,3,84.0,252.0
ORD-003472,WCUST-00294,2025-12-10,DECAF-PERU-WHOLESALE,4,93.0,372.0
ORD-003473,WCUST-00294,2026-01-04,REGULAR-PERU-WHOLESALE,5,84.0,420.0
ORD-003474,WCUST-00294,2026-01-23,REGULAR-BLEND-WHOLESALE,8,84.0,672.0
ORD-003474,WCUST-00294,2026-01-23,REGULAR-PERU-RETAIL,2,14.0,28.0
ORD-003475,WCUST-00294,2026-02-08,REGULAR-BLEND-WHOLESALE,4,84.0,336.0
ORD-003476,WCUST-00294,2026-03-04,REGULAR-COLOMBIA-WHOLESALE,8,84.0,672.0
ORD-003477,WCUST-00294,2026-03-28,REGULAR-GUATEMALA-WHOLESALE,4,84.0,336.0
ORD-003478,WCUST-00294,2026-04-15,REGULAR-GUATEMALA-WHOLESALE,6,84.0,504.0
ORD-003479,WCUST-00294,2026-05-03,REGULAR-BLEND-WHOLESALE,6,84.0,504.0
ORD-003480,WCUST-00294,2026-05-20,REGULAR-BLEND-WHOLESALE,4,84.0,336.0
ORD-003480,WCUST-00294,2026-05-20,REGULAR-BLEND-RETAIL,1,14.0,14.0
ORD-003481,WCUST-00294,2026-06-04,REGULAR-BLEND-WHOLESALE,7,84.0,588.0
ORD-003482,WCUST-00294,2026-07-01,DECAF-COLOMBIA-WHOLESALE,6,93.0,558.0
ORD-003483,WCUST-00294,2026-07-27,DECAF-COLOMBIA-WHOLESALE,8,93.0,744.0
ORD-003484,WCUST-00294,2026-08-16,REGULAR-BLEND-WHOLESALE,4,84.0,336.0
ORD-003485,WCUST-00294,2026-09-07,REGULAR-COLOMBIA-WHOLESALE,8,84.0,672.0
ORD-003486,WCUST-00295,2024-08-31,DECAF-GUATEMALA-WHOLESALE,8,93.0,744.0
ORD-003487,WCUST-00295,2024-09-25,REGULAR-PERU-WHOLESALE,4,84.0,336.0
ORD-003488,WCUST-00295,2024-10-17,REGULAR-GUATEMALA-WHOLESALE,3,84.0,252.0
ORD-003488,WCUST-00295,2024-10-17,REGULAR-GUATEMALA-RETAIL,1,14.0,14.0
ORD-003489,WCUST-00295,2024-11-07,REGULAR-GUATEMALA-WHOLESALE,4,84.0,336.0
ORD-003489,WCUST-00295,2024-11-07,REGULAR-GUATEMALA-RETAIL,3,14.0,42.0
ORD-003490,WCUST-00295,2024-11-27,REGULAR-GUATEMALA-WHOLESALE,7,84.0,588.0
ORD-003490,WCUST-00295,2024-11-27,REGULAR-GUATEMALA-RETAIL,3,14.0,42.0
ORD-003491,WCUST-00295,2024-12-22,REGULAR-GUATEMALA-WHOLESALE,8,84.0,672.0
ORD-003491,WCUST-00295,2024-12-22,REGULAR-GUATEMALA-RETAIL,1,14.0,14.0
ORD-003492,WCUST-00295,2025-01-11,REGULAR-GUATEMALA-WHOLESALE,3,84.0,252.0
ORD-003493,WCUST-00295,2025-02-06,REGULAR-GUATEMALA-WHOLESALE,5,84.0,420.0
ORD-003494,WCUST-00295,2025-03-04,REGULAR-COLOMBIA-WHOLESALE,8,84.0,672.0
ORD-003495,WCUST-00295,2025-03-26,REGULAR-GUATEMALA-WHOLESALE,4,84.0,336.0
ORD-003496,WCUST-00295,2025-04-19,DECAF-BLEND-WHOLESALE,3,93.0,279.0
ORD-003497,WCUST-00295,2025-05-14,REGULAR-GUATEMALA-WHOLESALE,4,84.0,336.0
ORD-003498,WCUST-00295,2025-05-30,REGULAR-GUATEMALA-WHOLESALE,3,84.0,252.0
ORD-003499,WCUST-00295,2025-06-26,REGULAR-GUATEMALA-WHOLESALE,5,84.0,420.0
ORD-003500,WCUST-00295,2025-07-14,REGULAR-COLOMBIA-WHOLESALE,3,84.0,252.0
ORD-003500,WCUST-00295,2025-07-14,REGULAR-COLOMBIA-RETAIL,2,14.0,28.0
ORD-003501,WCUST-00295,2025-07-31,REGULAR-COLOMBIA-WHOLESALE,8,84.0,672.0
ORD-003502,WCUST-00295,2025-08-16,REGULAR-GUATEMALA-WHOLESALE,4,84.0,336.0
ORD-003503,WCUST-00295,2025-09-03,DECAF-GUATEMALA-WHOLESALE,5,93.0,465.0
ORD-003504,WCUST-00295,2025-09-21,REGULAR-PERU-WHOLESALE,6,84.0,504.0
ORD-003505,WCUST-00295,2025-10-18,REGULAR-PERU-WHOLESALE,4,84.0,336.0
ORD-003506,WCUST-00295,2025-11-12,REGULAR-GUATEMALA-WHOLESALE,8,84.0,672.0
ORD-003507,WCUST-00295,2025-11-30,REGULAR-GUATEMALA-WHOLESALE,3,84.0,252.0
ORD-003508,WCUST-00295,2025-12-25,REGULAR-BLEND-WHOLESALE,3,84.0,252.0
ORD-003509,WCUST-00295,2026-01-20,REGULAR-PERU-WHOLESALE,5,84.0,420.0
ORD-003510,WCUST-00295,2026-02-12,REGULAR-PERU-WHOLESALE,4,84.0,336.0
ORD-003511,WCUST-00295,2026-03-04,DECAF-COLOMBIA-WHOLESALE,6,93.0,558.0
ORD-003512,WCUST-00295,2026-03-19,REGULAR-COLOMBIA-WHOLESALE,4,84.0,336.0
ORD-003513,WCUST-00295,2026-04-08,REGULAR-GUATEMALA-WHOLESALE,8,84.0,672.0
ORD-003514,WCUST-00295,2026-04-24,REGULAR-GUATEMALA-WHOLESALE,3,84.0,252.0
ORD-003514,WCUST-00295,2026-04-24,REGULAR-GUATEMALA-RETAIL,2,14.0,28.0
ORD-003515,WCUST-00295,2026-05-09,REGULAR-BLEND-WHOLESALE,5,84.0,420.0
ORD-003515,WCUST-00295,2026-05-09,DECAF-PERU-RETAIL,3,15.5,46.5
ORD-003516,WCUST-00295,2026-05-29,REGULAR-BLEND-WHOLESALE,8,84.0,672.0
ORD-003517,WCUST-00295,2026-06-17,REGULAR-BLEND-WHOLESALE,8,84.0,672.0
ORD-003518,WCUST-00295,2026-07-07,REGULAR-BLEND-WHOLESALE,3,84.0,252.0
ORD-003518,WCUST-00295,2026-07-07,REGULAR-COLOMBIA-RETAIL,1,14.0,14.0
ORD-003519,WCUST-00295,2026-07-30,REGULAR-BLEND-WHOLESALE,5,84.0,420.0
ORD-003520,WCUST-00295,2026-08-18,REGULAR-BLEND-WHOLESALE,3,84.0,252.0
ORD-003520,WCUST-00295,2026-08-18,REGULAR-BLEND-RETAIL,2,14.0,28.0
ORD-003521,WCUST-00296,2025-07-03,DECAF-BLEND-WHOLESALE,5,93.0,465.0
ORD-003522,WCUST-00296,2025-08-04,REGULAR-GUATEMALA-WHOLESALE,2,84.0,168.0
ORD-003523,WCUST-00296,2025-09-03,REGULAR-GUATEMALA-WHOLESALE,3,84.0,252.0
ORD-003524,WCUST-00296,2025-09-24,REGULAR-PERU-WHOLESALE,3,84.0,252.0
ORD-003525,WCUST-00296,2025-10-26,REGULAR-GUATEMALA-WHOLESALE,3,84.0,252.0
ORD-003526,WCUST-00296,2025-11-30,REGULAR-GUATEMALA-WHOLESALE,3,84.0,252.0
ORD-003527,WCUST-00296,2025-12-21,REGULAR-GUATEMALA-WHOLESALE,2,84.0,168.0
ORD-003528,WCUST-00296,2026-01-12,REGULAR-BLEND-WHOLESALE,3,84.0,252.0
ORD-003528,WCUST-00296,2026-01-12,DECAF-PERU-RETAIL,2,15.5,31.0
ORD-003529,WCUST-00296,2026-02-13,REGULAR-BLEND-WHOLESALE,2,84.0,168.0
ORD-003530,WCUST-00296,2026-03-21,REGULAR-GUATEMALA-WHOLESALE,5,84.0,420.0
ORD-003530,WCUST-00296,2026-03-21,REGULAR-GUATEMALA-RETAIL,3,14.0,42.0
ORD-003531,WCUST-00296,2026-04-22,REGULAR-GUATEMALA-WHOLESALE,3,84.0,252.0
ORD-003532,WCUST-00296,2026-05-14,REGULAR-BLEND-WHOLESALE,3,84.0,252.0
ORD-003533,WCUST-00296,2026-06-07,REGULAR-BLEND-WHOLESALE,5,84.0,420.0
ORD-003534,WCUST-00296,2026-07-08,REGULAR-BLEND-WHOLESALE,5,84.0,420.0
ORD-003534,WCUST-00296,2026-07-08,REGULAR-COLOMBIA-RETAIL,3,14.0,42.0
ORD-003535,WCUST-00296,2026-08-02,REGULAR-BLEND-WHOLESALE,3,84.0,252.0
ORD-003536,WCUST-00296,2026-09-02,REGULAR-BLEND-WHOLESALE,5,84.0,420.0
ORD-003537,WCUST-00297,2024-09-02,REGULAR-BLEND-WHOLESALE,2,84.0,168.0
ORD-003537,WCUST-00297,2024-09-02,DECAF-GUATEMALA-RETAIL,1,15.5,15.5
ORD-003538,WCUST-00297,2024-09-27,REGULAR-BLEND-WHOLESALE,4,84.0,336.0
ORD-003539,WCUST-00298,2024-05-17,REGULAR-BLEND-WHOLESALE,4,84.0,336.0
ORD-003540,WCUST-00298,2024-06-02,REGULAR-BLEND-WHOLESALE,3,84.0,252.0
ORD-003541,WCUST-00298,2024-06-23,REGULAR-BLEND-WHOLESALE,4,84.0,336.0
ORD-003541,WCUST-00298,2024-06-23,REGULAR-BLEND-RETAIL,1,14.0,14.0
ORD-003542,WCUST-00298,2024-07-20,REGULAR-BLEND-WHOLESALE,3,84.0,252.0
ORD-003543,WCUST-00298,2024-08-05,REGULAR-BLEND-WHOLESALE,3,84.0,252.0
ORD-003544,WCUST-00298,2024-08-31,REGULAR-PERU-WHOLESALE,5,84.0,420.0
ORD-003545,WCUST-00298,2024-09-19,REGULAR-BLEND-WHOLESALE,3,84.0,252.0
ORD-003546,WCUST-00298,2024-10-08,REGULAR-GUATEMALA-WHOLESALE,3,84.0,252.0
ORD-003547,WCUST-00298,2024-10-24,REGULAR-GUATEMALA-WHOLESALE,3,84.0,252.0
ORD-003548,WCUST-00298,2024-11-20,REGULAR-GUATEMALA-WHOLESALE,5,84.0,420.0
ORD-003549,WCUST-00298,2024-12-09,REGULAR-GUATEMALA-WHOLESALE,3,84.0,252.0
ORD-003549,WCUST-00298,2024-12-09,REGULAR-GUATEMALA-RETAIL,3,14.0,42.0
ORD-003550,WCUST-00298,2024-12-24,REGULAR-GUATEMALA-WHOLESALE,8,84.0,672.0
ORD-003551,WCUST-00298,2025-01-15,REGULAR-GUATEMALA-WHOLESALE,5,84.0,420.0
ORD-003552,WCUST-00298,2025-02-01,REGULAR-GUATEMALA-WHOLESALE,3,84.0,252.0
ORD-003553,WCUST-00298,2025-02-21,DECAF-BLEND-WHOLESALE,5,93.0,465.0
ORD-003554,WCUST-00298,2025-03-14,REGULAR-COLOMBIA-WHOLESALE,6,84.0,504.0
ORD-003555,WCUST-00298,2025-04-03,REGULAR-GUATEMALA-WHOLESALE,4,84.0,336.0
ORD-003556,WCUST-00298,2025-04-26,REGULAR-GUATEMALA-WHOLESALE,7,84.0,588.0
ORD-003557,WCUST-00298,2025-05-13,REGULAR-GUATEMALA-WHOLESALE,6,84.0,504.0
ORD-003557,WCUST-00298,2025-05-13,REGULAR-GUATEMALA-RETAIL,1,14.0,14.0
ORD-003558,WCUST-00298,2025-06-03,DECAF-BLEND-WHOLESALE,4,93.0,372.0
ORD-003559,WCUST-00298,2025-06-30,REGULAR-GUATEMALA-WHOLESALE,6,84.0,504.0
ORD-003560,WCUST-00298,2025-07-19,REGULAR-COLOMBIA-WHOLESALE,7,84.0,588.0
ORD-003561,WCUST-00298,2025-08-03,REGULAR-GUATEMALA-WHOLESALE,8,84.0,672.0
ORD-003562,WCUST-00298,2025-08-26,REGULAR-GUATEMALA-WHOLESALE,7,84.0,588.0
ORD-003563,WCUST-00298,2025-09-12,REGULAR-GUATEMALA-WHOLESALE,5,84.0,420.0
ORD-003563,WCUST-00298,2025-09-12,DECAF-GUATEMALA-RETAIL,1,15.5,15.5
ORD-003564,WCUST-00298,2025-10-02,DECAF-GUATEMALA-WHOLESALE,6,93.0,558.0
ORD-003565,WCUST-00298,2025-10-19,REGULAR-PERU-WHOLESALE,5,84.0,420.0
ORD-003566,WCUST-00298,2025-11-05,REGULAR-BLEND-WHOLESALE,4,84.0,336.0
ORD-003567,WCUST-00298,2025-11-25,REGULAR-GUATEMALA-WHOLESALE,4,84.0,336.0
ORD-003568,WCUST-00298,2025-12-14,REGULAR-GUATEMALA-WHOLESALE,7,84.0,588.0
ORD-003569,WCUST-00298,2025-12-30,REGULAR-BLEND-WHOLESALE,7,84.0,588.0
ORD-003570,WCUST-00298,2026-01-14,REGULAR-PERU-WHOLESALE,5,84.0,420.0
ORD-003571,WCUST-00298,2026-01-29,DECAF-PERU-WHOLESALE,4,93.0,372.0
ORD-003572,WCUST-00298,2026-02-22,REGULAR-PERU-WHOLESALE,8,84.0,672.0
ORD-003573,WCUST-00298,2026-03-18,REGULAR-GUATEMALA-WHOLESALE,7,84.0,588.0
ORD-003574,WCUST-00298,2026-04-07,DECAF-COLOMBIA-WHOLESALE,8,93.0,744.0
ORD-003575,WCUST-00298,2026-04-23,REGULAR-GUATEMALA-WHOLESALE,7,84.0,588.0
ORD-003576,WCUST-00298,2026-05-11,REGULAR-BLEND-WHOLESALE,7,84.0,588.0
ORD-003577,WCUST-00298,2026-06-02,DECAF-COLOMBIA-WHOLESALE,3,93.0,279.0
ORD-003578,WCUST-00298,2026-06-29,REGULAR-BLEND-WHOLESALE,3,84.0,252.0
ORD-003579,WCUST-00298,2026-07-21,REGULAR-COLOMBIA-WHOLESALE,3,84.0,252.0
ORD-003579,WCUST-00298,2026-07-21,REGULAR-COLOMBIA-RETAIL,1,14.0,14.0
ORD-003580,WCUST-00298,2026-08-10,REGULAR-COLOMBIA-WHOLESALE,6,84.0,504.0
ORD-003581,WCUST-00298,2026-08-29,REGULAR-COLOMBIA-WHOLESALE,4,84.0,336.0
ORD-003582,WCUST-00299,2024-09-20,REGULAR-BLEND-WHOLESALE,3,84.0,252.0
ORD-003583,WCUST-00299,2024-10-26,REGULAR-GUATEMALA-WHOLESALE,2,84.0,168.0
ORD-003584,WCUST-00299,2024-11-21,DECAF-PERU-WHOLESALE,2,93.0,186.0
ORD-003585,WCUST-00299,2024-12-13,REGULAR-GUATEMALA-WHOLESALE,4,84.0,336.0
ORD-003586,WCUST-00299,2025-01-09,REGULAR-GUATEMALA-WHOLESALE,4,84.0,336.0
ORD-003587,WCUST-00299,2025-02-05,REGULAR-COLOMBIA-WHOLESALE,4,84.0,336.0
ORD-003588,WCUST-00299,2025-02-28,REGULAR-GUATEMALA-WHOLESALE,4,84.0,336.0
ORD-003589,WCUST-00299,2025-03-26,REGULAR-COLOMBIA-WHOLESALE,3,84.0,252.0
ORD-003590,WCUST-00299,2025-04-16,REGULAR-GUATEMALA-WHOLESALE,5,84.0,420.0
ORD-003591,WCUST-00299,2025-05-09,DECAF-BLEND-WHOLESALE,2,93.0,186.0
ORD-003592,WCUST-00299,2025-06-02,REGULAR-GUATEMALA-WHOLESALE,5,84.0,420.0
ORD-003593,WCUST-00299,2025-07-03,REGULAR-COLOMBIA-WHOLESALE,2,84.0,168.0
ORD-003594,WCUST-00299,2025-07-27,REGULAR-COLOMBIA-WHOLESALE,3,84.0,252.0
ORD-003595,WCUST-00299,2025-08-17,REGULAR-PERU-WHOLESALE,5,84.0,420.0
ORD-003596,WCUST-00299,2025-09-18,REGULAR-PERU-WHOLESALE,3,84.0,252.0
ORD-003597,WCUST-00299,2025-10-16,REGULAR-GUATEMALA-WHOLESALE,5,84.0,420.0
ORD-003597,WCUST-00299,2025-10-16,REGULAR-PERU-RETAIL,1,14.0,14.0
ORD-003598,WCUST-00299,2025-11-08,REGULAR-GUATEMALA-WHOLESALE,3,84.0,252.0
ORD-003598,WCUST-00299,2025-11-08,REGULAR-BLEND-RETAIL,1,14.0,14.0
ORD-003599,WCUST-00299,2025-12-11,REGULAR-BLEND-WHOLESALE,5,84.0,420.0
ORD-003600,WCUST-00299,2026-01-04,REGULAR-PERU-WHOLESALE,2,84.0,168.0
ORD-003600,WCUST-00299,2026-01-04,REGULAR-PERU-RETAIL,3,14.0,42.0
ORD-003601,WCUST-00299,2026-01-29,DECAF-PERU-WHOLESALE,3,93.0,279.0
ORD-003601,WCUST-00299,2026-01-29,REGULAR-BLEND-RETAIL,1,14.0,14.0
ORD-003602,WCUST-00299,2026-03-02,REGULAR-COLOMBIA-WHOLESALE,3,84.0,252.0
ORD-003603,WCUST-00299,2026-03-23,REGULAR-GUATEMALA-WHOLESALE,5,84.0,420.0
ORD-003604,WCUST-00299,2026-04-17,REGULAR-GUATEMALA-WHOLESALE,3,84.0,252.0
ORD-003605,WCUST-00299,2026-05-20,REGULAR-BLEND-WHOLESALE,2,84.0,168.0
ORD-003606,WCUST-00299,2026-06-22,REGULAR-BLEND-WHOLESALE,5,84.0,420.0
ORD-003607,WCUST-00299,2026-07-26,REGULAR-COLOMBIA-WHOLESALE,3,84.0,252.0
ORD-003608,WCUST-00299,2026-08-27,REGULAR-COLOMBIA-WHOLESALE,2,84.0,168.0
ORD-003609,WCUST-00300,2025-11-08,REGULAR-GUATEMALA-WHOLESALE,2,84.0,168.0
ORD-003610,WCUST-00300,2025-12-04,REGULAR-BLEND-WHOLESALE,5,84.0,420.0
ORD-003611,WCUST-00300,2025-12-29,REGULAR-GUATEMALA-WHOLESALE,2,84.0,168.0
ORD-003612,WCUST-00300,2026-01-22,REGULAR-PERU-WHOLESALE,5,84.0,420.0
ORD-003612,WCUST-00300,2026-01-22,REGULAR-PERU-RETAIL,2,14.0,28.0
ORD-003613,WCUST-00300,2026-02-23,REGULAR-BLEND-WHOLESALE,3,84.0,252.0
ORD-003613,WCUST-00300,2026-02-23,REGULAR-BLEND-RETAIL,2,14.0,28.0
ORD-003614,WCUST-00300,2026-03-20,REGULAR-COLOMBIA-WHOLESALE,2,84.0,168.0
ORD-003614,WCUST-00300,2026-03-20,REGULAR-GUATEMALA-RETAIL,2,14.0,28.0
ORD-003615,WCUST-00300,2026-04-09,REGULAR-GUATEMALA-WHOLESALE,3,84.0,252.0
ORD-003616,WCUST-00300,2026-05-13,REGULAR-BLEND-WHOLESALE,3,84.0,252.0
ORD-003616,WCUST-00300,2026-05-13,REGULAR-BLEND-RETAIL,2,14.0,28.0
ORD-003617,WCUST-00300,2026-06-08,REGULAR-BLEND-WHOLESALE,3,84.0,252.0
ORD-003618,WCUST-00300,2026-07-05,REGULAR-BLEND-WHOLESALE,4,84.0,336.0
ORD-003619,WCUST-00300,2026-08-08,REGULAR-BLEND-WHOLESALE,3,84.0,252.0
ORD-003620,WCUST-00300,2026-09-08,REGULAR-BLEND-WHOLESALE,5,84.0,420.0
ORD-003621,WCUST-00301,2025-08-26,REGULAR-PERU-WHOLESALE,5,84.0,420.0
ORD-003622,WCUST-00301,2025-09-29,REGULAR-GUATEMALA-WHOLESALE,4,84.0,336.0
ORD-003623,WCUST-00301,2025-10-25,REGULAR-PERU-WHOLESALE,3,84.0,252.0
ORD-003624,WCUST-00301,2025-11-29,REGULAR-GUATEMALA-WHOLESALE,4,84.0,336.0
ORD-003625,WCUST-00301,2025-12-20,REGULAR-GUATEMALA-WHOLESALE,3,84.0,252.0
ORD-003626,WCUST-00301,2026-01-09,REGULAR-PERU-WHOLESALE,2,84.0,168.0
ORD-003627,WCUST-00301,2026-02-13,REGULAR-PERU-WHOLESALE,5,84.0,420.0
ORD-003628,WCUST-00301,2026-03-13,REGULAR-GUATEMALA-WHOLESALE,2,84.0,168.0
ORD-003628,WCUST-00301,2026-03-13,REGULAR-COLOMBIA-RETAIL,1,14.0,14.0
ORD-003629,WCUST-00301,2026-04-16,REGULAR-GUATEMALA-WHOLESALE,5,84.0,420.0
ORD-003629,WCUST-00301,2026-04-16,REGULAR-GUATEMALA-RETAIL,2,14.0,28.0
ORD-003630,WCUST-00301,2026-05-21,REGULAR-BLEND-WHOLESALE,2,84.0,168.0
ORD-003631,WCUST-00301,2026-06-12,REGULAR-BLEND-WHOLESALE,2,84.0,168.0
ORD-003632,WCUST-00301,2026-07-09,REGULAR-COLOMBIA-WHOLESALE,3,84.0,252.0
ORD-003633,WCUST-00301,2026-08-02,REGULAR-COLOMBIA-WHOLESALE,4,84.0,336.0
ORD-003634,WCUST-00301,2026-08-27,DECAF-BLEND-WHOLESALE,2,93.0,186.0
ORD-003635,WCUST-00302,2025-06-14,DECAF-BLEND-WHOLESALE,4,93.0,372.0
ORD-003636,WCUST-00302,2025-07-11,REGULAR-COLOMBIA-WHOLESALE,3,84.0,252.0
ORD-003637,WCUST-00302,2025-08-09,REGULAR-GUATEMALA-WHOLESALE,5,84.0,420.0
ORD-003638,WCUST-00302,2025-09-10,REGULAR-GUATEMALA-WHOLESALE,4,84.0,336.0
ORD-003639,WCUST-00302,2025-10-08,REGULAR-PERU-WHOLESALE,2,84.0,168.0
ORD-003640,WCUST-00302,2025-11-09,REGULAR-BLEND-WHOLESALE,5,84.0,420.0
ORD-003641,WCUST-00302,2025-12-09,REGULAR-GUATEMALA-WHOLESALE,2,84.0,168.0
ORD-003642,WCUST-00302,2026-01-02,REGULAR-BLEND-WHOLESALE,2,84.0,168.0
ORD-003643,WCUST-00302,2026-02-04,REGULAR-BLEND-WHOLESALE,3,84.0,252.0
ORD-003644,WCUST-00302,2026-03-08,REGULAR-COLOMBIA-WHOLESALE,5,84.0,420.0
ORD-003645,WCUST-00302,2026-04-01,REGULAR-GUATEMALA-WHOLESALE,3,84.0,252.0
ORD-003646,WCUST-00302,2026-04-25,REGULAR-GUATEMALA-WHOLESALE,5,84.0,420.0
ORD-003647,WCUST-00302,2026-05-29,REGULAR-BLEND-WHOLESALE,3,84.0,252.0
ORD-003648,WCUST-00302,2026-06-29,REGULAR-BLEND-WHOLESALE,4,84.0,336.0
ORD-003649,WCUST-00302,2026-07-28,REGULAR-BLEND-WHOLESALE,3,84.0,252.0
ORD-003650,WCUST-00302,2026-08-26,REGULAR-COLOMBIA-WHOLESALE,3,84.0,252.0
ORD-003650,WCUST-00302,2026-08-26,DECAF-BLEND-RETAIL,3,15.5,46.5
ORD-003651,WCUST-00303,2025-07-21,REGULAR-COLOMBIA-WHOLESALE,6,84.0,504.0
ORD-003652,WCUST-00303,2025-08-10,REGULAR-PERU-WHOLESALE,4,84.0,336.0
ORD-003653,WCUST-00303,2025-09-01,REGULAR-GUATEMALA-WHOLESALE,4,84.0,336.0
ORD-003654,WCUST-00303,2025-09-22,REGULAR-GUATEMALA-WHOLESALE,6,84.0,504.0
ORD-003655,WCUST-00303,2025-10-15,REGULAR-GUATEMALA-WHOLESALE,6,84.0,504.0
ORD-003655,WCUST-00303,2025-10-15,REGULAR-GUATEMALA-RETAIL,2,14.0,28.0
ORD-003656,WCUST-00303,2025-11-04,DECAF-PERU-WHOLESALE,4,93.0,372.0
ORD-003657,WCUST-00303,2025-11-24,REGULAR-GUATEMALA-WHOLESALE,6,84.0,504.0
ORD-003658,WCUST-00303,2025-12-13,REGULAR-GUATEMALA-WHOLESALE,8,84.0,672.0
ORD-003659,WCUST-00303,2026-01-02,REGULAR-BLEND-WHOLESALE,5,84.0,420.0
ORD-003660,WCUST-00303,2026-01-23,REGULAR-PERU-WHOLESALE,7,84.0,588.0
ORD-003661,WCUST-00303,2026-02-10,REGULAR-PERU-WHOLESALE,7,84.0,588.0
ORD-003662,WCUST-00303,2026-03-09,REGULAR-COLOMBIA-WHOLESALE,4,84.0,336.0
ORD-003663,WCUST-00303,2026-04-05,REGULAR-GUATEMALA-WHOLESALE,3,84.0,252.0
ORD-003664,WCUST-00303,2026-04-26,DECAF-COLOMBIA-WHOLESALE,7,93.0,651.0
ORD-003665,WCUST-00303,2026-05-23,REGULAR-BLEND-WHOLESALE,5,84.0,420.0
ORD-003666,WCUST-00303,2026-06-11,REGULAR-BLEND-WHOLESALE,3,84.0,252.0
ORD-003667,WCUST-00303,2026-07-01,REGULAR-BLEND-WHOLESALE,7,84.0,588.0
ORD-003668,WCUST-00303,2026-07-17,REGULAR-BLEND-WHOLESALE,5,84.0,420.0
ORD-003669,WCUST-00303,2026-08-09,REGULAR-BLEND-WHOLESALE,8,84.0,672.0
ORD-003670,WCUST-00303,2026-09-05,REGULAR-BLEND-WHOLESALE,4,84.0,336.0
ORD-003671,WCUST-00304,2025-07-28,REGULAR-COLOMBIA-WHOLESALE,8,84.0,672.0
ORD-003672,WCUST-00304,2025-08-13,REGULAR-PERU-WHOLESALE,6,84.0,504.0
ORD-003673,WCUST-00304,2025-09-03,REGULAR-PERU-WHOLESALE,3,84.0,252.0
ORD-003674,WCUST-00304,2025-09-18,DECAF-GUATEMALA-WHOLESALE,8,93.0,744.0
ORD-003674,WCUST-00304,2025-09-18,REGULAR-PERU-RETAIL,2,14.0,28.0
ORD-003675,WCUST-00304,2025-10-14,REGULAR-PERU-WHOLESALE,3,84.0,252.0
ORD-003676,WCUST-00304,2025-11-05,REGULAR-GUATEMALA-WHOLESALE,7,84.0,588.0
ORD-003677,WCUST-00304,2025-11-23,REGULAR-BLEND-WHOLESALE,8,84.0,672.0
ORD-003678,WCUST-00305,2025-06-29,REGULAR-GUATEMALA-WHOLESALE,2,84.0,168.0
ORD-003679,WCUST-00305,2025-07-21,DECAF-BLEND-WHOLESALE,5,93.0,465.0
ORD-003680,WCUST-00305,2025-08-21,DECAF-GUATEMALA-WHOLESALE,4,93.0,372.0
ORD-003681,WCUST-00305,2025-09-17,DECAF-GUATEMALA-WHOLESALE,5,93.0,465.0
ORD-003681,WCUST-00305,2025-09-17,REGULAR-PERU-RETAIL,1,14.0,14.0
ORD-003682,WCUST-00305,2025-10-10,REGULAR-GUATEMALA-WHOLESALE,2,84.0,168.0
ORD-003683,WCUST-00305,2025-10-31,REGULAR-GUATEMALA-WHOLESALE,5,84.0,420.0
ORD-003684,WCUST-00305,2025-11-29,REGULAR-GUATEMALA-WHOLESALE,4,84.0,336.0
ORD-003685,WCUST-00305,2026-01-04,REGULAR-BLEND-WHOLESALE,3,84.0,252.0
ORD-003686,WCUST-00305,2026-01-28,REGULAR-PERU-WHOLESALE,4,84.0,336.0
ORD-003687,WCUST-00305,2026-02-26,REGULAR-PERU-WHOLESALE,4,84.0,336.0
ORD-003688,WCUST-00305,2026-04-02,DECAF-COLOMBIA-WHOLESALE,3,93.0,279.0
ORD-003689,WCUST-00305,2026-04-29,REGULAR-GUATEMALA-WHOLESALE,3,84.0,252.0
ORD-003689,WCUST-00305,2026-04-29,DECAF-COLOMBIA-RETAIL,1,15.5,15.5
ORD-003690,WCUST-00305,2026-05-19,REGULAR-BLEND-WHOLESALE,5,84.0,420.0
ORD-003690,WCUST-00305,2026-05-19,REGULAR-BLEND-RETAIL,1,14.0,14.0
ORD-003691,WCUST-00305,2026-06-17,REGULAR-BLEND-WHOLESALE,3,84.0,252.0
ORD-003692,WCUST-00305,2026-07-18,DECAF-COLOMBIA-WHOLESALE,5,93.0,465.0
ORD-003692,WCUST-00305,2026-07-18,REGULAR-BLEND-RETAIL,2,14.0,28.0
ORD-003693,WCUST-00305,2026-08-07,REGULAR-BLEND-WHOLESALE,4,84.0,336.0
ORD-003694,WCUST-00305,2026-09-09,REGULAR-COLOMBIA-WHOLESALE,2,84.0,168.0
ORD-003694,WCUST-00305,2026-09-09,REGULAR-BLEND-RETAIL,3,14.0,42.0
ORD-003695,WCUST-00306,2026-04-08,REGULAR-GUATEMALA-WHOLESALE,5,84.0,420.0
ORD-003696,WCUST-00306,2026-05-03,REGULAR-BLEND-WHOLESALE,4,84.0,336.0
ORD-003697,WCUST-00306,2026-05-29,REGULAR-BLEND-WHOLESALE,2,84.0,168.0
ORD-003698,WCUST-00306,2026-06-22,REGULAR-BLEND-WHOLESALE,2,84.0,168.0
ORD-003699,WCUST-00306,2026-07-14,REGULAR-BLEND-WHOLESALE,4,84.0,336.0
ORD-003700,WCUST-00306,2026-08-14,DECAF-BLEND-WHOLESALE,3,93.0,279.0
ORD-003701,WCUST-00306,2026-09-06,REGULAR-COLOMBIA-WHOLESALE,2,84.0,168.0
ORD-003701,WCUST-00306,2026-09-06,REGULAR-BLEND-RETAIL,2,14.0,28.0
ORD-003702,WCUST-00307,2025-07-23,REGULAR-COLOMBIA-WHOLESALE,2,84.0,168.0
ORD-003703,WCUST-00307,2025-08-28,REGULAR-PERU-WHOLESALE,4,84.0,336.0
ORD-003704,WCUST-00307,2025-09-21,REGULAR-GUATEMALA-WHOLESALE,5,84.0,420.0
ORD-003704,WCUST-00307,2025-09-21,REGULAR-PERU-RETAIL,3,14.0,42.0
ORD-003705,WCUST-00307,2025-10-26,REGULAR-GUATEMALA-WHOLESALE,5,84.0,420.0
ORD-003706,WCUST-00307,2025-11-15,DECAF-PERU-WHOLESALE,4,93.0,372.0
ORD-003707,WCUST-00307,2025-12-10,REGULAR-BLEND-WHOLESALE,5,84.0,420.0
ORD-003708,WCUST-00307,2026-01-06,REGULAR-BLEND-WHOLESALE,5,84.0,420.0
ORD-003709,WCUST-00307,2026-02-04,REGULAR-BLEND-WHOLESALE,3,84.0,252.0
ORD-003709,WCUST-00307,2026-02-04,REGULAR-PERU-RETAIL,1,14.0,14.0
ORD-003710,WCUST-00307,2026-03-07,REGULAR-COLOMBIA-WHOLESALE,5,84.0,420.0
ORD-003711,WCUST-00307,2026-04-10,REGULAR-GUATEMALA-WHOLESALE,3,84.0,252.0
ORD-003712,WCUST-00307,2026-05-13,REGULAR-BLEND-WHOLESALE,5,84.0,420.0
ORD-003713,WCUST-00307,2026-06-03,REGULAR-BLEND-WHOLESALE,3,84.0,252.0
ORD-003713,WCUST-00307,2026-06-03,REGULAR-BLEND-RETAIL,3,14.0,42.0
ORD-003714,WCUST-00307,2026-06-23,REGULAR-BLEND-WHOLESALE,3,84.0,252.0
ORD-003715,WCUST-00307,2026-07-22,DECAF-COLOMBIA-WHOLESALE,3,93.0,279.0
ORD-003716,WCUST-00307,2026-08-24,REGULAR-BLEND-WHOLESALE,3,84.0,252.0
ORD-003717,WCUST-00308,2026-05-08,REGULAR-BLEND-WHOLESALE,4,84.0,336.0
ORD-003718,WCUST-00308,2026-06-07,DECAF-COLOMBIA-WHOLESALE,6,93.0,558.0
ORD-003719,WCUST-00308,2026-07-10,DECAF-COLOMBIA-WHOLESALE,10,93.0,930.0
ORD-003720,WCUST-00308,2026-08-15,REGULAR-BLEND-WHOLESALE,8,84.0,672.0
ORD-003721,WCUST-00309,2024-06-13,REGULAR-BLEND-WHOLESALE,5,84.0,420.0
ORD-003722,WCUST-00309,2024-07-09,REGULAR-BLEND-WHOLESALE,5,84.0,420.0
ORD-003723,WCUST-00309,2024-08-01,REGULAR-BLEND-WHOLESALE,5,84.0,420.0
ORD-003724,WCUST-00309,2024-09-04,REGULAR-BLEND-WHOLESALE,4,84.0,336.0
ORD-003725,WCUST-00309,2024-10-03,REGULAR-GUATEMALA-WHOLESALE,3,84.0,252.0
ORD-003726,WCUST-00309,2024-11-07,DECAF-PERU-WHOLESALE,5,93.0,465.0
ORD-003727,WCUST-00309,2024-12-08,REGULAR-GUATEMALA-WHOLESALE,2,84.0,168.0
ORD-003728,WCUST-00309,2025-01-04,REGULAR-GUATEMALA-WHOLESALE,5,84.0,420.0
ORD-003728,WCUST-00309,2025-01-04,REGULAR-GUATEMALA-RETAIL,3,14.0,42.0
ORD-003729,WCUST-00309,2025-02-03,REGULAR-GUATEMALA-WHOLESALE,3,84.0,252.0
ORD-003730,WCUST-00309,2025-03-05,REGULAR-COLOMBIA-WHOLESALE,2,84.0,168.0
ORD-003731,WCUST-00309,2025-04-05,REGULAR-GUATEMALA-WHOLESALE,5,84.0,420.0
ORD-003732,WCUST-00309,2025-05-10,REGULAR-GUATEMALA-WHOLESALE,4,84.0,336.0
ORD-003732,WCUST-00309,2025-05-10,REGULAR-GUATEMALA-RETAIL,1,14.0,14.0
ORD-003733,WCUST-00309,2025-05-30,REGULAR-GUATEMALA-WHOLESALE,2,84.0,168.0
ORD-003734,WCUST-00309,2025-07-03,DECAF-BLEND-WHOLESALE,5,93.0,465.0
ORD-003735,WCUST-00309,2025-07-31,REGULAR-COLOMBIA-WHOLESALE,5,84.0,420.0
ORD-003736,WCUST-00310,2025-11-11,REGULAR-BLEND-WHOLESALE,1,84.0,84.0
ORD-003737,WCUST-00310,2026-01-05,REGULAR-PERU-WHOLESALE,2,84.0,168.0
ORD-003738,WCUST-00310,2026-02-22,REGULAR-BLEND-WHOLESALE,1,84.0,84.0
ORD-003739,WCUST-00310,2026-04-28,REGULAR-GUATEMALA-WHOLESALE,3,84.0,252.0
ORD-003740,WCUST-00310,2026-06-08,REGULAR-BLEND-WHOLESALE,2,84.0,168.0
ORD-003741,WCUST-00310,2026-07-31,REGULAR-COLOMBIA-WHOLESALE,3,84.0,252.0
ORD-003742,WCUST-00311,2026-04-03,REGULAR-GUATEMALA-WHOLESALE,5,84.0,420.0
ORD-003743,WCUST-00311,2026-05-09,REGULAR-BLEND-WHOLESALE,3,84.0,252.0
ORD-003744,WCUST-00311,2026-05-31,REGULAR-BLEND-WHOLESALE,2,84.0,168.0
ORD-003745,WCUST-00311,2026-06-26,REGULAR-BLEND-WHOLESALE,5,84.0,420.0
ORD-003746,WCUST-00311,2026-07-26,DECAF-COLOMBIA-WHOLESALE,4,93.0,372.0
ORD-003747,WCUST-00311,2026-08-27,REGULAR-BLEND-WHOLESALE,2,84.0,168.0
ORD-003748,WCUST-00312,2024-05-29,REGULAR-BLEND-WHOLESALE,2,84.0,168.0
ORD-003749,WCUST-00312,2024-08-07,REGULAR-BLEND-WHOLESALE,2,84.0,168.0
ORD-003750,WCUST-00312,2024-10-07,REGULAR-GUATEMALA-WHOLESALE,3,84.0,252.0
ORD-003750,WCUST-00312,2024-10-07,REGULAR-GUATEMALA-RETAIL,3,14.0,42.0
ORD-003751,WCUST-00312,2024-12-08,REGULAR-GUATEMALA-WHOLESALE,2,84.0,168.0
ORD-003752,WCUST-00312,2025-01-23,DECAF-PERU-WHOLESALE,2,93.0,186.0
ORD-003753,WCUST-00312,2025-04-03,REGULAR-GUATEMALA-WHOLESALE,1,84.0,84.0
ORD-003754,WCUST-00312,2025-06-09,REGULAR-GUATEMALA-WHOLESALE,1,84.0,84.0
ORD-003755,WCUST-00312,2025-08-10,REGULAR-GUATEMALA-WHOLESALE,2,84.0,168.0
ORD-003756,WCUST-00312,2025-10-01,REGULAR-GUATEMALA-WHOLESALE,1,84.0,84.0
ORD-003756,WCUST-00312,2025-10-01,REGULAR-PERU-RETAIL,1,14.0,14.0
ORD-003757,WCUST-00312,2025-11-17,REGULAR-BLEND-WHOLESALE,3,84.0,252.0
ORD-003758,WCUST-00312,2026-01-21,REGULAR-PERU-WHOLESALE,2,84.0,168.0
ORD-003758,WCUST-00312,2026-01-21,REGULAR-BLEND-RETAIL,2,14.0,28.0
ORD-003759,WCUST-00312,2026-03-25,REGULAR-COLOMBIA-WHOLESALE,3,84.0,252.0
ORD-003760,WCUST-00312,2026-05-05,REGULAR-BLEND-WHOLESALE,2,84.0,168.0
ORD-003761,WCUST-00312,2026-06-15,DECAF-COLOMBIA-WHOLESALE,2,93.0,186.0
ORD-003762,WCUST-00312,2026-07-25,DECAF-COLOMBIA-WHOLESALE,3,93.0,279.0
ORD-003763,WCUST-00312,2026-09-03,REGULAR-BLEND-WHOLESALE,2,84.0,168.0
ORD-003764,WCUST-00313,2026-02-04,DECAF-COLOMBIA-WHOLESALE,8,93.0,744.0
ORD-003765,WCUST-00313,2026-03-16,REGULAR-COLOMBIA-WHOLESALE,7,84.0,588.0
ORD-003766,WCUST-00313,2026-04-24,REGULAR-GUATEMALA-WHOLESALE,10,84.0,840.0
ORD-003767,WCUST-00313,2026-06-07,REGULAR-BLEND-WHOLESALE,5,84.0,420.0
ORD-003768,WCUST-00313,2026-07-20,DECAF-COLOMBIA-WHOLESALE,5,93.0,465.0
ORD-003768,WCUST-00313,2026-07-20,DECAF-COLOMBIA-RETAIL,1,15.5,15.5
ORD-003769,WCUST-00313,2026-08-20,DECAF-BLEND-WHOLESALE,8,93.0,744.0
ORD-003770,WCUST-00314,2024-06-04,REGULAR-BLEND-WHOLESALE,5,84.0,420.0
ORD-003771,WCUST-00314,2024-06-30,REGULAR-BLEND-WHOLESALE,8,84.0,672.0
ORD-003772,WCUST-00314,2024-07-16,REGULAR-BLEND-WHOLESALE,3,84.0,252.0
ORD-003773,WCUST-00314,2024-08-04,DECAF-GUATEMALA-WHOLESALE,4,93.0,372.0
ORD-003773,WCUST-00314,2024-08-04,REGULAR-PERU-RETAIL,1,14.0,14.0
ORD-003774,WCUST-00314,2024-08-23,REGULAR-BLEND-WHOLESALE,3,84.0,252.0
ORD-003775,WCUST-00314,2024-09-13,REGULAR-BLEND-WHOLESALE,4,84.0,336.0
ORD-003776,WCUST-00314,2024-10-05,REGULAR-GUATEMALA-WHOLESALE,6,84.0,504.0
ORD-003777,WCUST-00314,2024-10-26,REGULAR-GUATEMALA-WHOLESALE,3,84.0,252.0
ORD-003778,WCUST-00314,2024-11-12,REGULAR-GUATEMALA-WHOLESALE,8,84.0,672.0
ORD-003779,WCUST-00314,2024-11-30,REGULAR-GUATEMALA-WHOLESALE,4,84.0,336.0
ORD-003780,WCUST-00314,2024-12-16,DECAF-PERU-WHOLESALE,3,93.0,279.0
ORD-003781,WCUST-00314,2025-01-08,REGULAR-GUATEMALA-WHOLESALE,7,84.0,588.0
ORD-003782,WCUST-00314,2025-01-27,REGULAR-GUATEMALA-WHOLESALE,7,84.0,588.0
ORD-003783,WCUST-00314,2025-02-14,DECAF-BLEND-WHOLESALE,4,93.0,372.0
ORD-003783,WCUST-00314,2025-02-14,REGULAR-COLOMBIA-RETAIL,1,14.0,14.0
ORD-003784,WCUST-00314,2025-03-05,REGULAR-COLOMBIA-WHOLESALE,3,84.0,252.0
ORD-003785,WCUST-00314,2025-03-23,REGULAR-COLOMBIA-WHOLESALE,4,84.0,336.0
ORD-003786,WCUST-00314,2025-04-08,DECAF-BLEND-WHOLESALE,7,93.0,651.0
ORD-003787,WCUST-00314,2025-04-25,REGULAR-GUATEMALA-WHOLESALE,5,84.0,420.0
ORD-003788,WCUST-00314,2025-05-16,REGULAR-GUATEMALA-WHOLESALE,6,84.0,504.0
ORD-003789,WCUST-00314,2025-06-08,REGULAR-GUATEMALA-WHOLESALE,8,84.0,672.0
ORD-003790,WCUST-00314,2025-07-04,REGULAR-COLOMBIA-WHOLESALE,7,84.0,588.0
ORD-003791,WCUST-00314,2025-07-27,REGULAR-COLOMBIA-WHOLESALE,8,84.0,672.0
ORD-003792,WCUST-00314,2025-08-13,REGULAR-PERU-WHOLESALE,6,84.0,504.0
ORD-003793,WCUST-00314,2025-08-31,REGULAR-PERU-WHOLESALE,6,84.0,504.0
ORD-003794,WCUST-00314,2025-09-15,REGULAR-PERU-WHOLESALE,6,84.0,504.0
ORD-003795,WCUST-00314,2025-10-10,REGULAR-GUATEMALA-WHOLESALE,4,84.0,336.0
ORD-003796,WCUST-00314,2025-10-29,REGULAR-PERU-WHOLESALE,6,84.0,504.0
ORD-003797,WCUST-00314,2025-11-16,REGULAR-BLEND-WHOLESALE,3,84.0,252.0
ORD-003798,WCUST-00314,2025-12-03,REGULAR-GUATEMALA-WHOLESALE,5,84.0,420.0
ORD-003799,WCUST-00314,2025-12-30,REGULAR-GUATEMALA-WHOLESALE,4,84.0,336.0
ORD-003800,WCUST-00314,2026-01-17,REGULAR-PERU-WHOLESALE,5,84.0,420.0
ORD-003801,WCUST-00314,2026-02-01,REGULAR-BLEND-WHOLESALE,6,84.0,504.0
ORD-003802,WCUST-00314,2026-02-28,REGULAR-PERU-WHOLESALE,3,84.0,252.0
ORD-003802,WCUST-00314,2026-02-28,REGULAR-PERU-RETAIL,3,14.0,42.0
ORD-003803,WCUST-00314,2026-03-22,REGULAR-COLOMBIA-WHOLESALE,8,84.0,672.0
ORD-003804,WCUST-00314,2026-04-12,REGULAR-GUATEMALA-WHOLESALE,8,84.0,672.0
ORD-003805,WCUST-00314,2026-05-04,REGULAR-BLEND-WHOLESALE,5,84.0,420.0
ORD-003806,WCUST-00314,2026-05-30,REGULAR-BLEND-WHOLESALE,6,84.0,504.0
ORD-003807,WCUST-00314,2026-06-17,REGULAR-BLEND-WHOLESALE,5,84.0,420.0
ORD-003808,WCUST-00314,2026-07-06,DECAF-COLOMBIA-WHOLESALE,6,93.0,558.0
ORD-003809,WCUST-00314,2026-07-31,REGULAR-BLEND-WHOLESALE,8,84.0,672.0
ORD-003810,WCUST-00314,2026-08-18,REGULAR-COLOMBIA-WHOLESALE,6,84.0,504.0
ORD-003811,WCUST-00314,2026-09-07,REGULAR-BLEND-WHOLESALE,5,84.0,420.0
ORD-003811,WCUST-00314,2026-09-07,REGULAR-COLOMBIA-RETAIL,1,14.0,14.0
ORD-003812,WCUST-00315,2025-07-28,REGULAR-COLOMBIA-WHOLESALE,8,84.0,672.0
ORD-003813,WCUST-00315,2025-08-30,REGULAR-GUATEMALA-WHOLESALE,6,84.0,504.0
ORD-003814,WCUST-00315,2025-09-30,REGULAR-PERU-WHOLESALE,8,84.0,672.0
ORD-003815,WCUST-00315,2025-11-08,REGULAR-GUATEMALA-WHOLESALE,4,84.0,336.0
ORD-003815,WCUST-00315,2025-11-08,REGULAR-BLEND-RETAIL,1,14.0,14.0
ORD-003816,WCUST-00315,2025-12-11,REGULAR-BLEND-WHOLESALE,8,84.0,672.0
ORD-003817,WCUST-00315,2026-01-05,REGULAR-PERU-WHOLESALE,9,84.0,756.0
ORD-003817,WCUST-00315,2026-01-05,REGULAR-BLEND-RETAIL,2,14.0,28.0
ORD-003818,WCUST-00315,2026-02-01,REGULAR-PERU-WHOLESALE,7,84.0,588.0
ORD-003819,WCUST-00315,2026-03-16,REGULAR-GUATEMALA-WHOLESALE,8,84.0,672.0
ORD-003819,WCUST-00315,2026-03-16,DECAF-COLOMBIA-RETAIL,1,15.5,15.5
ORD-003820,WCUST-00316,2024-10-22,REGULAR-GUATEMALA-WHOLESALE,1,84.0,84.0
ORD-003820,WCUST-00316,2024-10-22,REGULAR-GUATEMALA-RETAIL,1,14.0,14.0
ORD-003821,WCUST-00316,2024-12-18,REGULAR-GUATEMALA-WHOLESALE,2,84.0,168.0
ORD-003822,WCUST-00316,2025-02-04,REGULAR-COLOMBIA-WHOLESALE,3,84.0,252.0
ORD-003823,WCUST-00316,2025-03-22,REGULAR-COLOMBIA-WHOLESALE,1,84.0,84.0
ORD-003824,WCUST-00316,2025-05-18,DECAF-BLEND-WHOLESALE,2,93.0,186.0
ORD-003825,WCUST-00316,2025-07-05,REGULAR-COLOMBIA-WHOLESALE,1,84.0,84.0
ORD-003826,WCUST-00316,2025-09-02,DECAF-GUATEMALA-WHOLESALE,2,93.0,186.0
ORD-003827,WCUST-00316,2025-10-15,DECAF-GUATEMALA-WHOLESALE,3,93.0,279.0
ORD-003828,WCUST-00316,2025-11-24,REGULAR-BLEND-WHOLESALE,3,84.0,252.0
ORD-003829,WCUST-00316,2026-01-30,REGULAR-BLEND-WHOLESALE,1,84.0,84.0
ORD-003830,WCUST-00316,2026-03-27,REGULAR-COLOMBIA-WHOLESALE,2,84.0,168.0
ORD-003831,WCUST-00316,2026-05-20,DECAF-PERU-WHOLESALE,3,93.0,279.0
ORD-003832,WCUST-00316,2026-07-04,REGULAR-COLOMBIA-WHOLESALE,2,84.0,168.0
ORD-003833,WCUST-00316,2026-09-03,REGULAR-COLOMBIA-WHOLESALE,2,84.0,168.0
ORD-003833,WCUST-00316,2026-09-03,REGULAR-COLOMBIA-RETAIL,1,14.0,14.0
ORD-003834,WCUST-00317,2025-12-22,REGULAR-BLEND-WHOLESALE,3,84.0,252.0
ORD-003835,WCUST-00317,2026-01-17,DECAF-PERU-WHOLESALE,6,93.0,558.0
ORD-003836,WCUST-00317,2026-02-11,REGULAR-BLEND-WHOLESALE,7,84.0,588.0
ORD-003837,WCUST-00317,2026-03-04,REGULAR-COLOMBIA-WHOLESALE,8,84.0,672.0
ORD-003838,WCUST-00317,2026-03-25,REGULAR-GUATEMALA-WHOLESALE,4,84.0,336.0
ORD-003838,WCUST-00317,2026-03-25,REGULAR-COLOMBIA-RETAIL,1,14.0,14.0
ORD-003839,WCUST-00317,2026-04-19,REGULAR-GUATEMALA-WHOLESALE,5,84.0,420.0
ORD-003840,WCUST-00317,2026-05-15,DECAF-PERU-WHOLESALE,3,93.0,279.0
ORD-003841,WCUST-00317,2026-06-09,REGULAR-BLEND-WHOLESALE,4,84.0,336.0
ORD-003842,WCUST-00317,2026-06-25,DECAF-COLOMBIA-WHOLESALE,4,93.0,372.0
ORD-003843,WCUST-00317,2026-07-19,REGULAR-COLOMBIA-WHOLESALE,4,84.0,336.0
ORD-003844,WCUST-00317,2026-08-08,REGULAR-COLOMBIA-WHOLESALE,8,84.0,672.0
ORD-003845,WCUST-00317,2026-09-03,REGULAR-COLOMBIA-WHOLESALE,8,84.0,672.0
ORD-003846,WCUST-00318,2025-03-02,REGULAR-GUATEMALA-WHOLESALE,7,84.0,588.0
ORD-003847,WCUST-00318,2025-04-05,REGULAR-GUATEMALA-WHOLESALE,7,84.0,588.0
ORD-003848,WCUST-00318,2025-05-13,REGULAR-GUATEMALA-WHOLESALE,6,84.0,504.0
ORD-003849,WCUST-00318,2025-06-08,REGULAR-GUATEMALA-WHOLESALE,6,84.0,504.0
ORD-003849,WCUST-00318,2025-06-08,REGULAR-GUATEMALA-RETAIL,2,14.0,28.0
ORD-003850,WCUST-00318,2025-07-11,REGULAR-COLOMBIA-WHOLESALE,10,84.0,840.0
ORD-003851,WCUST-00318,2025-08-23,REGULAR-PERU-WHOLESALE,5,84.0,420.0
ORD-003852,WCUST-00318,2025-10-05,REGULAR-GUATEMALA-WHOLESALE,6,84.0,504.0
ORD-003852,WCUST-00318,2025-10-05,REGULAR-PERU-RETAIL,2,14.0,28.0
ORD-003853,WCUST-00318,2025-11-16,REGULAR-GUATEMALA-WHOLESALE,9,84.0,756.0
ORD-003854,WCUST-00318,2025-12-22,REGULAR-BLEND-WHOLESALE,9,84.0,756.0
ORD-003855,WCUST-00318,2026-01-27,REGULAR-PERU-WHOLESALE,4,84.0,336.0
ORD-003856,WCUST-00318,2026-03-02,REGULAR-COLOMBIA-WHOLESALE,4,84.0,336.0
ORD-003857,WCUST-00318,2026-04-08,REGULAR-GUATEMALA-WHOLESALE,6,84.0,504.0
ORD-003858,WCUST-00318,2026-05-13,REGULAR-BLEND-WHOLESALE,10,84.0,840.0
ORD-003859,WCUST-00318,2026-06-19,DECAF-COLOMBIA-WHOLESALE,7,93.0,651.0
ORD-003860,WCUST-00318,2026-07-21,REGULAR-COLOMBIA-WHOLESALE,5,84.0,420.0
ORD-003861,WCUST-00318,2026-08-30,REGULAR-BLEND-WHOLESALE,5,84.0,420.0
ORD-003862,WCUST-00319,2026-01-20,DECAF-PERU-WHOLESALE,7,93.0,651.0
ORD-003863,WCUST-00319,2026-02-09,REGULAR-PERU-WHOLESALE,4,84.0,336.0
ORD-003863,WCUST-00319,2026-02-09,REGULAR-PERU-RETAIL,2,14.0,28.0
ORD-003864,WCUST-00319,2026-03-04,DECAF-COLOMBIA-WHOLESALE,4,93.0,372.0
ORD-003865,WCUST-00319,2026-03-25,REGULAR-COLOMBIA-WHOLESALE,8,84.0,672.0
ORD-003866,WCUST-00320,2026-08-03,REGULAR-COLOMBIA-WHOLESALE,3,84.0,252.0
ORD-003867,WCUST-00320,2026-08-23,REGULAR-COLOMBIA-WHOLESALE,5,84.0,420.0
ORD-003867,WCUST-00320,2026-08-23,REGULAR-COLOMBIA-RETAIL,2,14.0,28.0
ORD-003868,WCUST-00320,2026-09-09,REGULAR-COLOMBIA-WHOLESALE,6,84.0,504.0
ORD-003869,WCUST-00321,2024-09-09,REGULAR-PERU-WHOLESALE,3,84.0,252.0
ORD-003870,WCUST-00321,2024-10-13,REGULAR-GUATEMALA-WHOLESALE,5,84.0,420.0
ORD-003870,WCUST-00321,2024-10-13,REGULAR-GUATEMALA-RETAIL,3,14.0,42.0
ORD-003871,WCUST-00321,2024-11-15,REGULAR-GUATEMALA-WHOLESALE,4,84.0,336.0
ORD-003872,WCUST-00321,2024-12-16,REGULAR-GUATEMALA-WHOLESALE,4,84.0,336.0
ORD-003873,WCUST-00321,2025-01-16,REGULAR-GUATEMALA-WHOLESALE,2,84.0,168.0
ORD-003874,WCUST-00321,2025-02-16,REGULAR-GUATEMALA-WHOLESALE,3,84.0,252.0
ORD-003874,WCUST-00321,2025-02-16,REGULAR-COLOMBIA-RETAIL,2,14.0,28.0
ORD-003875,WCUST-00321,2025-03-08,REGULAR-GUATEMALA-WHOLESALE,4,84.0,336.0
ORD-003876,WCUST-00321,2025-04-07,REGULAR-GUATEMALA-WHOLESALE,4,84.0,336.0
ORD-003877,WCUST-00321,2025-05-09,DECAF-BLEND-WHOLESALE,3,93.0,279.0
ORD-003877,WCUST-00321,2025-05-09,REGULAR-GUATEMALA-RETAIL,3,14.0,42.0
ORD-003878,WCUST-00321,2025-06-11,REGULAR-GUATEMALA-WHOLESALE,3,84.0,252.0
ORD-003878,WCUST-00321,2025-06-11,REGULAR-GUATEMALA-RETAIL,2,14.0,28.0
ORD-003879,WCUST-00321,2025-07-01,DECAF-BLEND-WHOLESALE,5,93.0,465.0
ORD-003880,WCUST-00321,2025-08-06,REGULAR-GUATEMALA-WHOLESALE,4,84.0,336.0
ORD-003881,WCUST-00321,2025-09-09,REGULAR-PERU-WHOLESALE,3,84.0,252.0
ORD-003882,WCUST-00321,2025-10-15,REGULAR-GUATEMALA-WHOLESALE,5,84.0,420.0
ORD-003883,WCUST-00321,2025-11-09,DECAF-PERU-WHOLESALE,5,93.0,465.0
ORD-003884,WCUST-00322,2024-11-19,REGULAR-GUATEMALA-WHOLESALE,6,84.0,504.0
ORD-003885,WCUST-00322,2024-12-13,DECAF-PERU-WHOLESALE,6,93.0,558.0
ORD-003885,WCUST-00322,2024-12-13,REGULAR-GUATEMALA-RETAIL,1,14.0,14.0
ORD-003886,WCUST-00322,2025-01-09,REGULAR-GUATEMALA-WHOLESALE,8,84.0,672.0
ORD-003887,WCUST-00322,2025-02-03,REGULAR-COLOMBIA-WHOLESALE,8,84.0,672.0
ORD-003888,WCUST-00322,2025-02-22,REGULAR-COLOMBIA-WHOLESALE,6,84.0,504.0
ORD-003889,WCUST-00322,2025-03-11,REGULAR-GUATEMALA-WHOLESALE,8,84.0,672.0
ORD-003890,WCUST-00322,2025-03-27,REGULAR-GUATEMALA-WHOLESALE,5,84.0,420.0
ORD-003891,WCUST-00322,2025-04-16,REGULAR-GUATEMALA-WHOLESALE,5,84.0,420.0
ORD-003892,WCUST-00322,2025-05-05,REGULAR-GUATEMALA-WHOLESALE,4,84.0,336.0
ORD-003893,WCUST-00322,2025-05-31,REGULAR-GUATEMALA-WHOLESALE,3,84.0,252.0
ORD-003894,WCUST-00322,2025-06-23,REGULAR-GUATEMALA-WHOLESALE,6,84.0,504.0
ORD-003895,WCUST-00322,2025-07-11,REGULAR-COLOMBIA-WHOLESALE,4,84.0,336.0
ORD-003896,WCUST-00322,2025-08-07,REGULAR-PERU-WHOLESALE,7,84.0,588.0
ORD-003897,WCUST-00322,2025-08-24,REGULAR-PERU-WHOLESALE,8,84.0,672.0
ORD-003898,WCUST-00322,2025-09-15,REGULAR-PERU-WHOLESALE,7,84.0,588.0
ORD-003899,WCUST-00322,2025-10-03,REGULAR-PERU-WHOLESALE,5,84.0,420.0
ORD-003900,WCUST-00322,2025-10-19,REGULAR-PERU-WHOLESALE,7,84.0,588.0
ORD-003901,WCUST-00322,2025-11-05,REGULAR-GUATEMALA-WHOLESALE,5,84.0,420.0
ORD-003902,WCUST-00322,2025-11-23,REGULAR-BLEND-WHOLESALE,4,84.0,336.0
ORD-003903,WCUST-00322,2025-12-11,REGULAR-GUATEMALA-WHOLESALE,7,84.0,588.0
ORD-003904,WCUST-00322,2025-12-29,REGULAR-BLEND-WHOLESALE,7,84.0,588.0
ORD-003905,WCUST-00322,2026-01-13,REGULAR-PERU-WHOLESALE,8,84.0,672.0
ORD-003905,WCUST-00322,2026-01-13,REGULAR-BLEND-RETAIL,2,14.0,28.0
ORD-003906,WCUST-00322,2026-02-01,DECAF-COLOMBIA-WHOLESALE,6,93.0,558.0
ORD-003907,WCUST-00322,2026-02-23,REGULAR-PERU-WHOLESALE,8,84.0,672.0
ORD-003908,WCUST-00322,2026-03-18,REGULAR-GUATEMALA-WHOLESALE,3,84.0,252.0
ORD-003909,WCUST-00322,2026-04-13,REGULAR-GUATEMALA-WHOLESALE,7,84.0,588.0
ORD-003910,WCUST-00322,2026-04-30,REGULAR-GUATEMALA-WHOLESALE,6,84.0,504.0
ORD-003911,WCUST-00322,2026-05-19,REGULAR-BLEND-WHOLESALE,6,84.0,504.0
ORD-003912,WCUST-00322,2026-06-13,REGULAR-BLEND-WHOLESALE,3,84.0,252.0
ORD-003913,WCUST-00322,2026-07-07,REGULAR-COLOMBIA-WHOLESALE,6,84.0,504.0
ORD-003914,WCUST-00322,2026-07-25,REGULAR-COLOMBIA-WHOLESALE,5,84.0,420.0
ORD-003915,WCUST-00322,2026-08-20,REGULAR-BLEND-WHOLESALE,7,84.0,588.0
ORD-003916,WCUST-00323,2026-08-29,REGULAR-BLEND-WHOLESALE,4,84.0,336.0
ORD-003917,WCUST-00326,2025-03-29,REGULAR-GUATEMALA-WHOLESALE,6,84.0,504.0
ORD-003918,WCUST-00326,2025-04-20,REGULAR-GUATEMALA-WHOLESALE,8,84.0,672.0
ORD-003919,WCUST-00326,2025-05-08,REGULAR-GUATEMALA-WHOLESALE,6,84.0,504.0
ORD-003920,WCUST-00326,2025-05-23,REGULAR-GUATEMALA-WHOLESALE,5,84.0,420.0
ORD-003921,WCUST-00327,2026-06-18,REGULAR-BLEND-WHOLESALE,3,84.0,252.0
ORD-003922,WCUST-00327,2026-07-04,REGULAR-BLEND-WHOLESALE,7,84.0,588.0
ORD-003923,WCUST-00327,2026-07-20,REGULAR-COLOMBIA-WHOLESALE,5,84.0,420.0
ORD-003924,WCUST-00328,2024-12-16,REGULAR-GUATEMALA-WHOLESALE,2,84.0,168.0
ORD-003925,WCUST-00328,2025-01-08,REGULAR-GUATEMALA-WHOLESALE,2,84.0,168.0
ORD-003925,WCUST-00328,2025-01-08,DECAF-PERU-RETAIL,2,15.5,31.0
ORD-003926,WCUST-00328,2025-02-12,REGULAR-COLOMBIA-WHOLESALE,4,84.0,336.0
ORD-003927,WCUST-00328,2025-03-16,REGULAR-GUATEMALA-WHOLESALE,4,84.0,336.0
ORD-003927,WCUST-00328,2025-03-16,REGULAR-GUATEMALA-RETAIL,3,14.0,42.0
ORD-003928,WCUST-00328,2025-04-16,REGULAR-GUATEMALA-WHOLESALE,5,84.0,420.0
ORD-003929,WCUST-00328,2025-05-14,REGULAR-GUATEMALA-WHOLESALE,4,84.0,336.0
ORD-003930,WCUST-00328,2025-06-12,REGULAR-GUATEMALA-WHOLESALE,4,84.0,336.0
ORD-003931,WCUST-00328,2025-07-18,REGULAR-COLOMBIA-WHOLESALE,5,84.0,420.0
ORD-003931,WCUST-00328,2025-07-18,REGULAR-COLOMBIA-RETAIL,1,14.0,14.0
ORD-003932,WCUST-00328,2025-08-09,REGULAR-GUATEMALA-WHOLESALE,2,84.0,168.0
ORD-003932,WCUST-00328,2025-08-09,REGULAR-PERU-RETAIL,3,14.0,42.0
ORD-003933,WCUST-00328,2025-09-04,REGULAR-GUATEMALA-WHOLESALE,4,84.0,336.0
ORD-003933,WCUST-00328,2025-09-04,REGULAR-PERU-RETAIL,2,14.0,28.0
ORD-003934,WCUST-00328,2025-09-25,REGULAR-PERU-WHOLESALE,4,84.0,336.0
ORD-003935,WCUST-00328,2025-10-18,REGULAR-PERU-WHOLESALE,3,84.0,252.0
ORD-003935,WCUST-00328,2025-10-18,REGULAR-GUATEMALA-RETAIL,2,14.0,28.0
ORD-003936,WCUST-00328,2025-11-11,DECAF-PERU-WHOLESALE,4,93.0,372.0
ORD-003936,WCUST-00328,2025-11-11,DECAF-PERU-RETAIL,2,15.5,31.0
ORD-003937,WCUST-00328,2025-12-10,REGULAR-GUATEMALA-WHOLESALE,5,84.0,420.0
ORD-003938,WCUST-00328,2026-01-12,REGULAR-BLEND-WHOLESALE,2,84.0,168.0
ORD-003939,WCUST-00328,2026-02-16,REGULAR-PERU-WHOLESALE,2,84.0,168.0
ORD-003940,WCUST-00328,2026-03-22,REGULAR-GUATEMALA-WHOLESALE,5,84.0,420.0
ORD-003941,WCUST-00330,2025-04-02,REGULAR-GUATEMALA-WHOLESALE,6,84.0,504.0
ORD-003942,WCUST-00330,2025-04-25,REGULAR-GUATEMALA-WHOLESALE,4,84.0,336.0
ORD-003942,WCUST-00330,2025-04-25,REGULAR-GUATEMALA-RETAIL,1,14.0,14.0
ORD-003943,WCUST-00330,2025-05-21,REGULAR-GUATEMALA-WHOLESALE,5,84.0,420.0
ORD-003944,WCUST-00330,2025-06-14,REGULAR-GUATEMALA-WHOLESALE,6,84.0,504.0
ORD-003945,WCUST-00330,2025-06-29,REGULAR-GUATEMALA-WHOLESALE,5,84.0,420.0
ORD-003946,WCUST-00330,2025-07-18,REGULAR-COLOMBIA-WHOLESALE,7,84.0,588.0
ORD-003947,WCUST-00330,2025-08-05,REGULAR-PERU-WHOLESALE,7,84.0,588.0
ORD-003948,WCUST-00330,2025-08-20,REGULAR-GUATEMALA-WHOLESALE,8,84.0,672.0
ORD-003948,WCUST-00330,2025-08-20,REGULAR-PERU-RETAIL,1,14.0,14.0
ORD-003949,WCUST-00330,2025-09-09,REGULAR-PERU-WHOLESALE,6,84.0,504.0
ORD-003950,WCUST-00330,2025-10-04,REGULAR-GUATEMALA-WHOLESALE,3,84.0,252.0
ORD-003951,WCUST-00330,2025-10-31,REGULAR-PERU-WHOLESALE,3,84.0,252.0
ORD-003952,WCUST-00330,2025-11-22,REGULAR-GUATEMALA-WHOLESALE,6,84.0,504.0
ORD-003953,WCUST-00330,2025-12-18,REGULAR-GUATEMALA-WHOLESALE,4,84.0,336.0
ORD-003953,WCUST-00330,2025-12-18,REGULAR-GUATEMALA-RETAIL,1,14.0,14.0
ORD-003954,WCUST-00330,2026-01-09,REGULAR-BLEND-WHOLESALE,4,84.0,336.0
ORD-003955,WCUST-00330,2026-01-31,REGULAR-BLEND-WHOLESALE,7,84.0,588.0
ORD-003956,WCUST-00330,2026-02-16,REGULAR-BLEND-WHOLESALE,6,84.0,504.0
ORD-003957,WCUST-00330,2026-03-13,DECAF-COLOMBIA-WHOLESALE,8,93.0,744.0
ORD-003958,WCUST-00330,2026-04-09,REGULAR-GUATEMALA-WHOLESALE,7,84.0,588.0
ORD-003959,WCUST-00330,2026-04-24,REGULAR-GUATEMALA-WHOLESALE,5,84.0,420.0
ORD-003959,WCUST-00330,2026-04-24,REGULAR-GUATEMALA-RETAIL,2,14.0,28.0
ORD-003960,WCUST-00330,2026-05-11,REGULAR-BLEND-WHOLESALE,5,84.0,420.0
ORD-003961,WCUST-00330,2026-05-26,DECAF-PERU-WHOLESALE,8,93.0,744.0
ORD-003962,WCUST-00330,2026-06-15,REGULAR-BLEND-WHOLESALE,3,84.0,252.0
ORD-003963,WCUST-00330,2026-07-03,REGULAR-BLEND-WHOLESALE,3,84.0,252.0
ORD-003964,WCUST-00330,2026-07-28,REGULAR-COLOMBIA-WHOLESALE,8,84.0,672.0
ORD-003964,WCUST-00330,2026-07-28,REGULAR-COLOMBIA-RETAIL,1,14.0,14.0
ORD-003965,WCUST-00330,2026-08-20,REGULAR-BLEND-WHOLESALE,5,84.0,420.0
ORD-003966,WCUST-00331,2024-04-01,REGULAR-GUATEMALA-WHOLESALE,1,84.0,84.0
ORD-003967,WCUST-00331,2024-05-29,REGULAR-BLEND-WHOLESALE,3,84.0,252.0
ORD-003968,WCUST-00331,2024-08-05,REGULAR-BLEND-WHOLESALE,3,84.0,252.0
ORD-003969,WCUST-00331,2024-10-09,DECAF-GUATEMALA-WHOLESALE,2,93.0,186.0
ORD-003970,WCUST-00331,2024-12-05,REGULAR-GUATEMALA-WHOLESALE,1,84.0,84.0
ORD-003970,WCUST-00331,2024-12-05,REGULAR-GUATEMALA-RETAIL,2,14.0,28.0
ORD-003971,WCUST-00331,2025-02-11,REGULAR-COLOMBIA-WHOLESALE,2,84.0,168.0
ORD-003972,WCUST-00331,2025-03-28,REGULAR-GUATEMALA-WHOLESALE,3,84.0,252.0
ORD-003973,WCUST-00331,2025-05-26,REGULAR-GUATEMALA-WHOLESALE,3,84.0,252.0
ORD-003974,WCUST-00332,2025-04-28,REGULAR-GUATEMALA-WHOLESALE,9,84.0,756.0
ORD-003974,WCUST-00332,2025-04-28,REGULAR-GUATEMALA-RETAIL,3,14.0,42.0
ORD-003975,WCUST-00332,2025-05-27,REGULAR-GUATEMALA-WHOLESALE,10,84.0,840.0
ORD-003975,WCUST-00332,2025-05-27,DECAF-BLEND-RETAIL,1,15.5,15.5
ORD-003976,WCUST-00332,2025-07-03,REGULAR-COLOMBIA-WHOLESALE,5,84.0,420.0
ORD-003977,WCUST-00332,2025-08-15,REGULAR-PERU-WHOLESALE,8,84.0,672.0
ORD-003978,WCUST-00332,2025-09-12,REGULAR-PERU-WHOLESALE,4,84.0,336.0
ORD-003979,WCUST-00332,2025-10-23,REGULAR-GUATEMALA-WHOLESALE,10,84.0,840.0
ORD-003980,WCUST-00332,2025-12-06,DECAF-PERU-WHOLESALE,4,93.0,372.0
ORD-003981,WCUST-00332,2026-01-07,REGULAR-PERU-WHOLESALE,9,84.0,756.0
ORD-003982,WCUST-00332,2026-02-18,REGULAR-PERU-WHOLESALE,5,84.0,420.0
ORD-003983,WCUST-00332,2026-03-29,REGULAR-GUATEMALA-WHOLESALE,6,84.0,504.0
ORD-003984,WCUST-00332,2026-05-12,REGULAR-BLEND-WHOLESALE,5,84.0,420.0
ORD-003985,WCUST-00332,2026-06-11,REGULAR-BLEND-WHOLESALE,9,84.0,756.0
ORD-003986,WCUST-00332,2026-07-12,REGULAR-COLOMBIA-WHOLESALE,4,84.0,336.0
ORD-003987,WCUST-00332,2026-08-26,REGULAR-COLOMBIA-WHOLESALE,4,84.0,336.0
ORD-003988,WCUST-00333,2025-10-05,REGULAR-PERU-WHOLESALE,4,84.0,336.0
ORD-003989,WCUST-00333,2025-11-03,DECAF-PERU-WHOLESALE,7,93.0,651.0
ORD-003990,WCUST-00333,2025-12-09,REGULAR-GUATEMALA-WHOLESALE,8,84.0,672.0
ORD-003990,WCUST-00333,2025-12-09,DECAF-PERU-RETAIL,2,15.5,31.0
ORD-003991,WCUST-00333,2026-01-12,REGULAR-BLEND-WHOLESALE,4,84.0,336.0
ORD-003992,WCUST-00333,2026-02-16,REGULAR-PERU-WHOLESALE,7,84.0,588.0
ORD-003992,WCUST-00333,2026-02-16,REGULAR-BLEND-RETAIL,3,14.0,42.0
ORD-003993,WCUST-00333,2026-03-13,REGULAR-GUATEMALA-WHOLESALE,10,84.0,840.0
ORD-003994,WCUST-00333,2026-04-15,REGULAR-GUATEMALA-WHOLESALE,10,84.0,840.0
ORD-003995,WCUST-00333,2026-05-10,DECAF-PERU-WHOLESALE,4,93.0,372.0
ORD-003995,WCUST-00333,2026-05-10,DECAF-PERU-RETAIL,2,15.5,31.0
ORD-003996,WCUST-00333,2026-06-06,REGULAR-BLEND-WHOLESALE,8,84.0,672.0
ORD-003997,WCUST-00333,2026-07-19,REGULAR-COLOMBIA-WHOLESALE,6,84.0,504.0
ORD-003998,WCUST-00333,2026-08-21,REGULAR-BLEND-WHOLESALE,8,84.0,672.0
ORD-003998,WCUST-00333,2026-08-21,REGULAR-BLEND-RETAIL,1,14.0,14.0
ORD-003999,WCUST-00334,2024-08-03,REGULAR-BLEND-WHOLESALE,4,84.0,336.0
ORD-004000,WCUST-00334,2024-08-24,REGULAR-BLEND-WHOLESALE,2,84.0,168.0
ORD-004001,WCUST-00334,2024-09-26,DECAF-GUATEMALA-WHOLESALE,4,93.0,372.0
ORD-004002,WCUST-00334,2024-10-22,REGULAR-GUATEMALA-WHOLESALE,3,84.0,252.0
ORD-004003,WCUST-00334,2024-11-15,REGULAR-GUATEMALA-WHOLESALE,5,84.0,420.0
ORD-004004,WCUST-00334,2024-12-16,REGULAR-GUATEMALA-WHOLESALE,5,84.0,420.0
ORD-004005,WCUST-00334,2025-01-09,REGULAR-GUATEMALA-WHOLESALE,2,84.0,168.0
ORD-004006,WCUST-00334,2025-02-06,DECAF-BLEND-WHOLESALE,4,93.0,372.0
ORD-004007,WCUST-00334,2025-03-13,REGULAR-COLOMBIA-WHOLESALE,2,84.0,168.0
ORD-004008,WCUST-00334,2025-04-08,REGULAR-GUATEMALA-WHOLESALE,2,84.0,168.0
ORD-004009,WCUST-00334,2025-05-12,REGULAR-GUATEMALA-WHOLESALE,4,84.0,336.0
ORD-004010,WCUST-00334,2025-06-10,REGULAR-GUATEMALA-WHOLESALE,3,84.0,252.0
ORD-004011,WCUST-00334,2025-07-14,REGULAR-COLOMBIA-WHOLESALE,4,84.0,336.0
ORD-004012,WCUST-00334,2025-08-04,REGULAR-PERU-WHOLESALE,5,84.0,420.0
ORD-004013,WCUST-00334,2025-09-03,REGULAR-GUATEMALA-WHOLESALE,3,84.0,252.0
ORD-004014,WCUST-00334,2025-10-04,REGULAR-GUATEMALA-WHOLESALE,2,84.0,168.0
ORD-004014,WCUST-00334,2025-10-04,REGULAR-GUATEMALA-RETAIL,1,14.0,14.0
ORD-004015,WCUST-00334,2025-11-04,DECAF-PERU-WHOLESALE,5,93.0,465.0
ORD-004016,WCUST-00334,2025-11-29,REGULAR-BLEND-WHOLESALE,3,84.0,252.0
ORD-004017,WCUST-00334,2025-12-21,REGULAR-BLEND-WHOLESALE,2,84.0,168.0
ORD-004018,WCUST-00334,2026-01-14,DECAF-PERU-WHOLESALE,5,93.0,465.0
ORD-004019,WCUST-00334,2026-02-13,DECAF-COLOMBIA-WHOLESALE,5,93.0,465.0
ORD-004019,WCUST-00334,2026-02-13,REGULAR-PERU-RETAIL,2,14.0,28.0
ORD-004020,WCUST-00334,2026-03-18,REGULAR-COLOMBIA-WHOLESALE,3,84.0,252.0
ORD-004021,WCUST-00334,2026-04-18,DECAF-COLOMBIA-WHOLESALE,3,93.0,279.0
ORD-004022,WCUST-00334,2026-05-19,REGULAR-BLEND-WHOLESALE,4,84.0,336.0
ORD-004023,WCUST-00334,2026-06-21,REGULAR-BLEND-WHOLESALE,4,84.0,336.0
ORD-004024,WCUST-00334,2026-07-12,REGULAR-COLOMBIA-WHOLESALE,2,84.0,168.0
ORD-004025,WCUST-00334,2026-08-05,REGULAR-BLEND-WHOLESALE,4,84.0,336.0
ORD-004026,WCUST-00334,2026-09-08,DECAF-BLEND-WHOLESALE,5,93.0,465.0
ORD-004027,WCUST-00335,2026-07-06,REGULAR-BLEND-WHOLESALE,8,84.0,672.0
ORD-004028,WCUST-00335,2026-08-13,REGULAR-BLEND-WHOLESALE,4,84.0,336.0
ORD-004029,WCUST-00336,2025-09-29,REGULAR-GUATEMALA-WHOLESALE,3,84.0,252.0
ORD-004029,WCUST-00336,2025-09-29,REGULAR-GUATEMALA-RETAIL,3,14.0,42.0
ORD-004030,WCUST-00336,2025-10-29,REGULAR-GUATEMALA-WHOLESALE,3,84.0,252.0
ORD-004031,WCUST-00336,2025-11-29,REGULAR-BLEND-WHOLESALE,2,84.0,168.0
ORD-004032,WCUST-00336,2026-01-04,REGULAR-PERU-WHOLESALE,5,84.0,420.0
ORD-004033,WCUST-00336,2026-01-25,REGULAR-PERU-WHOLESALE,4,84.0,336.0
ORD-004034,WCUST-00336,2026-02-22,REGULAR-BLEND-WHOLESALE,5,84.0,420.0
ORD-004035,WCUST-00336,2026-03-23,REGULAR-GUATEMALA-WHOLESALE,4,84.0,336.0
ORD-004035,WCUST-00336,2026-03-23,DECAF-COLOMBIA-RETAIL,3,15.5,46.5
ORD-004036,WCUST-00336,2026-04-15,REGULAR-GUATEMALA-WHOLESALE,3,84.0,252.0
ORD-004037,WCUST-00336,2026-05-17,DECAF-PERU-WHOLESALE,4,93.0,372.0
ORD-004038,WCUST-00336,2026-06-08,REGULAR-BLEND-WHOLESALE,5,84.0,420.0
ORD-004039,WCUST-00336,2026-06-29,REGULAR-BLEND-WHOLESALE,3,84.0,252.0
ORD-004039,WCUST-00336,2026-06-29,REGULAR-BLEND-RETAIL,3,14.0,42.0
ORD-004040,WCUST-00336,2026-07-21,REGULAR-BLEND-WHOLESALE,3,84.0,252.0
ORD-004041,WCUST-00336,2026-08-16,REGULAR-BLEND-WHOLESALE,4,84.0,336.0
ORD-004042,WCUST-00337,2024-10-29,REGULAR-GUATEMALA-WHOLESALE,8,84.0,672.0
ORD-004043,WCUST-00337,2024-11-22,REGULAR-GUATEMALA-WHOLESALE,4,84.0,336.0
ORD-004043,WCUST-00337,2024-11-22,REGULAR-GUATEMALA-RETAIL,1,14.0,14.0
ORD-004044,WCUST-00337,2024-12-13,REGULAR-GUATEMALA-WHOLESALE,4,84.0,336.0
ORD-004044,WCUST-00337,2024-12-13,REGULAR-GUATEMALA-RETAIL,1,14.0,14.0
ORD-004045,WCUST-00337,2025-01-08,DECAF-PERU-WHOLESALE,5,93.0,465.0
ORD-004046,WCUST-00337,2025-01-29,REGULAR-GUATEMALA-WHOLESALE,8,84.0,672.0
ORD-004047,WCUST-00337,2025-02-17,REGULAR-COLOMBIA-WHOLESALE,4,84.0,336.0
ORD-004048,WCUST-00337,2025-03-12,REGULAR-COLOMBIA-WHOLESALE,8,84.0,672.0
ORD-004049,WCUST-00337,2025-03-31,REGULAR-COLOMBIA-WHOLESALE,5,84.0,420.0
ORD-004050,WCUST-00337,2025-04-26,REGULAR-GUATEMALA-WHOLESALE,4,84.0,336.0
ORD-004051,WCUST-00337,2025-05-15,DECAF-BLEND-WHOLESALE,7,93.0,651.0
ORD-004052,WCUST-00337,2025-06-05,REGULAR-GUATEMALA-WHOLESALE,8,84.0,672.0
ORD-004053,WCUST-00337,2025-06-23,REGULAR-GUATEMALA-WHOLESALE,3,84.0,252.0
ORD-004053,WCUST-00337,2025-06-23,DECAF-BLEND-RETAIL,1,15.5,15.5
ORD-004054,WCUST-00337,2025-07-13,REGULAR-COLOMBIA-WHOLESALE,6,84.0,504.0
ORD-004055,WCUST-00337,2025-08-04,REGULAR-PERU-WHOLESALE,3,84.0,252.0
ORD-004056,WCUST-00337,2025-08-29,DECAF-GUATEMALA-WHOLESALE,8,93.0,744.0
ORD-004057,WCUST-00337,2025-09-22,DECAF-GUATEMALA-WHOLESALE,5,93.0,465.0
ORD-004058,WCUST-00337,2025-10-19,DECAF-GUATEMALA-WHOLESALE,3,93.0,279.0
ORD-004059,WCUST-00337,2025-11-11,REGULAR-BLEND-WHOLESALE,7,84.0,588.0
ORD-004060,WCUST-00337,2025-11-30,REGULAR-GUATEMALA-WHOLESALE,3,84.0,252.0
ORD-004061,WCUST-00337,2025-12-17,REGULAR-GUATEMALA-WHOLESALE,7,84.0,588.0
ORD-004062,WCUST-00337,2026-01-07,REGULAR-BLEND-WHOLESALE,3,84.0,252.0
ORD-004063,WCUST-00337,2026-02-01,REGULAR-PERU-WHOLESALE,6,84.0,504.0
ORD-004064,WCUST-00337,2026-02-16,REGULAR-BLEND-WHOLESALE,8,84.0,672.0
ORD-004065,WCUST-00337,2026-03-04,REGULAR-COLOMBIA-WHOLESALE,8,84.0,672.0
ORD-004066,WCUST-00337,2026-03-29,REGULAR-GUATEMALA-WHOLESALE,5,84.0,420.0
ORD-004067,WCUST-00337,2026-04-17,DECAF-COLOMBIA-WHOLESALE,5,93.0,465.0
ORD-004068,WCUST-00337,2026-05-08,REGULAR-BLEND-WHOLESALE,3,84.0,252.0
ORD-004069,WCUST-00338,2024-11-04,REGULAR-GUATEMALA-WHOLESALE,7,84.0,588.0
ORD-004070,WCUST-00338,2024-11-20,REGULAR-GUATEMALA-WHOLESALE,6,84.0,504.0
ORD-004071,WCUST-00338,2024-12-08,REGULAR-GUATEMALA-WHOLESALE,6,84.0,504.0
ORD-004072,WCUST-00338,2025-01-02,DECAF-PERU-WHOLESALE,6,93.0,558.0
ORD-004073,WCUST-00338,2025-01-18,REGULAR-GUATEMALA-WHOLESALE,5,84.0,420.0
ORD-004074,WCUST-00338,2025-02-14,REGULAR-GUATEMALA-WHOLESALE,7,84.0,588.0
ORD-004075,WCUST-00338,2025-03-06,REGULAR-COLOMBIA-WHOLESALE,6,84.0,504.0
ORD-004076,WCUST-00339,2026-01-08,REGULAR-PERU-WHOLESALE,8,84.0,672.0
ORD-004077,WCUST-00339,2026-02-13,REGULAR-PERU-WHOLESALE,5,84.0,420.0
ORD-004077,WCUST-00339,2026-02-13,REGULAR-PERU-RETAIL,2,14.0,28.0
ORD-004078,WCUST-00339,2026-03-24,DECAF-COLOMBIA-WHOLESALE,9,93.0,837.0
ORD-004079,WCUST-00339,2026-04-21,REGULAR-GUATEMALA-WHOLESALE,6,84.0,504.0
ORD-004080,WCUST-00339,2026-05-16,REGULAR-BLEND-WHOLESALE,10,84.0,840.0
ORD-004081,WCUST-00339,2026-06-22,REGULAR-BLEND-WHOLESALE,7,84.0,588.0
ORD-004082,WCUST-00339,2026-07-28,REGULAR-COLOMBIA-WHOLESALE,4,84.0,336.0
ORD-004083,WCUST-00339,2026-08-24,REGULAR-COLOMBIA-WHOLESALE,8,84.0,672.0
ORD-004084,WCUST-00341,2025-08-28,REGULAR-PERU-WHOLESALE,7,84.0,588.0
ORD-004085,WCUST-00341,2025-10-03,REGULAR-PERU-WHOLESALE,4,84.0,336.0
ORD-004086,WCUST-00341,2025-11-08,REGULAR-BLEND-WHOLESALE,5,84.0,420.0
ORD-004087,WCUST-00342,2026-06-29,REGULAR-BLEND-WHOLESALE,2,84.0,168.0
ORD-004088,WCUST-00342,2026-07-22,REGULAR-COLOMBIA-WHOLESALE,3,84.0,252.0
ORD-004089,WCUST-00342,2026-08-22,REGULAR-COLOMBIA-WHOLESALE,2,84.0,168.0
ORD-004090,WCUST-00343,2025-01-28,REGULAR-GUATEMALA-WHOLESALE,5,84.0,420.0
ORD-004091,WCUST-00343,2025-02-25,REGULAR-GUATEMALA-WHOLESALE,4,84.0,336.0
ORD-004092,WCUST-00343,2025-03-17,REGULAR-COLOMBIA-WHOLESALE,2,84.0,168.0
ORD-004092,WCUST-00343,2025-03-17,DECAF-BLEND-RETAIL,3,15.5,46.5
ORD-004093,WCUST-00343,2025-04-08,REGULAR-GUATEMALA-WHOLESALE,4,84.0,336.0
ORD-004094,WCUST-00343,2025-05-10,REGULAR-GUATEMALA-WHOLESALE,3,84.0,252.0
ORD-004095,WCUST-00343,2025-06-14,REGULAR-GUATEMALA-WHOLESALE,2,84.0,168.0
ORD-004096,WCUST-00343,2025-07-17,DECAF-BLEND-WHOLESALE,5,93.0,465.0
ORD-004097,WCUST-00343,2025-08-16,DECAF-GUATEMALA-WHOLESALE,4,93.0,372.0
ORD-004098,WCUST-00343,2025-09-06,REGULAR-PERU-WHOLESALE,4,84.0,336.0
ORD-004099,WCUST-00343,2025-09-28,REGULAR-PERU-WHOLESALE,4,84.0,336.0
ORD-004100,WCUST-00343,2025-10-31,REGULAR-GUATEMALA-WHOLESALE,2,84.0,168.0
ORD-004101,WCUST-00343,2025-11-25,REGULAR-BLEND-WHOLESALE,5,84.0,420.0
ORD-004102,WCUST-00343,2025-12-31,REGULAR-BLEND-WHOLESALE,4,84.0,336.0
ORD-004103,WCUST-00343,2026-01-25,REGULAR-PERU-WHOLESALE,4,84.0,336.0
ORD-004104,WCUST-00343,2026-02-25,DECAF-COLOMBIA-WHOLESALE,3,93.0,279.0
ORD-004105,WCUST-00343,2026-03-19,REGULAR-GUATEMALA-WHOLESALE,3,84.0,252.0
ORD-004106,WCUST-00343,2026-04-19,REGULAR-GUATEMALA-WHOLESALE,2,84.0,168.0
ORD-004107,WCUST-00343,2026-05-18,REGULAR-BLEND-WHOLESALE,5,84.0,420.0
ORD-004108,WCUST-00343,2026-06-23,DECAF-COLOMBIA-WHOLESALE,4,93.0,372.0
ORD-004109,WCUST-00343,2026-07-24,REGULAR-COLOMBIA-WHOLESALE,3,84.0,252.0
ORD-004110,WCUST-00343,2026-08-17,REGULAR-BLEND-WHOLESALE,2,84.0,168.0
ORD-004111,WCUST-00344,2026-01-06,REGULAR-BLEND-WHOLESALE,3,84.0,252.0
ORD-004112,WCUST-00344,2026-02-10,REGULAR-PERU-WHOLESALE,3,84.0,252.0
ORD-004113,WCUST-00344,2026-03-08,DECAF-COLOMBIA-WHOLESALE,5,93.0,465.0
ORD-004114,WCUST-00344,2026-04-01,REGULAR-GUATEMALA-WHOLESALE,2,84.0,168.0
ORD-004115,WCUST-00344,2026-04-25,REGULAR-GUATEMALA-WHOLESALE,3,84.0,252.0
ORD-004115,WCUST-00344,2026-04-25,REGULAR-GUATEMALA-RETAIL,1,14.0,14.0
ORD-004116,WCUST-00344,2026-05-19,REGULAR-BLEND-WHOLESALE,3,84.0,252.0
ORD-004117,WCUST-00344,2026-06-24,REGULAR-BLEND-WHOLESALE,5,84.0,420.0
ORD-004118,WCUST-00344,2026-07-21,REGULAR-COLOMBIA-WHOLESALE,3,84.0,252.0
ORD-004119,WCUST-00344,2026-08-17,REGULAR-COLOMBIA-WHOLESALE,4,84.0,336.0
ORD-004120,WCUST-00345,2024-10-11,DECAF-GUATEMALA-WHOLESALE,6,93.0,558.0
ORD-004120,WCUST-00345,2024-10-11,REGULAR-GUATEMALA-RETAIL,3,14.0,42.0
ORD-004121,WCUST-00345,2024-10-31,REGULAR-GUATEMALA-WHOLESALE,4,84.0,336.0
ORD-004122,WCUST-00345,2024-11-25,REGULAR-GUATEMALA-WHOLESALE,6,84.0,504.0
ORD-004123,WCUST-00345,2024-12-21,REGULAR-GUATEMALA-WHOLESALE,8,84.0,672.0
ORD-004124,WCUST-00345,2025-01-12,DECAF-PERU-WHOLESALE,5,93.0,465.0
ORD-004124,WCUST-00345,2025-01-12,REGULAR-GUATEMALA-RETAIL,3,14.0,42.0
ORD-004125,WCUST-00345,2025-02-02,REGULAR-COLOMBIA-WHOLESALE,6,84.0,504.0
ORD-004125,WCUST-00345,2025-02-02,REGULAR-COLOMBIA-RETAIL,2,14.0,28.0
ORD-004126,WCUST-00345,2025-02-28,REGULAR-GUATEMALA-WHOLESALE,4,84.0,336.0
ORD-004127,WCUST-00345,2025-03-27,REGULAR-COLOMBIA-WHOLESALE,6,84.0,504.0
ORD-004128,WCUST-00345,2025-04-11,REGULAR-GUATEMALA-WHOLESALE,7,84.0,588.0
ORD-004129,WCUST-00345,2025-05-06,REGULAR-GUATEMALA-WHOLESALE,5,84.0,420.0
ORD-004130,WCUST-00345,2025-05-24,DECAF-BLEND-WHOLESALE,8,93.0,744.0
ORD-004131,WCUST-00345,2025-06-10,DECAF-BLEND-WHOLESALE,5,93.0,465.0
ORD-004132,WCUST-00345,2025-07-03,REGULAR-COLOMBIA-WHOLESALE,8,84.0,672.0
ORD-004133,WCUST-00345,2025-07-20,REGULAR-COLOMBIA-WHOLESALE,4,84.0,336.0
ORD-004134,WCUST-00345,2025-08-15,REGULAR-PERU-WHOLESALE,7,84.0,588.0
ORD-004135,WCUST-00345,2025-09-06,REGULAR-GUATEMALA-WHOLESALE,4,84.0,336.0
ORD-004136,WCUST-00345,2025-09-27,REGULAR-GUATEMALA-WHOLESALE,6,84.0,504.0
ORD-004137,WCUST-00345,2025-10-13,REGULAR-GUATEMALA-WHOLESALE,5,84.0,420.0
ORD-004138,WCUST-00345,2025-10-30,REGULAR-PERU-WHOLESALE,3,84.0,252.0
ORD-004139,WCUST-00345,2025-11-19,REGULAR-GUATEMALA-WHOLESALE,4,84.0,336.0
ORD-004140,WCUST-00345,2025-12-13,REGULAR-GUATEMALA-WHOLESALE,7,84.0,588.0
ORD-004140,WCUST-00345,2025-12-13,REGULAR-BLEND-RETAIL,3,14.0,42.0
ORD-004141,WCUST-00345,2026-01-03,REGULAR-PERU-WHOLESALE,5,84.0,420.0
ORD-004142,WCUST-00345,2026-01-23,REGULAR-BLEND-WHOLESALE,5,84.0,420.0
ORD-004143,WCUST-00345,2026-02-19,DECAF-COLOMBIA-WHOLESALE,3,93.0,279.0
ORD-004143,WCUST-00345,2026-02-19,REGULAR-BLEND-RETAIL,2,14.0,28.0
ORD-004144,WCUST-00345,2026-03-11,DECAF-COLOMBIA-WHOLESALE,6,93.0,558.0
ORD-004145,WCUST-00345,2026-04-01,REGULAR-GUATEMALA-WHOLESALE,7,84.0,588.0
ORD-004146,WCUST-00345,2026-04-17,REGULAR-GUATEMALA-WHOLESALE,6,84.0,504.0
ORD-004147,WCUST-00345,2026-05-12,REGULAR-BLEND-WHOLESALE,7,84.0,588.0
ORD-004148,WCUST-00345,2026-05-28,REGULAR-BLEND-WHOLESALE,5,84.0,420.0
ORD-004149,WCUST-00345,2026-06-15,REGULAR-BLEND-WHOLESALE,6,84.0,504.0
ORD-004150,WCUST-00345,2026-07-03,REGULAR-BLEND-WHOLESALE,8,84.0,672.0
ORD-004151,WCUST-00345,2026-07-23,REGULAR-COLOMBIA-WHOLESALE,3,84.0,252.0
ORD-004152,WCUST-00345,2026-08-18,DECAF-BLEND-WHOLESALE,5,93.0,465.0
ORD-004152,WCUST-00345,2026-08-18,REGULAR-COLOMBIA-RETAIL,1,14.0,14.0
ORD-004153,WCUST-00345,2026-09-06,REGULAR-COLOMBIA-WHOLESALE,5,84.0,420.0
ORD-004154,WCUST-00346,2025-12-10,REGULAR-BLEND-WHOLESALE,4,84.0,336.0
ORD-004155,WCUST-00346,2026-01-05,REGULAR-PERU-WHOLESALE,4,84.0,336.0
ORD-004156,WCUST-00346,2026-02-02,REGULAR-BLEND-WHOLESALE,5,84.0,420.0
ORD-004157,WCUST-00346,2026-03-04,REGULAR-GUATEMALA-WHOLESALE,4,84.0,336.0
ORD-004158,WCUST-00346,2026-03-28,REGULAR-GUATEMALA-WHOLESALE,5,84.0,420.0
ORD-004159,WCUST-00346,2026-04-23,REGULAR-GUATEMALA-WHOLESALE,2,84.0,168.0
ORD-004160,WCUST-00346,2026-05-17,REGULAR-BLEND-WHOLESALE,2,84.0,168.0
ORD-004160,WCUST-00346,2026-05-17,REGULAR-BLEND-RETAIL,2,14.0,28.0
ORD-004161,WCUST-00346,2026-06-22,REGULAR-BLEND-WHOLESALE,4,84.0,336.0
ORD-004161,WCUST-00346,2026-06-22,REGULAR-BLEND-RETAIL,1,14.0,14.0
ORD-004162,WCUST-00346,2026-07-18,DECAF-COLOMBIA-WHOLESALE,2,93.0,186.0
ORD-004163,WCUST-00346,2026-08-08,REGULAR-COLOMBIA-WHOLESALE,4,84.0,336.0
ORD-004163,WCUST-00346,2026-08-08,DECAF-BLEND-RETAIL,1,15.5,15.5
ORD-004164,WCUST-00346,2026-09-02,REGULAR-BLEND-WHOLESALE,5,84.0,420.0
ORD-004165,WCUST-00347,2025-08-10,DECAF-GUATEMALA-WHOLESALE,4,93.0,372.0
ORD-004166,WCUST-00347,2025-08-31,REGULAR-PERU-WHOLESALE,5,84.0,420.0
ORD-004167,WCUST-00347,2025-10-01,REGULAR-PERU-WHOLESALE,3,84.0,252.0
ORD-004168,WCUST-00347,2025-11-05,REGULAR-GUATEMALA-WHOLESALE,5,84.0,420.0
ORD-004169,WCUST-00347,2025-11-27,DECAF-PERU-WHOLESALE,2,93.0,186.0
ORD-004170,WCUST-00347,2025-12-26,REGULAR-GUATEMALA-WHOLESALE,5,84.0,420.0
ORD-004171,WCUST-00347,2026-01-22,REGULAR-PERU-WHOLESALE,4,84.0,336.0
ORD-004172,WCUST-00347,2026-02-25,REGULAR-BLEND-WHOLESALE,3,84.0,252.0
ORD-004173,WCUST-00347,2026-03-22,REGULAR-COLOMBIA-WHOLESALE,5,84.0,420.0
ORD-004174,WCUST-00347,2026-04-16,REGULAR-GUATEMALA-WHOLESALE,2,84.0,168.0
ORD-004175,WCUST-00347,2026-05-18,REGULAR-BLEND-WHOLESALE,2,84.0,168.0
ORD-004175,WCUST-00347,2026-05-18,REGULAR-BLEND-RETAIL,3,14.0,42.0
ORD-004176,WCUST-00347,2026-06-22,REGULAR-BLEND-WHOLESALE,5,84.0,420.0
ORD-004176,WCUST-00347,2026-06-22,DECAF-COLOMBIA-RETAIL,2,15.5,31.0
ORD-004177,WCUST-00347,2026-07-12,REGULAR-BLEND-WHOLESALE,3,84.0,252.0
ORD-004178,WCUST-00347,2026-08-13,REGULAR-BLEND-WHOLESALE,2,84.0,168.0
ORD-004179,WCUST-00348,2026-03-31,REGULAR-COLOMBIA-WHOLESALE,3,84.0,252.0
ORD-004180,WCUST-00348,2026-04-20,REGULAR-GUATEMALA-WHOLESALE,5,84.0,420.0
ORD-004181,WCUST-00348,2026-05-25,REGULAR-BLEND-WHOLESALE,5,84.0,420.0
ORD-004182,WCUST-00348,2026-06-19,REGULAR-BLEND-WHOLESALE,3,84.0,252.0
ORD-004183,WCUST-00348,2026-07-11,REGULAR-BLEND-WHOLESALE,2,84.0,168.0
ORD-004184,WCUST-00348,2026-07-31,REGULAR-BLEND-WHOLESALE,4,84.0,336.0
ORD-004185,WCUST-00348,2026-09-04,DECAF-BLEND-WHOLESALE,3,93.0,279.0
ORD-004185,WCUST-00348,2026-09-04,REGULAR-COLOMBIA-RETAIL,1,14.0,14.0
ORD-004186,WCUST-00349,2025-12-20,REGULAR-GUATEMALA-WHOLESALE,6,84.0,504.0
ORD-004187,WCUST-00349,2026-01-15,REGULAR-BLEND-WHOLESALE,6,84.0,504.0
ORD-004187,WCUST-00349,2026-01-15,REGULAR-PERU-RETAIL,3,14.0,42.0
ORD-004188,WCUST-00349,2026-02-01,REGULAR-PERU-WHOLESALE,4,84.0,336.0
ORD-004189,WCUST-00349,2026-02-20,DECAF-COLOMBIA-WHOLESALE,8,93.0,744.0
ORD-004190,WCUST-00349,2026-03-14,REGULAR-GUATEMALA-WHOLESALE,5,84.0,420.0
ORD-004191,WCUST-00349,2026-04-04,REGULAR-GUATEMALA-WHOLESALE,8,84.0,672.0
ORD-004192,WCUST-00349,2026-04-20,REGULAR-GUATEMALA-WHOLESALE,3,84.0,252.0
ORD-004193,WCUST-00350,2025-10-04,REGULAR-PERU-WHOLESALE,3,84.0,252.0
ORD-004194,WCUST-00350,2025-10-25,DECAF-GUATEMALA-WHOLESALE,5,93.0,465.0
ORD-004195,WCUST-00350,2025-11-25,REGULAR-BLEND-WHOLESALE,2,84.0,168.0
ORD-004196,WCUST-00350,2025-12-27,REGULAR-BLEND-WHOLESALE,5,84.0,420.0
ORD-004197,WCUST-00350,2026-01-30,REGULAR-BLEND-WHOLESALE,4,84.0,336.0
ORD-004198,WCUST-00350,2026-03-01,REGULAR-GUATEMALA-WHOLESALE,3,84.0,252.0
ORD-004198,WCUST-00350,2026-03-01,REGULAR-GUATEMALA-RETAIL,3,14.0,42.0
ORD-004199,WCUST-00350,2026-04-02,REGULAR-GUATEMALA-WHOLESALE,5,84.0,420.0
ORD-004200,WCUST-00350,2026-04-27,REGULAR-GUATEMALA-WHOLESALE,5,84.0,420.0
ORD-004201,WCUST-00350,2026-05-25,REGULAR-BLEND-WHOLESALE,3,84.0,252.0
ORD-004202,WCUST-00350,2026-06-19,REGULAR-BLEND-WHOLESALE,4,84.0,336.0
ORD-004203,WCUST-00350,2026-07-23,REGULAR-BLEND-WHOLESALE,2,84.0,168.0
ORD-004204,WCUST-00350,2026-08-16,REGULAR-COLOMBIA-WHOLESALE,2,84.0,168.0
ORD-004205,WCUST-00350,2026-09-08,REGULAR-BLEND-WHOLESALE,5,84.0,420.0
ORD-004206,WCUST-00351,2025-08-19,REGULAR-GUATEMALA-WHOLESALE,8,84.0,672.0
ORD-004206,WCUST-00351,2025-08-19,REGULAR-PERU-RETAIL,1,14.0,14.0
ORD-004207,WCUST-00351,2025-09-08,REGULAR-PERU-WHOLESALE,7,84.0,588.0
ORD-004208,WCUST-00351,2025-10-04,REGULAR-PERU-WHOLESALE,6,84.0,504.0
ORD-004209,WCUST-00351,2025-10-30,REGULAR-PERU-WHOLESALE,4,84.0,336.0
ORD-004210,WCUST-00351,2025-11-19,REGULAR-GUATEMALA-WHOLESALE,5,84.0,420.0
ORD-004211,WCUST-00351,2025-12-14,REGULAR-BLEND-WHOLESALE,7,84.0,588.0
ORD-004212,WCUST-00351,2026-01-10,REGULAR-PERU-WHOLESALE,6,84.0,504.0
ORD-004213,WCUST-00351,2026-01-25,REGULAR-PERU-WHOLESALE,7,84.0,588.0
ORD-004214,WCUST-00351,2026-02-20,DECAF-COLOMBIA-WHOLESALE,8,93.0,744.0
ORD-004215,WCUST-00351,2026-03-09,REGULAR-GUATEMALA-WHOLESALE,3,84.0,252.0
ORD-004216,WCUST-00351,2026-03-27,REGULAR-GUATEMALA-WHOLESALE,6,84.0,504.0
ORD-004217,WCUST-00351,2026-04-15,DECAF-COLOMBIA-WHOLESALE,3,93.0,279.0
ORD-004218,WCUST-00351,2026-05-08,REGULAR-BLEND-WHOLESALE,5,84.0,420.0
ORD-004219,WCUST-00351,2026-06-03,REGULAR-BLEND-WHOLESALE,6,84.0,504.0
ORD-004220,WCUST-00351,2026-06-30,DECAF-COLOMBIA-WHOLESALE,3,93.0,279.0
ORD-004221,WCUST-00351,2026-07-27,REGULAR-COLOMBIA-WHOLESALE,8,84.0,672.0
ORD-004222,WCUST-00351,2026-08-19,REGULAR-BLEND-WHOLESALE,8,84.0,672.0
ORD-004223,WCUST-00351,2026-09-03,REGULAR-BLEND-WHOLESALE,8,84.0,672.0
ORD-004224,WCUST-00352,2026-03-15,DECAF-COLOMBIA-WHOLESALE,7,93.0,651.0
ORD-004225,WCUST-00352,2026-04-04,DECAF-COLOMBIA-WHOLESALE,8,93.0,744.0
ORD-004226,WCUST-00352,2026-04-21,REGULAR-GUATEMALA-WHOLESALE,6,84.0,504.0
ORD-004227,WCUST-00352,2026-05-12,REGULAR-BLEND-WHOLESALE,8,84.0,672.0
ORD-004228,WCUST-00352,2026-05-27,REGULAR-BLEND-WHOLESALE,5,84.0,420.0
ORD-004229,WCUST-00352,2026-06-16,DECAF-COLOMBIA-WHOLESALE,8,93.0,744.0
ORD-004229,WCUST-00352,2026-06-16,REGULAR-BLEND-RETAIL,2,14.0,28.0
ORD-004230,WCUST-00352,2026-07-06,REGULAR-COLOMBIA-WHOLESALE,8,84.0,672.0
ORD-004231,WCUST-00352,2026-07-21,REGULAR-BLEND-WHOLESALE,8,84.0,672.0
ORD-004232,WCUST-00352,2026-08-16,REGULAR-COLOMBIA-WHOLESALE,4,84.0,336.0
ORD-004233,WCUST-00352,2026-09-04,REGULAR-COLOMBIA-WHOLESALE,3,84.0,252.0
ORD-004234,WCUST-00353,2026-03-01,REGULAR-GUATEMALA-WHOLESALE,3,84.0,252.0
ORD-004235,WCUST-00353,2026-05-08,REGULAR-BLEND-WHOLESALE,1,84.0,84.0
ORD-004236,WCUST-00353,2026-07-16,REGULAR-BLEND-WHOLESALE,1,84.0,84.0
ORD-004237,WCUST-00353,2026-09-01,REGULAR-COLOMBIA-WHOLESALE,3,84.0,252.0
ORD-004238,WCUST-00354,2024-01-26,REGULAR-COLOMBIA-WHOLESALE,2,84.0,168.0
ORD-004239,WCUST-00354,2024-02-29,REGULAR-COLOMBIA-WHOLESALE,2,84.0,168.0
ORD-004240,WCUST-00354,2024-03-26,REGULAR-COLOMBIA-WHOLESALE,4,84.0,336.0
ORD-004241,WCUST-00354,2024-04-25,REGULAR-GUATEMALA-WHOLESALE,3,84.0,252.0
ORD-004242,WCUST-00354,2024-05-30,REGULAR-BLEND-WHOLESALE,2,84.0,168.0
ORD-004243,WCUST-00354,2024-06-29,REGULAR-BLEND-WHOLESALE,3,84.0,252.0
ORD-004244,WCUST-00354,2024-08-01,REGULAR-PERU-WHOLESALE,4,84.0,336.0
ORD-004245,WCUST-00354,2024-09-05,REGULAR-PERU-WHOLESALE,5,84.0,420.0
ORD-004246,WCUST-00354,2024-10-03,REGULAR-GUATEMALA-WHOLESALE,5,84.0,420.0
ORD-004247,WCUST-00354,2024-10-30,REGULAR-GUATEMALA-WHOLESALE,5,84.0,420.0
ORD-004248,WCUST-00354,2024-11-20,REGULAR-GUATEMALA-WHOLESALE,4,84.0,336.0
ORD-004249,WCUST-00354,2024-12-11,DECAF-PERU-WHOLESALE,2,93.0,186.0
ORD-004250,WCUST-00354,2025-01-08,REGULAR-GUATEMALA-WHOLESALE,2,84.0,168.0
ORD-004251,WCUST-00354,2025-02-07,REGULAR-GUATEMALA-WHOLESALE,5,84.0,420.0
ORD-004252,WCUST-00354,2025-03-10,REGULAR-GUATEMALA-WHOLESALE,3,84.0,252.0
ORD-004253,WCUST-00354,2025-04-15,REGULAR-GUATEMALA-WHOLESALE,4,84.0,336.0
ORD-004254,WCUST-00354,2025-05-10,REGULAR-GUATEMALA-WHOLESALE,2,84.0,168.0
ORD-004255,WCUST-00354,2025-06-08,REGULAR-GUATEMALA-WHOLESALE,4,84.0,336.0
ORD-004256,WCUST-00354,2025-06-28,DECAF-BLEND-WHOLESALE,2,93.0,186.0
ORD-004257,WCUST-00354,2025-07-18,REGULAR-COLOMBIA-WHOLESALE,2,84.0,168.0
ORD-004258,WCUST-00354,2025-08-23,REGULAR-PERU-WHOLESALE,2,84.0,168.0
ORD-004259,WCUST-00354,2025-09-14,REGULAR-GUATEMALA-WHOLESALE,3,84.0,252.0
ORD-004259,WCUST-00354,2025-09-14,REGULAR-PERU-RETAIL,3,14.0,42.0
ORD-004260,WCUST-00354,2025-10-19,REGULAR-PERU-WHOLESALE,3,84.0,252.0
ORD-004261,WCUST-00354,2025-11-22,DECAF-PERU-WHOLESALE,4,93.0,372.0
ORD-004262,WCUST-00354,2025-12-12,REGULAR-GUATEMALA-WHOLESALE,5,84.0,420.0
ORD-004262,WCUST-00354,2025-12-12,DECAF-PERU-RETAIL,1,15.5,15.5
ORD-004263,WCUST-00354,2026-01-09,REGULAR-PERU-WHOLESALE,5,84.0,420.0
ORD-004264,WCUST-00354,2026-02-13,REGULAR-BLEND-WHOLESALE,4,84.0,336.0
ORD-004265,WCUST-00354,2026-03-19,REGULAR-GUATEMALA-WHOLESALE,5,84.0,420.0
ORD-004266,WCUST-00354,2026-04-16,REGULAR-GUATEMALA-WHOLESALE,2,84.0,168.0
ORD-004267,WCUST-00354,2026-05-16,DECAF-PERU-WHOLESALE,5,93.0,465.0
ORD-004268,WCUST-00354,2026-06-18,DECAF-COLOMBIA-WHOLESALE,3,93.0,279.0
ORD-004269,WCUST-00354,2026-07-11,REGULAR-BLEND-WHOLESALE,5,84.0,420.0
ORD-004270,WCUST-00354,2026-08-07,REGULAR-BLEND-WHOLESALE,2,84.0,168.0
ORD-004271,WCUST-00355,2026-01-09,REGULAR-BLEND-WHOLESALE,7,84.0,588.0
ORD-004272,WCUST-00355,2026-02-05,REGULAR-PERU-WHOLESALE,5,84.0,420.0
ORD-004273,WCUST-00355,2026-03-03,REGULAR-COLOMBIA-WHOLESALE,5,84.0,420.0
ORD-004274,WCUST-00355,2026-04-06,REGULAR-GUATEMALA-WHOLESALE,9,84.0,756.0
ORD-004275,WCUST-00355,2026-05-14,DECAF-PERU-WHOLESALE,10,93.0,930.0
ORD-004275,WCUST-00355,2026-05-14,REGULAR-BLEND-RETAIL,2,14.0,28.0
ORD-004276,WCUST-00355,2026-06-27,REGULAR-BLEND-WHOLESALE,9,84.0,756.0
ORD-004277,WCUST-00355,2026-08-11,REGULAR-COLOMBIA-WHOLESALE,4,84.0,336.0
ORD-004278,WCUST-00356,2025-10-21,REGULAR-GUATEMALA-WHOLESALE,2,84.0,168.0
ORD-004279,WCUST-00356,2025-12-28,REGULAR-BLEND-WHOLESALE,3,84.0,252.0
ORD-004280,WCUST-00357,2025-02-07,REGULAR-GUATEMALA-WHOLESALE,5,84.0,420.0
ORD-004281,WCUST-00357,2025-02-27,REGULAR-COLOMBIA-WHOLESALE,3,84.0,252.0
ORD-004282,WCUST-00357,2025-03-16,REGULAR-COLOMBIA-WHOLESALE,8,84.0,672.0
ORD-004283,WCUST-00357,2025-04-05,REGULAR-GUATEMALA-WHOLESALE,4,84.0,336.0
ORD-004284,WCUST-00357,2025-04-30,REGULAR-GUATEMALA-WHOLESALE,3,84.0,252.0
ORD-004285,WCUST-00357,2025-05-18,REGULAR-GUATEMALA-WHOLESALE,7,84.0,588.0
ORD-004286,WCUST-00357,2025-06-06,REGULAR-GUATEMALA-WHOLESALE,5,84.0,420.0
ORD-004286,WCUST-00357,2025-06-06,REGULAR-GUATEMALA-RETAIL,2,14.0,28.0
ORD-004287,WCUST-00357,2025-06-27,REGULAR-GUATEMALA-WHOLESALE,5,84.0,420.0
ORD-004288,WCUST-00357,2025-07-19,REGULAR-COLOMBIA-WHOLESALE,8,84.0,672.0
ORD-004289,WCUST-00357,2025-08-09,REGULAR-GUATEMALA-WHOLESALE,3,84.0,252.0
ORD-004289,WCUST-00357,2025-08-09,DECAF-GUATEMALA-RETAIL,1,15.5,15.5
ORD-004290,WCUST-00357,2025-08-25,DECAF-GUATEMALA-WHOLESALE,5,93.0,465.0
ORD-004291,WCUST-00357,2025-09-18,REGULAR-GUATEMALA-WHOLESALE,4,84.0,336.0
ORD-004292,WCUST-00357,2025-10-14,REGULAR-PERU-WHOLESALE,6,84.0,504.0
ORD-004293,WCUST-00357,2025-11-05,REGULAR-GUATEMALA-WHOLESALE,3,84.0,252.0
ORD-004294,WCUST-00357,2025-12-01,REGULAR-BLEND-WHOLESALE,5,84.0,420.0
ORD-004295,WCUST-00357,2025-12-24,REGULAR-BLEND-WHOLESALE,3,84.0,252.0
ORD-004296,WCUST-00357,2026-01-16,REGULAR-PERU-WHOLESALE,7,84.0,588.0
ORD-004297,WCUST-00358,2026-04-03,REGULAR-GUATEMALA-WHOLESALE,3,84.0,252.0
ORD-004298,WCUST-00358,2026-04-28,REGULAR-GUATEMALA-WHOLESALE,3,84.0,252.0
ORD-004299,WCUST-00360,2025-05-21,DECAF-BLEND-WHOLESALE,5,93.0,465.0
ORD-004300,WCUST-00360,2025-06-25,REGULAR-GUATEMALA-WHOLESALE,4,84.0,336.0
ORD-004301,WCUST-00360,2025-07-31,REGULAR-COLOMBIA-WHOLESALE,3,84.0,252.0
ORD-004302,WCUST-00360,2025-08-31,REGULAR-PERU-WHOLESALE,4,84.0,336.0
ORD-004303,WCUST-00360,2025-10-05,REGULAR-PERU-WHOLESALE,3,84.0,252.0
ORD-004304,WCUST-00360,2025-11-09,DECAF-PERU-WHOLESALE,4,93.0,372.0
ORD-004305,WCUST-00360,2025-12-06,DECAF-PERU-WHOLESALE,5,93.0,465.0
ORD-004306,WCUST-00360,2025-12-30,REGULAR-GUATEMALA-WHOLESALE,2,84.0,168.0
ORD-004307,WCUST-00360,2026-02-03,REGULAR-BLEND-WHOLESALE,5,84.0,420.0
ORD-004308,WCUST-00360,2026-03-01,REGULAR-COLOMBIA-WHOLESALE,3,84.0,252.0
ORD-004309,WCUST-00360,2026-03-30,DECAF-COLOMBIA-WHOLESALE,2,93.0,186.0
ORD-004309,WCUST-00360,2026-03-30,REGULAR-GUATEMALA-RETAIL,3,14.0,42.0
ORD-004310,WCUST-00360,2026-04-22,DECAF-COLOMBIA-WHOLESALE,3,93.0,279.0
ORD-004311,WCUST-00360,2026-05-13,DECAF-PERU-WHOLESALE,5,93.0,465.0
ORD-004312,WCUST-00360,2026-06-05,REGULAR-BLEND-WHOLESALE,3,84.0,252.0
ORD-004313,WCUST-00360,2026-07-07,REGULAR-BLEND-WHOLESALE,5,84.0,420.0
ORD-004314,WCUST-00360,2026-08-04,REGULAR-COLOMBIA-WHOLESALE,5,84.0,420.0
ORD-004315,WCUST-00360,2026-08-31,REGULAR-COLOMBIA-WHOLESALE,3,84.0,252.0
ORD-004315,WCUST-00360,2026-08-31,REGULAR-COLOMBIA-RETAIL,1,14.0,14.0
ORD-004316,WCUST-00361,2024-09-08,REGULAR-PERU-WHOLESALE,3,84.0,252.0
ORD-004317,WCUST-00361,2024-10-04,DECAF-GUATEMALA-WHOLESALE,8,93.0,744.0
ORD-004318,WCUST-00361,2024-10-22,REGULAR-GUATEMALA-WHOLESALE,4,84.0,336.0
ORD-004319,WCUST-00361,2024-11-10,REGULAR-GUATEMALA-WHOLESALE,4,84.0,336.0
ORD-004320,WCUST-00361,2024-11-27,REGULAR-GUATEMALA-WHOLESALE,4,84.0,336.0
ORD-004321,WCUST-00361,2024-12-17,DECAF-PERU-WHOLESALE,8,93.0,744.0
ORD-004322,WCUST-00361,2025-01-10,REGULAR-GUATEMALA-WHOLESALE,3,84.0,252.0
ORD-004323,WCUST-00361,2025-02-02,REGULAR-GUATEMALA-WHOLESALE,7,84.0,588.0
ORD-004324,WCUST-00361,2025-02-23,REGULAR-COLOMBIA-WHOLESALE,7,84.0,588.0
ORD-004325,WCUST-00361,2025-03-10,REGULAR-COLOMBIA-WHOLESALE,5,84.0,420.0
ORD-004326,WCUST-00361,2025-04-06,REGULAR-GUATEMALA-WHOLESALE,7,84.0,588.0
ORD-004327,WCUST-00361,2025-05-03,REGULAR-GUATEMALA-WHOLESALE,8,84.0,672.0
ORD-004327,WCUST-00361,2025-05-03,REGULAR-GUATEMALA-RETAIL,2,14.0,28.0
ORD-004328,WCUST-00361,2025-05-19,REGULAR-GUATEMALA-WHOLESALE,6,84.0,504.0
ORD-004329,WCUST-00361,2025-06-05,REGULAR-GUATEMALA-WHOLESALE,7,84.0,588.0
ORD-004330,WCUST-00361,2025-06-28,REGULAR-GUATEMALA-WHOLESALE,7,84.0,588.0
ORD-004331,WCUST-00361,2025-07-15,REGULAR-COLOMBIA-WHOLESALE,7,84.0,588.0
ORD-004331,WCUST-00361,2025-07-15,DECAF-BLEND-RETAIL,3,15.5,46.5
ORD-004332,WCUST-00361,2025-08-01,REGULAR-PERU-WHOLESALE,3,84.0,252.0
ORD-004332,WCUST-00361,2025-08-01,REGULAR-PERU-RETAIL,3,14.0,42.0
ORD-004333,WCUST-00361,2025-08-28,DECAF-GUATEMALA-WHOLESALE,6,93.0,558.0
ORD-004334,WCUST-00361,2025-09-24,REGULAR-PERU-WHOLESALE,8,84.0,672.0
ORD-004334,WCUST-00361,2025-09-24,REGULAR-GUATEMALA-RETAIL,3,14.0,42.0
ORD-004335,WCUST-00361,2025-10-12,REGULAR-GUATEMALA-WHOLESALE,7,84.0,588.0
ORD-004335,WCUST-00361,2025-10-12,REGULAR-GUATEMALA-RETAIL,3,14.0,42.0
ORD-004336,WCUST-00361,2025-11-04,DECAF-PERU-WHOLESALE,8,93.0,744.0
ORD-004337,WCUST-00361,2025-12-01,REGULAR-BLEND-WHOLESALE,8,84.0,672.0
ORD-004337,WCUST-00361,2025-12-01,DECAF-PERU-RETAIL,2,15.5,31.0
ORD-004338,WCUST-00361,2025-12-24,REGULAR-GUATEMALA-WHOLESALE,5,84.0,420.0
ORD-004339,WCUST-00361,2026-01-14,DECAF-PERU-WHOLESALE,3,93.0,279.0
ORD-004340,WCUST-00361,2026-02-10,REGULAR-BLEND-WHOLESALE,5,84.0,420.0
ORD-004341,WCUST-00361,2026-03-05,REGULAR-COLOMBIA-WHOLESALE,7,84.0,588.0
ORD-004342,WCUST-00361,2026-03-27,REGULAR-GUATEMALA-WHOLESALE,4,84.0,336.0
ORD-004343,WCUST-00361,2026-04-12,REGULAR-GUATEMALA-WHOLESALE,8,84.0,672.0
ORD-004344,WCUST-00361,2026-04-27,REGULAR-GUATEMALA-WHOLESALE,4,84.0,336.0
ORD-004345,WCUST-00361,2026-05-16,REGULAR-BLEND-WHOLESALE,6,84.0,504.0
ORD-004346,WCUST-00361,2026-06-01,REGULAR-BLEND-WHOLESALE,5,84.0,420.0
ORD-004347,WCUST-00361,2026-06-24,REGULAR-BLEND-WHOLESALE,4,84.0,336.0
ORD-004348,WCUST-00361,2026-07-16,DECAF-COLOMBIA-WHOLESALE,3,93.0,279.0
ORD-004349,WCUST-00361,2026-08-09,REGULAR-COLOMBIA-WHOLESALE,6,84.0,504.0
ORD-004350,WCUST-00361,2026-08-29,REGULAR-COLOMBIA-WHOLESALE,6,84.0,504.0
ORD-004351,WCUST-00362,2026-08-24,REGULAR-COLOMBIA-WHOLESALE,9,84.0,756.0
ORD-004352,WCUST-00365,2026-01-19,REGULAR-BLEND-WHOLESALE,8,84.0,672.0
ORD-004352,WCUST-00365,2026-01-19,REGULAR-BLEND-RETAIL,3,14.0,42.0
ORD-004353,WCUST-00365,2026-02-22,REGULAR-PERU-WHOLESALE,10,84.0,840.0
ORD-004353,WCUST-00365,2026-02-22,REGULAR-BLEND-RETAIL,3,14.0,42.0
ORD-004354,WCUST-00365,2026-03-28,DECAF-COLOMBIA-WHOLESALE,10,93.0,930.0
ORD-004355,WCUST-00365,2026-04-27,REGULAR-GUATEMALA-WHOLESALE,10,84.0,840.0
ORD-004356,WCUST-00365,2026-06-10,REGULAR-BLEND-WHOLESALE,7,84.0,588.0
ORD-004357,WCUST-00365,2026-07-24,REGULAR-COLOMBIA-WHOLESALE,7,84.0,588.0
ORD-004358,WCUST-00365,2026-08-18,REGULAR-BLEND-WHOLESALE,5,84.0,420.0
ORD-004359,WCUST-00366,2025-01-17,REGULAR-GUATEMALA-WHOLESALE,2,84.0,168.0
ORD-004360,WCUST-00366,2025-02-06,REGULAR-GUATEMALA-WHOLESALE,5,84.0,420.0
ORD-004361,WCUST-00366,2025-02-27,REGULAR-COLOMBIA-WHOLESALE,4,84.0,336.0
ORD-004361,WCUST-00366,2025-02-27,DECAF-BLEND-RETAIL,2,15.5,31.0
ORD-004362,WCUST-00366,2025-03-28,REGULAR-COLOMBIA-WHOLESALE,2,84.0,168.0
ORD-004363,WCUST-00366,2025-04-29,DECAF-BLEND-WHOLESALE,2,93.0,186.0
ORD-004364,WCUST-00366,2025-05-24,REGULAR-GUATEMALA-WHOLESALE,5,84.0,420.0
ORD-004364,WCUST-00366,2025-05-24,DECAF-BLEND-RETAIL,2,15.5,31.0
ORD-004365,WCUST-00366,2025-06-23,REGULAR-GUATEMALA-WHOLESALE,3,84.0,252.0
ORD-004366,WCUST-00366,2025-07-18,REGULAR-COLOMBIA-WHOLESALE,5,84.0,420.0
ORD-004367,WCUST-00366,2025-08-23,REGULAR-GUATEMALA-WHOLESALE,2,84.0,168.0
ORD-004368,WCUST-00366,2025-09-13,REGULAR-PERU-WHOLESALE,5,84.0,420.0
ORD-004369,WCUST-00366,2025-10-13,DECAF-GUATEMALA-WHOLESALE,3,93.0,279.0
ORD-004370,WCUST-00366,2025-11-12,REGULAR-GUATEMALA-WHOLESALE,2,84.0,168.0
ORD-004371,WCUST-00366,2025-12-12,REGULAR-BLEND-WHOLESALE,5,84.0,420.0
ORD-004372,WCUST-00366,2026-01-03,REGULAR-PERU-WHOLESALE,2,84.0,168.0
ORD-004373,WCUST-00366,2026-01-23,REGULAR-BLEND-WHOLESALE,2,84.0,168.0
ORD-004374,WCUST-00366,2026-02-14,REGULAR-BLEND-WHOLESALE,4,84.0,336.0
ORD-004375,WCUST-00366,2026-03-18,REGULAR-GUATEMALA-WHOLESALE,2,84.0,168.0
ORD-004375,WCUST-00366,2026-03-18,REGULAR-GUATEMALA-RETAIL,1,14.0,14.0
ORD-004376,WCUST-00366,2026-04-20,REGULAR-GUATEMALA-WHOLESALE,2,84.0,168.0
ORD-004377,WCUST-00366,2026-05-11,DECAF-PERU-WHOLESALE,4,93.0,372.0
ORD-004378,WCUST-00366,2026-06-04,DECAF-COLOMBIA-WHOLESALE,4,93.0,372.0
ORD-004379,WCUST-00366,2026-06-28,REGULAR-BLEND-WHOLESALE,3,84.0,252.0
ORD-004380,WCUST-00366,2026-07-25,REGULAR-BLEND-WHOLESALE,2,84.0,168.0
ORD-004381,WCUST-00366,2026-08-15,REGULAR-BLEND-WHOLESALE,2,84.0,168.0
ORD-004382,WCUST-00367,2024-02-18,REGULAR-GUATEMALA-WHOLESALE,4,84.0,336.0
ORD-004383,WCUST-00367,2024-03-11,REGULAR-COLOMBIA-WHOLESALE,5,84.0,420.0
ORD-004384,WCUST-00367,2024-03-27,REGULAR-COLOMBIA-WHOLESALE,5,84.0,420.0
ORD-004385,WCUST-00367,2024-04-19,REGULAR-BLEND-WHOLESALE,6,84.0,504.0
ORD-004386,WCUST-00367,2024-05-08,REGULAR-BLEND-WHOLESALE,7,84.0,588.0
ORD-004387,WCUST-00367,2024-05-23,REGULAR-BLEND-WHOLESALE,4,84.0,336.0
ORD-004388,WCUST-00367,2024-06-12,DECAF-GUATEMALA-WHOLESALE,6,93.0,558.0
ORD-004389,WCUST-00367,2024-06-27,REGULAR-BLEND-WHOLESALE,8,84.0,672.0
ORD-004390,WCUST-00367,2024-07-17,REGULAR-BLEND-WHOLESALE,4,84.0,336.0
ORD-004391,WCUST-00367,2024-08-11,REGULAR-PERU-WHOLESALE,8,84.0,672.0
ORD-004392,WCUST-00367,2024-08-30,REGULAR-PERU-WHOLESALE,4,84.0,336.0
ORD-004393,WCUST-00367,2024-09-21,DECAF-GUATEMALA-WHOLESALE,8,93.0,744.0
ORD-004394,WCUST-00367,2024-10-16,REGULAR-GUATEMALA-WHOLESALE,4,84.0,336.0
ORD-004395,WCUST-00367,2024-11-02,REGULAR-GUATEMALA-WHOLESALE,6,84.0,504.0
ORD-004396,WCUST-00367,2024-11-23,REGULAR-GUATEMALA-WHOLESALE,7,84.0,588.0
ORD-004397,WCUST-00367,2024-12-17,REGULAR-GUATEMALA-WHOLESALE,3,84.0,252.0
ORD-004398,WCUST-00367,2025-01-04,REGULAR-GUATEMALA-WHOLESALE,8,84.0,672.0
ORD-004399,WCUST-00367,2025-01-24,REGULAR-GUATEMALA-WHOLESALE,6,84.0,504.0
ORD-004400,WCUST-00367,2025-02-20,REGULAR-GUATEMALA-WHOLESALE,4,84.0,336.0
ORD-004401,WCUST-00367,2025-03-19,REGULAR-GUATEMALA-WHOLESALE,5,84.0,420.0
ORD-004402,WCUST-00367,2025-04-13,REGULAR-GUATEMALA-WHOLESALE,6,84.0,504.0
ORD-004403,WCUST-00367,2025-05-05,REGULAR-GUATEMALA-WHOLESALE,7,84.0,588.0
ORD-004404,WCUST-00367,2025-05-29,REGULAR-GUATEMALA-WHOLESALE,7,84.0,588.0
ORD-004405,WCUST-00367,2025-06-24,REGULAR-GUATEMALA-WHOLESALE,8,84.0,672.0
ORD-004406,WCUST-00367,2025-07-19,REGULAR-COLOMBIA-WHOLESALE,4,84.0,336.0
ORD-004406,WCUST-00367,2025-07-19,REGULAR-COLOMBIA-RETAIL,1,14.0,14.0
ORD-004407,WCUST-00367,2025-08-12,DECAF-GUATEMALA-WHOLESALE,4,93.0,372.0
ORD-004408,WCUST-00367,2025-09-01,REGULAR-PERU-WHOLESALE,4,84.0,336.0
ORD-004409,WCUST-00367,2025-09-22,REGULAR-GUATEMALA-WHOLESALE,5,84.0,420.0
ORD-004410,WCUST-00367,2025-10-18,DECAF-GUATEMALA-WHOLESALE,3,93.0,279.0
ORD-004410,WCUST-00367,2025-10-18,REGULAR-GUATEMALA-RETAIL,3,14.0,42.0
ORD-004411,WCUST-00367,2025-11-03,REGULAR-BLEND-WHOLESALE,3,84.0,252.0
ORD-004412,WCUST-00367,2025-11-26,REGULAR-BLEND-WHOLESALE,5,84.0,420.0
ORD-004413,WCUST-00367,2025-12-15,REGULAR-BLEND-WHOLESALE,5,84.0,420.0
ORD-004413,WCUST-00367,2025-12-15,REGULAR-BLEND-RETAIL,2,14.0,28.0
ORD-004414,WCUST-00367,2026-01-06,REGULAR-PERU-WHOLESALE,3,84.0,252.0
ORD-004415,WCUST-00367,2026-01-23,REGULAR-BLEND-WHOLESALE,8,84.0,672.0
ORD-004416,WCUST-00367,2026-02-11,REGULAR-PERU-WHOLESALE,7,84.0,588.0
ORD-004417,WCUST-00367,2026-02-27,DECAF-COLOMBIA-WHOLESALE,5,93.0,465.0
ORD-004418,WCUST-00367,2026-03-24,REGULAR-COLOMBIA-WHOLESALE,3,84.0,252.0
ORD-004418,WCUST-00367,2026-03-24,REGULAR-GUATEMALA-RETAIL,3,14.0,42.0
ORD-004419,WCUST-00367,2026-04-15,DECAF-COLOMBIA-WHOLESALE,4,93.0,372.0
ORD-004419,WCUST-00367,2026-04-15,REGULAR-GUATEMALA-RETAIL,1,14.0,14.0
ORD-004420,WCUST-00367,2026-05-05,REGULAR-BLEND-WHOLESALE,4,84.0,336.0
ORD-004421,WCUST-00367,2026-05-21,REGULAR-BLEND-WHOLESALE,7,84.0,588.0
ORD-004422,WCUST-00367,2026-06-06,REGULAR-BLEND-WHOLESALE,8,84.0,672.0
ORD-004423,WCUST-00367,2026-07-02,REGULAR-BLEND-WHOLESALE,3,84.0,252.0
ORD-004424,WCUST-00367,2026-07-21,REGULAR-BLEND-WHOLESALE,8,84.0,672.0
ORD-004425,WCUST-00367,2026-08-05,REGULAR-BLEND-WHOLESALE,3,84.0,252.0
ORD-004426,WCUST-00367,2026-08-23,DECAF-BLEND-WHOLESALE,3,93.0,279.0
ORD-004427,WCUST-00368,2026-04-25,REGULAR-GUATEMALA-WHOLESALE,2,84.0,168.0
ORD-004428,WCUST-00368,2026-05-17,REGULAR-BLEND-WHOLESALE,2,84.0,168.0
ORD-004429,WCUST-00368,2026-06-20,REGULAR-BLEND-WHOLESALE,2,84.0,168.0
ORD-004429,WCUST-00368,2026-06-20,REGULAR-BLEND-RETAIL,1,14.0,14.0
ORD-004430,WCUST-00368,2026-07-24,REGULAR-COLOMBIA-WHOLESALE,5,84.0,420.0
ORD-004431,WCUST-00368,2026-08-14,REGULAR-COLOMBIA-WHOLESALE,3,84.0,252.0
ORD-004432,WCUST-00372,2024-09-14,REGULAR-PERU-WHOLESALE,5,84.0,420.0
ORD-004433,WCUST-00372,2024-09-29,REGULAR-BLEND-WHOLESALE,6,84.0,504.0
ORD-004434,WCUST-00372,2024-10-20,REGULAR-GUATEMALA-WHOLESALE,7,84.0,588.0
ORD-004435,WCUST-00372,2024-11-08,REGULAR-GUATEMALA-WHOLESALE,7,84.0,588.0
ORD-004435,WCUST-00372,2024-11-08,REGULAR-GUATEMALA-RETAIL,1,14.0,14.0
ORD-004436,WCUST-00372,2024-12-02,REGULAR-GUATEMALA-WHOLESALE,7,84.0,588.0
ORD-004437,WCUST-00372,2024-12-17,REGULAR-GUATEMALA-WHOLESALE,8,84.0,672.0
ORD-004438,WCUST-00372,2025-01-03,REGULAR-GUATEMALA-WHOLESALE,4,84.0,336.0
ORD-004439,WCUST-00372,2025-01-19,REGULAR-GUATEMALA-WHOLESALE,8,84.0,672.0
ORD-004440,WCUST-00372,2025-02-14,DECAF-BLEND-WHOLESALE,3,93.0,279.0
ORD-004441,WCUST-00372,2025-03-08,REGULAR-GUATEMALA-WHOLESALE,5,84.0,420.0
ORD-004442,WCUST-00372,2025-03-23,REGULAR-COLOMBIA-WHOLESALE,5,84.0,420.0
ORD-004443,WCUST-00372,2025-04-11,REGULAR-GUATEMALA-WHOLESALE,5,84.0,420.0
ORD-004444,WCUST-00372,2025-05-02,REGULAR-GUATEMALA-WHOLESALE,7,84.0,588.0
ORD-004445,WCUST-00372,2025-05-21,REGULAR-GUATEMALA-WHOLESALE,3,84.0,252.0
ORD-004446,WCUST-00372,2025-06-10,DECAF-BLEND-WHOLESALE,7,93.0,651.0
ORD-004447,WCUST-00372,2025-07-02,DECAF-BLEND-WHOLESALE,3,93.0,279.0
ORD-004447,WCUST-00372,2025-07-02,REGULAR-COLOMBIA-RETAIL,3,14.0,42.0
ORD-004448,WCUST-00372,2025-07-21,REGULAR-COLOMBIA-WHOLESALE,6,84.0,504.0
ORD-004449,WCUST-00372,2025-08-15,REGULAR-GUATEMALA-WHOLESALE,7,84.0,588.0
ORD-004450,WCUST-00372,2025-09-07,REGULAR-GUATEMALA-WHOLESALE,7,84.0,588.0
ORD-004451,WCUST-00372,2025-09-22,REGULAR-PERU-WHOLESALE,5,84.0,420.0
ORD-004452,WCUST-00372,2025-10-17,REGULAR-GUATEMALA-WHOLESALE,5,84.0,420.0
ORD-004453,WCUST-00372,2025-11-06,REGULAR-BLEND-WHOLESALE,7,84.0,588.0
ORD-004454,WCUST-00372,2025-12-02,REGULAR-BLEND-WHOLESALE,7,84.0,588.0
ORD-004455,WCUST-00372,2025-12-26,REGULAR-BLEND-WHOLESALE,7,84.0,588.0
ORD-004456,WCUST-00372,2026-01-11,REGULAR-PERU-WHOLESALE,3,84.0,252.0
ORD-004457,WCUST-00372,2026-01-30,DECAF-PERU-WHOLESALE,3,93.0,279.0
ORD-004458,WCUST-00372,2026-02-18,DECAF-COLOMBIA-WHOLESALE,5,93.0,465.0
ORD-004459,WCUST-00372,2026-03-12,REGULAR-COLOMBIA-WHOLESALE,3,84.0,252.0
ORD-004460,WCUST-00372,2026-03-27,REGULAR-COLOMBIA-WHOLESALE,5,84.0,420.0
ORD-004461,WCUST-00372,2026-04-19,REGULAR-GUATEMALA-WHOLESALE,4,84.0,336.0
ORD-004462,WCUST-00372,2026-05-09,DECAF-PERU-WHOLESALE,5,93.0,465.0
ORD-004463,WCUST-00372,2026-06-05,REGULAR-BLEND-WHOLESALE,5,84.0,420.0
ORD-004463,WCUST-00372,2026-06-05,REGULAR-BLEND-RETAIL,2,14.0,28.0
ORD-004464,WCUST-00372,2026-06-27,REGULAR-BLEND-WHOLESALE,7,84.0,588.0
ORD-004465,WCUST-00372,2026-07-18,REGULAR-BLEND-WHOLESALE,5,84.0,420.0
ORD-004465,WCUST-00372,2026-07-18,REGULAR-BLEND-RETAIL,1,14.0,14.0
ORD-004466,WCUST-00372,2026-08-10,REGULAR-COLOMBIA-WHOLESALE,3,84.0,252.0
ORD-004467,WCUST-00372,2026-09-04,REGULAR-COLOMBIA-WHOLESALE,6,84.0,504.0
ORD-004468,WCUST-00373,2025-02-04,DECAF-BLEND-WHOLESALE,8,93.0,744.0
ORD-004469,WCUST-00373,2025-02-22,REGULAR-COLOMBIA-WHOLESALE,5,84.0,420.0
ORD-004470,WCUST-00373,2025-03-12,REGULAR-GUATEMALA-WHOLESALE,4,84.0,336.0
ORD-004471,WCUST-00373,2025-04-03,REGULAR-GUATEMALA-WHOLESALE,8,84.0,672.0
ORD-004472,WCUST-00373,2025-04-20,REGULAR-GUATEMALA-WHOLESALE,8,84.0,672.0
ORD-004473,WCUST-00373,2025-05-06,DECAF-BLEND-WHOLESALE,3,93.0,279.0
ORD-004474,WCUST-00373,2025-05-24,REGULAR-GUATEMALA-WHOLESALE,3,84.0,252.0
ORD-004474,WCUST-00373,2025-05-24,REGULAR-GUATEMALA-RETAIL,3,14.0,42.0
ORD-004475,WCUST-00373,2025-06-10,DECAF-BLEND-WHOLESALE,5,93.0,465.0
ORD-004476,WCUST-00373,2025-06-27,REGULAR-GUATEMALA-WHOLESALE,6,84.0,504.0
ORD-004477,WCUST-00373,2025-07-14,REGULAR-COLOMBIA-WHOLESALE,7,84.0,588.0
ORD-004478,WCUST-00373,2025-07-30,REGULAR-COLOMBIA-WHOLESALE,8,84.0,672.0
ORD-004479,WCUST-00373,2025-08-25,REGULAR-PERU-WHOLESALE,4,84.0,336.0
ORD-004479,WCUST-00373,2025-08-25,REGULAR-GUATEMALA-RETAIL,2,14.0,28.0
ORD-004480,WCUST-00373,2025-09-11,REGULAR-GUATEMALA-WHOLESALE,3,84.0,252.0
ORD-004481,WCUST-00373,2025-10-06,REGULAR-PERU-WHOLESALE,8,84.0,672.0
ORD-004482,WCUST-00373,2025-10-29,REGULAR-GUATEMALA-WHOLESALE,6,84.0,504.0
ORD-004483,WCUST-00373,2025-11-14,REGULAR-GUATEMALA-WHOLESALE,6,84.0,504.0
ORD-004484,WCUST-00373,2025-12-05,REGULAR-GUATEMALA-WHOLESALE,4,84.0,336.0
ORD-004485,WCUST-00373,2025-12-25,REGULAR-BLEND-WHOLESALE,4,84.0,336.0
ORD-004486,WCUST-00373,2026-01-11,REGULAR-BLEND-WHOLESALE,6,84.0,504.0
ORD-004486,WCUST-00373,2026-01-11,DECAF-PERU-RETAIL,1,15.5,15.5
ORD-004487,WCUST-00373,2026-02-03,DECAF-COLOMBIA-WHOLESALE,6,93.0,558.0
ORD-004488,WCUST-00373,2026-02-18,REGULAR-PERU-WHOLESALE,8,84.0,672.0
ORD-004489,WCUST-00373,2026-03-05,REGULAR-COLOMBIA-WHOLESALE,3,84.0,252.0
ORD-004490,WCUST-00373,2026-03-23,DECAF-COLOMBIA-WHOLESALE,7,93.0,651.0
ORD-004491,WCUST-00373,2026-04-12,REGULAR-GUATEMALA-WHOLESALE,6,84.0,504.0
ORD-004491,WCUST-00373,2026-04-12,REGULAR-GUATEMALA-RETAIL,3,14.0,42.0
ORD-004492,WCUST-00373,2026-04-28,REGULAR-GUATEMALA-WHOLESALE,6,84.0,504.0
ORD-004493,WCUST-00373,2026-05-20,REGULAR-BLEND-WHOLESALE,3,84.0,252.0
ORD-004494,WCUST-00373,2026-06-15,REGULAR-BLEND-WHOLESALE,7,84.0,588.0
ORD-004495,WCUST-00373,2026-06-30,DECAF-COLOMBIA-WHOLESALE,6,93.0,558.0
ORD-004496,WCUST-00373,2026-07-18,DECAF-COLOMBIA-WHOLESALE,5,93.0,465.0
ORD-004497,WCUST-00373,2026-08-08,REGULAR-COLOMBIA-WHOLESALE,7,84.0,588.0
ORD-004498,WCUST-00373,2026-08-23,REGULAR-COLOMBIA-WHOLESALE,3,84.0,252.0
ORD-004499,WCUST-00373,2026-09-08,REGULAR-COLOMBIA-WHOLESALE,8,84.0,672.0
ORD-004500,WCUST-00374,2025-01-29,REGULAR-GUATEMALA-WHOLESALE,3,84.0,252.0
ORD-004501,WCUST-00374,2025-03-02,REGULAR-COLOMBIA-WHOLESALE,4,84.0,336.0
ORD-004502,WCUST-00374,2025-03-30,REGULAR-COLOMBIA-WHOLESALE,5,84.0,420.0
ORD-004503,WCUST-00374,2025-05-04,DECAF-BLEND-WHOLESALE,2,93.0,186.0
ORD-004504,WCUST-00374,2025-06-08,DECAF-BLEND-WHOLESALE,3,93.0,279.0
ORD-004505,WCUST-00374,2025-07-05,REGULAR-COLOMBIA-WHOLESALE,2,84.0,168.0
ORD-004506,WCUST-00374,2025-08-08,REGULAR-PERU-WHOLESALE,3,84.0,252.0
ORD-004507,WCUST-00374,2025-09-09,DECAF-GUATEMALA-WHOLESALE,3,93.0,279.0
ORD-004507,WCUST-00374,2025-09-09,DECAF-GUATEMALA-RETAIL,1,15.5,15.5
ORD-004508,WCUST-00374,2025-10-12,REGULAR-PERU-WHOLESALE,3,84.0,252.0
ORD-004509,WCUST-00374,2025-11-02,DECAF-PERU-WHOLESALE,3,93.0,279.0
ORD-004510,WCUST-00374,2025-11-26,REGULAR-BLEND-WHOLESALE,5,84.0,420.0
ORD-004511,WCUST-00374,2025-12-18,REGULAR-BLEND-WHOLESALE,4,84.0,336.0
ORD-004511,WCUST-00374,2025-12-18,DECAF-PERU-RETAIL,3,15.5,46.5
ORD-004512,WCUST-00374,2026-01-12,REGULAR-BLEND-WHOLESALE,4,84.0,336.0
ORD-004513,WCUST-00374,2026-02-14,REGULAR-PERU-WHOLESALE,4,84.0,336.0
ORD-004514,WCUST-00374,2026-03-07,REGULAR-GUATEMALA-WHOLESALE,4,84.0,336.0
ORD-004515,WCUST-00374,2026-03-27,REGULAR-GUATEMALA-WHOLESALE,4,84.0,336.0
ORD-004516,WCUST-00374,2026-04-27,REGULAR-GUATEMALA-WHOLESALE,4,84.0,336.0
ORD-004517,WCUST-00374,2026-05-18,REGULAR-BLEND-WHOLESALE,5,84.0,420.0
ORD-004518,WCUST-00374,2026-06-09,DECAF-COLOMBIA-WHOLESALE,2,93.0,186.0
ORD-004519,WCUST-00374,2026-06-29,REGULAR-BLEND-WHOLESALE,5,84.0,420.0
ORD-004519,WCUST-00374,2026-06-29,REGULAR-BLEND-RETAIL,2,14.0,28.0
ORD-004520,WCUST-00374,2026-07-25,DECAF-COLOMBIA-WHOLESALE,3,93.0,279.0
ORD-004521,WCUST-00374,2026-08-23,REGULAR-COLOMBIA-WHOLESALE,3,84.0,252.0
ORD-004522,WCUST-00375,2024-09-23,REGULAR-BLEND-WHOLESALE,4,84.0,336.0
ORD-004523,WCUST-00375,2024-10-14,REGULAR-GUATEMALA-WHOLESALE,5,84.0,420.0
ORD-004524,WCUST-00375,2024-11-15,REGULAR-GUATEMALA-WHOLESALE,4,84.0,336.0
ORD-004525,WCUST-00375,2024-12-17,REGULAR-GUATEMALA-WHOLESALE,4,84.0,336.0
ORD-004526,WCUST-00375,2025-01-08,DECAF-PERU-WHOLESALE,2,93.0,186.0
ORD-004527,WCUST-00375,2025-02-12,REGULAR-COLOMBIA-WHOLESALE,3,84.0,252.0
ORD-004527,WCUST-00375,2025-02-12,REGULAR-COLOMBIA-RETAIL,3,14.0,42.0
ORD-004528,WCUST-00375,2025-03-17,REGULAR-GUATEMALA-WHOLESALE,3,84.0,252.0
ORD-004529,WCUST-00375,2025-04-15,REGULAR-GUATEMALA-WHOLESALE,2,84.0,168.0
ORD-004529,WCUST-00375,2025-04-15,REGULAR-GUATEMALA-RETAIL,3,14.0,42.0
ORD-004530,WCUST-00375,2025-05-21,REGULAR-GUATEMALA-WHOLESALE,3,84.0,252.0
ORD-004531,WCUST-00375,2025-06-11,REGULAR-GUATEMALA-WHOLESALE,4,84.0,336.0
ORD-004532,WCUST-00375,2025-07-05,DECAF-BLEND-WHOLESALE,3,93.0,279.0
ORD-004533,WCUST-00375,2025-08-06,REGULAR-GUATEMALA-WHOLESALE,2,84.0,168.0
ORD-004534,WCUST-00375,2025-09-11,REGULAR-GUATEMALA-WHOLESALE,3,84.0,252.0
ORD-004535,WCUST-00375,2025-10-11,REGULAR-GUATEMALA-WHOLESALE,2,84.0,168.0
ORD-004536,WCUST-00375,2025-11-12,REGULAR-GUATEMALA-WHOLESALE,2,84.0,168.0
ORD-004537,WCUST-00375,2025-12-06,REGULAR-BLEND-WHOLESALE,3,84.0,252.0
ORD-004538,WCUST-00375,2026-01-05,REGULAR-PERU-WHOLESALE,5,84.0,420.0
ORD-004539,WCUST-00375,2026-02-04,REGULAR-BLEND-WHOLESALE,3,84.0,252.0
ORD-004540,WCUST-00375,2026-03-03,REGULAR-GUATEMALA-WHOLESALE,3,84.0,252.0
ORD-004541,WCUST-00375,2026-03-23,REGULAR-GUATEMALA-WHOLESALE,2,84.0,168.0
ORD-004542,WCUST-00375,2026-04-25,REGULAR-GUATEMALA-WHOLESALE,2,84.0,168.0
ORD-004542,WCUST-00375,2026-04-25,DECAF-COLOMBIA-RETAIL,3,15.5,46.5
ORD-004543,WCUST-00375,2026-05-21,REGULAR-BLEND-WHOLESALE,2,84.0,168.0
ORD-004544,WCUST-00375,2026-06-20,REGULAR-BLEND-WHOLESALE,2,84.0,168.0
ORD-004544,WCUST-00375,2026-06-20,REGULAR-BLEND-RETAIL,1,14.0,14.0
ORD-004545,WCUST-00375,2026-07-26,REGULAR-BLEND-WHOLESALE,5,84.0,420.0
ORD-004546,WCUST-00375,2026-08-25,REGULAR-COLOMBIA-WHOLESALE,3,84.0,252.0
ORD-004546,WCUST-00375,2026-08-25,REGULAR-COLOMBIA-RETAIL,1,14.0,14.0
ORD-004547,WCUST-00376,2026-03-20,REGULAR-GUATEMALA-WHOLESALE,8,84.0,672.0
ORD-004548,WCUST-00376,2026-04-05,DECAF-COLOMBIA-WHOLESALE,7,93.0,651.0
ORD-004549,WCUST-00376,2026-04-28,REGULAR-GUATEMALA-WHOLESALE,4,84.0,336.0
ORD-004550,WCUST-00377,2024-08-27,REGULAR-PERU-WHOLESALE,2,84.0,168.0
ORD-004551,WCUST-00377,2024-09-21,REGULAR-PERU-WHOLESALE,2,84.0,168.0
ORD-004552,WCUST-00377,2024-10-17,REGULAR-GUATEMALA-WHOLESALE,2,84.0,168.0
ORD-004553,WCUST-00377,2024-11-09,REGULAR-GUATEMALA-WHOLESALE,2,84.0,168.0
ORD-004554,WCUST-00377,2024-12-08,REGULAR-GUATEMALA-WHOLESALE,5,84.0,420.0
ORD-004555,WCUST-00377,2025-01-01,REGULAR-GUATEMALA-WHOLESALE,2,84.0,168.0
ORD-004555,WCUST-00377,2025-01-01,REGULAR-GUATEMALA-RETAIL,2,14.0,28.0
ORD-004556,WCUST-00377,2025-02-02,REGULAR-GUATEMALA-WHOLESALE,2,84.0,168.0
ORD-004557,WCUST-00377,2025-03-07,DECAF-BLEND-WHOLESALE,3,93.0,279.0
ORD-004558,WCUST-00377,2025-04-01,REGULAR-GUATEMALA-WHOLESALE,2,84.0,168.0
ORD-004559,WCUST-00377,2025-04-21,REGULAR-GUATEMALA-WHOLESALE,5,84.0,420.0
ORD-004560,WCUST-00377,2025-05-12,REGULAR-GUATEMALA-WHOLESALE,2,84.0,168.0
ORD-004561,WCUST-00377,2025-06-05,REGULAR-GUATEMALA-WHOLESALE,5,84.0,420.0
ORD-004562,WCUST-00377,2025-07-02,REGULAR-COLOMBIA-WHOLESALE,3,84.0,252.0
ORD-004563,WCUST-00377,2025-08-05,REGULAR-PERU-WHOLESALE,2,84.0,168.0
ORD-004564,WCUST-00377,2025-09-06,REGULAR-GUATEMALA-WHOLESALE,2,84.0,168.0
ORD-004565,WCUST-00378,2025-07-23,REGULAR-COLOMBIA-WHOLESALE,1,84.0,84.0
ORD-004566,WCUST-00378,2025-09-17,REGULAR-GUATEMALA-WHOLESALE,2,84.0,168.0
ORD-004567,WCUST-00378,2025-11-06,REGULAR-BLEND-WHOLESALE,1,84.0,84.0
ORD-004568,WCUST-00378,2026-01-09,REGULAR-BLEND-WHOLESALE,3,84.0,252.0
ORD-004569,WCUST-00378,2026-03-16,REGULAR-GUATEMALA-WHOLESALE,1,84.0,84.0
ORD-004570,WCUST-00378,2026-05-21,REGULAR-BLEND-WHOLESALE,2,84.0,168.0
ORD-004571,WCUST-00378,2026-07-23,REGULAR-COLOMBIA-WHOLESALE,3,84.0,252.0
ORD-004572,WCUST-00378,2026-09-08,REGULAR-COLOMBIA-WHOLESALE,3,84.0,252.0
ORD-004573,WCUST-00380,2026-02-10,DECAF-COLOMBIA-WHOLESALE,3,93.0,279.0
ORD-004574,WCUST-00380,2026-03-04,REGULAR-GUATEMALA-WHOLESALE,4,84.0,336.0
ORD-004575,WCUST-00380,2026-04-04,REGULAR-GUATEMALA-WHOLESALE,5,84.0,420.0
ORD-004575,WCUST-00380,2026-04-04,REGULAR-GUATEMALA-RETAIL,2,14.0,28.0
ORD-004576,WCUST-00380,2026-04-24,REGULAR-GUATEMALA-WHOLESALE,2,84.0,168.0
ORD-004577,WCUST-00380,2026-05-20,REGULAR-BLEND-WHOLESALE,2,84.0,168.0
ORD-004578,WCUST-00380,2026-06-20,REGULAR-BLEND-WHOLESALE,4,84.0,336.0
ORD-004578,WCUST-00380,2026-06-20,REGULAR-BLEND-RETAIL,1,14.0,14.0
ORD-004579,WCUST-00380,2026-07-22,REGULAR-BLEND-WHOLESALE,2,84.0,168.0
ORD-004580,WCUST-00380,2026-08-18,REGULAR-BLEND-WHOLESALE,3,84.0,252.0
ORD-004581,WCUST-00381,2025-07-14,REGULAR-COLOMBIA-WHOLESALE,3,84.0,252.0
ORD-004582,WCUST-00381,2025-08-18,DECAF-GUATEMALA-WHOLESALE,2,93.0,186.0
ORD-004583,WCUST-00381,2025-09-09,REGULAR-GUATEMALA-WHOLESALE,2,84.0,168.0
ORD-004583,WCUST-00381,2025-09-09,REGULAR-GUATEMALA-RETAIL,2,14.0,28.0
ORD-004584,WCUST-00381,2025-10-09,REGULAR-GUATEMALA-WHOLESALE,2,84.0,168.0
ORD-004585,WCUST-00381,2025-11-05,REGULAR-GUATEMALA-WHOLESALE,3,84.0,252.0
ORD-004586,WCUST-00381,2025-12-09,REGULAR-BLEND-WHOLESALE,2,84.0,168.0
ORD-004587,WCUST-00381,2026-01-05,REGULAR-PERU-WHOLESALE,5,84.0,420.0
ORD-004588,WCUST-00381,2026-01-26,REGULAR-BLEND-WHOLESALE,5,84.0,420.0
ORD-004589,WCUST-00381,2026-02-20,REGULAR-BLEND-WHOLESALE,3,84.0,252.0
ORD-004590,WCUST-00381,2026-03-22,REGULAR-GUATEMALA-WHOLESALE,3,84.0,252.0
ORD-004591,WCUST-00381,2026-04-20,REGULAR-GUATEMALA-WHOLESALE,3,84.0,252.0
ORD-004592,WCUST-00381,2026-05-20,REGULAR-BLEND-WHOLESALE,3,84.0,252.0
ORD-004593,WCUST-00381,2026-06-13,REGULAR-BLEND-WHOLESALE,4,84.0,336.0
ORD-004593,WCUST-00381,2026-06-13,DECAF-COLOMBIA-RETAIL,1,15.5,15.5
ORD-004594,WCUST-00381,2026-07-05,REGULAR-COLOMBIA-WHOLESALE,3,84.0,252.0
ORD-004595,WCUST-00381,2026-08-07,REGULAR-BLEND-WHOLESALE,4,84.0,336.0
ORD-004596,WCUST-00381,2026-08-27,REGULAR-BLEND-WHOLESALE,2,84.0,168.0
ORD-004597,WCUST-00382,2026-06-15,REGULAR-BLEND-WHOLESALE,8,84.0,672.0
ORD-004597,WCUST-00382,2026-06-15,REGULAR-BLEND-RETAIL,3,14.0,42.0
ORD-004598,WCUST-00382,2026-07-07,REGULAR-BLEND-WHOLESALE,3,84.0,252.0
ORD-004599,WCUST-00383,2026-08-11,DECAF-BLEND-WHOLESALE,9,93.0,837.0
ORD-004600,WCUST-00385,2025-01-23,REGULAR-GUATEMALA-WHOLESALE,3,84.0,252.0
ORD-004601,WCUST-00385,2025-02-11,REGULAR-COLOMBIA-WHOLESALE,5,84.0,420.0
ORD-004601,WCUST-00385,2025-02-11,REGULAR-GUATEMALA-RETAIL,3,14.0,42.0
ORD-004602,WCUST-00385,2025-03-10,REGULAR-COLOMBIA-WHOLESALE,6,84.0,504.0
ORD-004603,WCUST-00385,2025-04-01,REGULAR-GUATEMALA-WHOLESALE,7,84.0,588.0
ORD-004603,WCUST-00385,2025-04-01,REGULAR-GUATEMALA-RETAIL,1,14.0,14.0
ORD-004604,WCUST-00385,2025-04-26,REGULAR-GUATEMALA-WHOLESALE,4,84.0,336.0
ORD-004605,WCUST-00385,2025-05-11,REGULAR-GUATEMALA-WHOLESALE,3,84.0,252.0
ORD-004605,WCUST-00385,2025-05-11,REGULAR-GUATEMALA-RETAIL,1,14.0,14.0
ORD-004606,WCUST-00385,2025-05-31,REGULAR-GUATEMALA-WHOLESALE,5,84.0,420.0
ORD-004607,WCUST-00385,2025-06-17,REGULAR-GUATEMALA-WHOLESALE,7,84.0,588.0
ORD-004608,WCUST-00385,2025-07-11,REGULAR-COLOMBIA-WHOLESALE,3,84.0,252.0
ORD-004609,WCUST-00385,2025-08-06,REGULAR-GUATEMALA-WHOLESALE,7,84.0,588.0
ORD-004610,WCUST-00385,2025-09-02,REGULAR-GUATEMALA-WHOLESALE,4,84.0,336.0
ORD-004611,WCUST-00385,2025-09-22,REGULAR-PERU-WHOLESALE,7,84.0,588.0
ORD-004612,WCUST-00385,2025-10-11,REGULAR-GUATEMALA-WHOLESALE,6,84.0,504.0
ORD-004612,WCUST-00385,2025-10-11,REGULAR-GUATEMALA-RETAIL,1,14.0,14.0
ORD-004613,WCUST-00385,2025-11-07,REGULAR-BLEND-WHOLESALE,5,84.0,420.0
ORD-004614,WCUST-00385,2025-11-26,DECAF-PERU-WHOLESALE,3,93.0,279.0
ORD-004615,WCUST-00385,2025-12-11,REGULAR-GUATEMALA-WHOLESALE,8,84.0,672.0
ORD-004616,WCUST-00385,2026-01-01,REGULAR-PERU-WHOLESALE,6,84.0,504.0
ORD-004617,WCUST-00385,2026-01-22,REGULAR-BLEND-WHOLESALE,3,84.0,252.0
ORD-004618,WCUST-00385,2026-02-11,DECAF-COLOMBIA-WHOLESALE,7,93.0,651.0
ORD-004619,WCUST-00385,2026-03-05,REGULAR-GUATEMALA-WHOLESALE,7,84.0,588.0
ORD-004620,WCUST-00385,2026-03-31,REGULAR-GUATEMALA-WHOLESALE,8,84.0,672.0
ORD-004621,WCUST-00385,2026-04-16,REGULAR-GUATEMALA-WHOLESALE,7,84.0,588.0
ORD-004622,WCUST-00385,2026-05-03,REGULAR-BLEND-WHOLESALE,5,84.0,420.0
ORD-004623,WCUST-00385,2026-05-27,REGULAR-BLEND-WHOLESALE,7,84.0,588.0
ORD-004624,WCUST-00385,2026-06-20,REGULAR-BLEND-WHOLESALE,7,84.0,588.0
ORD-004625,WCUST-00385,2026-07-15,REGULAR-BLEND-WHOLESALE,7,84.0,588.0
ORD-004626,WCUST-00385,2026-08-07,REGULAR-BLEND-WHOLESALE,5,84.0,420.0
ORD-004627,WCUST-00385,2026-08-22,REGULAR-COLOMBIA-WHOLESALE,6,84.0,504.0
ORD-004628,WCUST-00385,2026-09-08,DECAF-BLEND-WHOLESALE,5,93.0,465.0
ORD-004629,WCUST-00386,2026-08-07,DECAF-BLEND-WHOLESALE,3,93.0,279.0
ORD-004629,WCUST-00386,2026-08-07,DECAF-BLEND-RETAIL,1,15.5,15.5
ORD-004630,WCUST-00386,2026-09-06,REGULAR-BLEND-WHOLESALE,4,84.0,336.0
ORD-004631,WCUST-00387,2025-05-20,REGULAR-GUATEMALA-WHOLESALE,3,84.0,252.0
ORD-004631,WCUST-00387,2025-05-20,REGULAR-GUATEMALA-RETAIL,1,14.0,14.0
ORD-004632,WCUST-00387,2025-06-11,REGULAR-GUATEMALA-WHOLESALE,8,84.0,672.0
ORD-004633,WCUST-00387,2025-06-29,REGULAR-GUATEMALA-WHOLESALE,6,84.0,504.0
ORD-004634,WCUST-00387,2025-07-16,REGULAR-COLOMBIA-WHOLESALE,8,84.0,672.0
ORD-004635,WCUST-00387,2025-07-31,REGULAR-COLOMBIA-WHOLESALE,7,84.0,588.0
ORD-004636,WCUST-00387,2025-08-23,REGULAR-GUATEMALA-WHOLESALE,7,84.0,588.0
ORD-004637,WCUST-00387,2025-09-15,REGULAR-GUATEMALA-WHOLESALE,5,84.0,420.0
ORD-004638,WCUST-00387,2025-10-07,REGULAR-GUATEMALA-WHOLESALE,7,84.0,588.0
ORD-004638,WCUST-00387,2025-10-07,REGULAR-PERU-RETAIL,2,14.0,28.0
ORD-004639,WCUST-00387,2025-10-27,REGULAR-GUATEMALA-WHOLESALE,3,84.0,252.0
ORD-004640,WCUST-00387,2025-11-15,REGULAR-BLEND-WHOLESALE,7,84.0,588.0
ORD-004641,WCUST-00387,2025-12-03,REGULAR-BLEND-WHOLESALE,3,84.0,252.0
ORD-004641,WCUST-00387,2025-12-03,REGULAR-GUATEMALA-RETAIL,2,14.0,28.0
ORD-004642,WCUST-00387,2025-12-30,REGULAR-BLEND-WHOLESALE,8,84.0,672.0
ORD-004643,WCUST-00387,2026-01-26,REGULAR-BLEND-WHOLESALE,7,84.0,588.0
ORD-004644,WCUST-00387,2026-02-14,REGULAR-BLEND-WHOLESALE,7,84.0,588.0
ORD-004645,WCUST-00387,2026-03-04,REGULAR-GUATEMALA-WHOLESALE,5,84.0,420.0
ORD-004646,WCUST-00387,2026-03-25,REGULAR-COLOMBIA-WHOLESALE,8,84.0,672.0
ORD-004646,WCUST-00387,2026-03-25,REGULAR-GUATEMALA-RETAIL,2,14.0,28.0
ORD-004647,WCUST-00387,2026-04-18,REGULAR-GUATEMALA-WHOLESALE,8,84.0,672.0
ORD-004648,WCUST-00387,2026-05-06,REGULAR-BLEND-WHOLESALE,7,84.0,588.0
ORD-004649,WCUST-00387,2026-05-25,REGULAR-BLEND-WHOLESALE,6,84.0,504.0
ORD-004650,WCUST-00387,2026-06-15,REGULAR-BLEND-WHOLESALE,3,84.0,252.0
ORD-004651,WCUST-00387,2026-07-09,REGULAR-BLEND-WHOLESALE,8,84.0,672.0
ORD-004652,WCUST-00387,2026-07-30,REGULAR-BLEND-WHOLESALE,6,84.0,504.0
ORD-004653,WCUST-00387,2026-08-16,REGULAR-BLEND-WHOLESALE,7,84.0,588.0
ORD-004654,WCUST-00387,2026-09-07,REGULAR-COLOMBIA-WHOLESALE,5,84.0,420.0
ORD-004655,WCUST-00389,2025-01-17,REGULAR-GUATEMALA-WHOLESALE,3,84.0,252.0
ORD-004656,WCUST-00389,2025-02-12,REGULAR-GUATEMALA-WHOLESALE,3,84.0,252.0
ORD-004657,WCUST-00389,2025-03-08,REGULAR-COLOMBIA-WHOLESALE,7,84.0,588.0
ORD-004658,WCUST-00389,2025-03-24,REGULAR-COLOMBIA-WHOLESALE,7,84.0,588.0
ORD-004659,WCUST-00389,2025-04-10,DECAF-BLEND-WHOLESALE,8,93.0,744.0
ORD-004660,WCUST-00389,2025-04-28,REGULAR-GUATEMALA-WHOLESALE,6,84.0,504.0
ORD-004661,WCUST-00389,2025-05-14,REGULAR-GUATEMALA-WHOLESALE,3,84.0,252.0
ORD-004662,WCUST-00389,2025-06-04,REGULAR-GUATEMALA-WHOLESALE,6,84.0,504.0
ORD-004662,WCUST-00389,2025-06-04,REGULAR-GUATEMALA-RETAIL,2,14.0,28.0
ORD-004663,WCUST-00389,2025-06-28,REGULAR-GUATEMALA-WHOLESALE,3,84.0,252.0
ORD-004664,WCUST-00389,2025-07-21,REGULAR-COLOMBIA-WHOLESALE,8,84.0,672.0
ORD-004664,WCUST-00389,2025-07-21,REGULAR-COLOMBIA-RETAIL,3,14.0,42.0
ORD-004665,WCUST-00389,2025-08-14,REGULAR-GUATEMALA-WHOLESALE,5,84.0,420.0
ORD-004666,WCUST-00389,2025-08-31,REGULAR-GUATEMALA-WHOLESALE,7,84.0,588.0
ORD-004667,WCUST-00389,2025-09-21,REGULAR-PERU-WHOLESALE,7,84.0,588.0
ORD-004668,WCUST-00389,2025-10-08,REGULAR-PERU-WHOLESALE,7,84.0,588.0
ORD-004669,WCUST-00389,2025-11-02,REGULAR-GUATEMALA-WHOLESALE,7,84.0,588.0
ORD-004670,WCUST-00389,2025-11-20,DECAF-PERU-WHOLESALE,3,93.0,279.0
ORD-004671,WCUST-00389,2025-12-17,DECAF-PERU-WHOLESALE,6,93.0,558.0
ORD-004671,WCUST-00389,2025-12-17,REGULAR-GUATEMALA-RETAIL,1,14.0,14.0
ORD-004672,WCUST-00389,2026-01-12,REGULAR-BLEND-WHOLESALE,6,84.0,504.0
ORD-004673,WCUST-00389,2026-02-08,REGULAR-PERU-WHOLESALE,4,84.0,336.0
ORD-004674,WCUST-00389,2026-03-03,REGULAR-COLOMBIA-WHOLESALE,5,84.0,420.0
ORD-004675,WCUST-00389,2026-03-25,REGULAR-COLOMBIA-WHOLESALE,6,84.0,504.0
ORD-004676,WCUST-00389,2026-04-16,REGULAR-GUATEMALA-WHOLESALE,7,84.0,588.0
ORD-004677,WCUST-00389,2026-05-06,REGULAR-BLEND-WHOLESALE,6,84.0,504.0
ORD-004678,WCUST-00389,2026-05-29,DECAF-PERU-WHOLESALE,7,93.0,651.0
ORD-004679,WCUST-00389,2026-06-22,REGULAR-BLEND-WHOLESALE,7,84.0,588.0
ORD-004680,WCUST-00389,2026-07-16,REGULAR-BLEND-WHOLESALE,6,84.0,504.0
ORD-004681,WCUST-00389,2026-08-02,REGULAR-COLOMBIA-WHOLESALE,5,84.0,420.0
ORD-004681,WCUST-00389,2026-08-02,REGULAR-BLEND-RETAIL,1,14.0,14.0
ORD-004682,WCUST-00389,2026-08-28,REGULAR-COLOMBIA-WHOLESALE,5,84.0,420.0
ORD-004682,WCUST-00389,2026-08-28,REGULAR-BLEND-RETAIL,3,14.0,42.0
ORD-004683,WCUST-00390,2026-06-10,REGULAR-BLEND-WHOLESALE,5,84.0,420.0
ORD-004684,WCUST-00390,2026-06-26,REGULAR-BLEND-WHOLESALE,4,84.0,336.0
ORD-004685,WCUST-00390,2026-07-11,REGULAR-COLOMBIA-WHOLESALE,4,84.0,336.0
ORD-004686,WCUST-00390,2026-08-07,REGULAR-BLEND-WHOLESALE,8,84.0,672.0
ORD-004687,WCUST-00390,2026-08-29,REGULAR-BLEND-WHOLESALE,5,84.0,420.0
ORD-004688,WCUST-00391,2025-06-07,REGULAR-GUATEMALA-WHOLESALE,5,84.0,420.0
ORD-004689,WCUST-00391,2025-06-28,REGULAR-GUATEMALA-WHOLESALE,6,84.0,504.0
ORD-004690,WCUST-00391,2025-07-22,REGULAR-COLOMBIA-WHOLESALE,6,84.0,504.0
ORD-004690,WCUST-00391,2025-07-22,REGULAR-COLOMBIA-RETAIL,1,14.0,14.0
ORD-004691,WCUST-00391,2025-08-12,REGULAR-PERU-WHOLESALE,3,84.0,252.0
ORD-004692,WCUST-00391,2025-09-07,REGULAR-PERU-WHOLESALE,3,84.0,252.0
ORD-004693,WCUST-00391,2025-09-28,REGULAR-PERU-WHOLESALE,3,84.0,252.0
ORD-004693,WCUST-00391,2025-09-28,REGULAR-GUATEMALA-RETAIL,3,14.0,42.0
ORD-004694,WCUST-00391,2025-10-18,REGULAR-GUATEMALA-WHOLESALE,5,84.0,420.0
ORD-004695,WCUST-00391,2025-11-13,REGULAR-BLEND-WHOLESALE,3,84.0,252.0
ORD-004696,WCUST-00391,2025-12-04,REGULAR-GUATEMALA-WHOLESALE,3,84.0,252.0
ORD-004696,WCUST-00391,2025-12-04,REGULAR-GUATEMALA-RETAIL,3,14.0,42.0
ORD-004697,WCUST-00391,2025-12-21,REGULAR-BLEND-WHOLESALE,8,84.0,672.0
ORD-004698,WCUST-00391,2026-01-15,REGULAR-BLEND-WHOLESALE,4,84.0,336.0
ORD-004698,WCUST-00391,2026-01-15,REGULAR-PERU-RETAIL,2,14.0,28.0
ORD-004699,WCUST-00391,2026-02-02,REGULAR-PERU-WHOLESALE,6,84.0,504.0
ORD-004700,WCUST-00391,2026-03-01,REGULAR-GUATEMALA-WHOLESALE,4,84.0,336.0
ORD-004700,WCUST-00391,2026-03-01,REGULAR-GUATEMALA-RETAIL,2,14.0,28.0
ORD-004701,WCUST-00391,2026-03-25,REGULAR-COLOMBIA-WHOLESALE,7,84.0,588.0
ORD-004702,WCUST-00391,2026-04-09,REGULAR-GUATEMALA-WHOLESALE,8,84.0,672.0
ORD-004703,WCUST-00391,2026-04-27,REGULAR-GUATEMALA-WHOLESALE,7,84.0,588.0
ORD-004704,WCUST-00391,2026-05-19,REGULAR-BLEND-WHOLESALE,7,84.0,588.0
ORD-004705,WCUST-00391,2026-06-09,DECAF-COLOMBIA-WHOLESALE,8,93.0,744.0
ORD-004705,WCUST-00391,2026-06-09,REGULAR-BLEND-RETAIL,2,14.0,28.0
ORD-004706,WCUST-00391,2026-06-27,REGULAR-BLEND-WHOLESALE,8,84.0,672.0
ORD-004707,WCUST-00391,2026-07-16,REGULAR-COLOMBIA-WHOLESALE,4,84.0,336.0
ORD-004708,WCUST-00391,2026-08-04,DECAF-BLEND-WHOLESALE,8,93.0,744.0
ORD-004709,WCUST-00391,2026-08-23,REGULAR-COLOMBIA-WHOLESALE,6,84.0,504.0
ORD-004710,WCUST-00392,2025-10-24,REGULAR-PERU-WHOLESALE,8,84.0,672.0
ORD-004711,WCUST-00392,2025-12-03,REGULAR-BLEND-WHOLESALE,6,84.0,504.0
ORD-004712,WCUST-00392,2026-01-06,REGULAR-BLEND-WHOLESALE,9,84.0,756.0
ORD-004713,WCUST-00392,2026-02-08,REGULAR-PERU-WHOLESALE,9,84.0,756.0
ORD-004714,WCUST-00392,2026-03-25,REGULAR-GUATEMALA-WHOLESALE,6,84.0,504.0
ORD-004715,WCUST-00392,2026-04-28,REGULAR-GUATEMALA-WHOLESALE,10,84.0,840.0
ORD-004715,WCUST-00392,2026-04-28,DECAF-COLOMBIA-RETAIL,3,15.5,46.5
ORD-004716,WCUST-00392,2026-06-08,REGULAR-BLEND-WHOLESALE,4,84.0,336.0
ORD-004716,WCUST-00392,2026-06-08,REGULAR-BLEND-RETAIL,2,14.0,28.0
ORD-004717,WCUST-00392,2026-07-09,REGULAR-BLEND-WHOLESALE,5,84.0,420.0
ORD-004718,WCUST-00392,2026-08-07,DECAF-BLEND-WHOLESALE,7,93.0,651.0
ORD-004719,WCUST-00392,2026-09-05,REGULAR-COLOMBIA-WHOLESALE,6,84.0,504.0
ORD-004720,WCUST-00393,2025-11-05,REGULAR-BLEND-WHOLESALE,5,84.0,420.0
ORD-004721,WCUST-00393,2025-12-15,REGULAR-BLEND-WHOLESALE,9,84.0,756.0
ORD-004721,WCUST-00393,2025-12-15,REGULAR-GUATEMALA-RETAIL,2,14.0,28.0
ORD-004722,WCUST-00393,2026-01-26,REGULAR-PERU-WHOLESALE,5,84.0,420.0
ORD-004723,WCUST-00393,2026-03-02,REGULAR-COLOMBIA-WHOLESALE,4,84.0,336.0
ORD-004723,WCUST-00393,2026-03-02,REGULAR-COLOMBIA-RETAIL,2,14.0,28.0
ORD-004724,WCUST-00393,2026-04-04,REGULAR-GUATEMALA-WHOLESALE,4,84.0,336.0
ORD-004725,WCUST-00393,2026-05-08,REGULAR-BLEND-WHOLESALE,10,84.0,840.0
ORD-004726,WCUST-00393,2026-06-06,REGULAR-BLEND-WHOLESALE,10,84.0,840.0
ORD-004727,WCUST-00393,2026-07-05,REGULAR-BLEND-WHOLESALE,7,84.0,588.0
ORD-004727,WCUST-00393,2026-07-05,REGULAR-COLOMBIA-RETAIL,3,14.0,42.0
ORD-004728,WCUST-00393,2026-07-30,REGULAR-COLOMBIA-WHOLESALE,8,84.0,672.0
ORD-004729,WCUST-00393,2026-08-26,REGULAR-BLEND-WHOLESALE,6,84.0,504.0
ORD-004730,WCUST-00394,2025-03-01,REGULAR-COLOMBIA-WHOLESALE,3,84.0,252.0
ORD-004731,WCUST-00394,2025-03-25,DECAF-BLEND-WHOLESALE,6,93.0,558.0
ORD-004732,WCUST-00394,2025-04-15,REGULAR-GUATEMALA-WHOLESALE,7,84.0,588.0
ORD-004733,WCUST-00394,2025-05-11,REGULAR-GUATEMALA-WHOLESALE,8,84.0,672.0
ORD-004734,WCUST-00394,2025-05-30,REGULAR-GUATEMALA-WHOLESALE,4,84.0,336.0
ORD-004735,WCUST-00394,2025-06-14,REGULAR-GUATEMALA-WHOLESALE,3,84.0,252.0
ORD-004735,WCUST-00394,2025-06-14,REGULAR-GUATEMALA-RETAIL,1,14.0,14.0
ORD-004736,WCUST-00394,2025-07-08,REGULAR-COLOMBIA-WHOLESALE,4,84.0,336.0
ORD-004737,WCUST-00394,2025-07-26,REGULAR-COLOMBIA-WHOLESALE,6,84.0,504.0
ORD-004738,WCUST-00394,2025-08-15,REGULAR-PERU-WHOLESALE,5,84.0,420.0
ORD-004739,WCUST-00394,2025-09-01,REGULAR-PERU-WHOLESALE,7,84.0,588.0
ORD-004739,WCUST-00394,2025-09-01,REGULAR-PERU-RETAIL,3,14.0,42.0
ORD-004740,WCUST-00394,2025-09-26,REGULAR-PERU-WHOLESALE,4,84.0,336.0
ORD-004740,WCUST-00394,2025-09-26,REGULAR-PERU-RETAIL,1,14.0,14.0
ORD-004741,WCUST-00394,2025-10-12,REGULAR-GUATEMALA-WHOLESALE,4,84.0,336.0
ORD-004742,WCUST-00394,2025-11-02,REGULAR-BLEND-WHOLESALE,4,84.0,336.0
ORD-004743,WCUST-00395,2026-03-03,REGULAR-COLOMBIA-WHOLESALE,4,84.0,336.0
ORD-004744,WCUST-00395,2026-04-01,REGULAR-GUATEMALA-WHOLESALE,2,84.0,168.0
ORD-004745,WCUST-00395,2026-05-07,REGULAR-BLEND-WHOLESALE,5,84.0,420.0
ORD-004746,WCUST-00395,2026-06-11,REGULAR-BLEND-WHOLESALE,2,84.0,168.0
ORD-004746,WCUST-00395,2026-06-11,REGULAR-BLEND-RETAIL,2,14.0,28.0
ORD-004747,WCUST-00395,2026-07-04,REGULAR-COLOMBIA-WHOLESALE,4,84.0,336.0
ORD-004748,WCUST-00395,2026-08-08,REGULAR-COLOMBIA-WHOLESALE,5,84.0,420.0
ORD-004749,WCUST-00395,2026-09-04,DECAF-BLEND-WHOLESALE,2,93.0,186.0
ORD-004750,WCUST-00396,2026-08-02,REGULAR-BLEND-WHOLESALE,5,84.0,420.0
ORD-004751,WCUST-00397,2025-07-05,REGULAR-COLOMBIA-WHOLESALE,3,84.0,252.0
ORD-004752,WCUST-00397,2025-08-05,REGULAR-PERU-WHOLESALE,2,84.0,168.0
ORD-004753,WCUST-00397,2025-08-29,REGULAR-GUATEMALA-WHOLESALE,2,84.0,168.0
ORD-004754,WCUST-00397,2025-09-28,REGULAR-PERU-WHOLESALE,4,84.0,336.0
ORD-004755,WCUST-00397,2025-10-21,DECAF-GUATEMALA-WHOLESALE,4,93.0,372.0
ORD-004756,WCUST-00397,2025-11-11,REGULAR-BLEND-WHOLESALE,4,84.0,336.0
ORD-004756,WCUST-00397,2025-11-11,REGULAR-BLEND-RETAIL,2,14.0,28.0
ORD-004757,WCUST-00397,2025-12-05,REGULAR-GUATEMALA-WHOLESALE,4,84.0,336.0
ORD-004758,WCUST-00397,2026-01-07,REGULAR-BLEND-WHOLESALE,4,84.0,336.0
ORD-004759,WCUST-00397,2026-02-07,REGULAR-BLEND-WHOLESALE,2,84.0,168.0
ORD-004760,WCUST-00397,2026-02-28,REGULAR-BLEND-WHOLESALE,4,84.0,336.0
ORD-004761,WCUST-00397,2026-03-28,REGULAR-COLOMBIA-WHOLESALE,3,84.0,252.0
ORD-004762,WCUST-00397,2026-04-21,REGULAR-GUATEMALA-WHOLESALE,2,84.0,168.0
ORD-004763,WCUST-00397,2026-05-11,REGULAR-BLEND-WHOLESALE,4,84.0,336.0
ORD-004764,WCUST-00397,2026-06-02,REGULAR-BLEND-WHOLESALE,2,84.0,168.0
ORD-004765,WCUST-00397,2026-06-25,REGULAR-BLEND-WHOLESALE,4,84.0,336.0
ORD-004766,WCUST-00397,2026-07-22,REGULAR-COLOMBIA-WHOLESALE,3,84.0,252.0
ORD-004767,WCUST-00397,2026-08-15,REGULAR-COLOMBIA-WHOLESALE,3,84.0,252.0
ORD-004767,WCUST-00397,2026-08-15,DECAF-BLEND-RETAIL,1,15.5,15.5
ORD-004768,WCUST-00397,2026-09-06,REGULAR-BLEND-WHOLESALE,5,84.0,420.0
ORD-004769,WCUST-00398,2024-01-21,REGULAR-COLOMBIA-WHOLESALE,5,84.0,420.0
ORD-004770,WCUST-00398,2024-02-26,REGULAR-COLOMBIA-WHOLESALE,4,84.0,336.0
ORD-004771,WCUST-00398,2024-03-23,REGULAR-COLOMBIA-WHOLESALE,3,84.0,252.0
ORD-004772,WCUST-00398,2024-04-20,DECAF-GUATEMALA-WHOLESALE,2,93.0,186.0
ORD-004773,WCUST-00398,2024-05-22,REGULAR-BLEND-WHOLESALE,3,84.0,252.0
ORD-004774,WCUST-00398,2024-06-21,REGULAR-BLEND-WHOLESALE,3,84.0,252.0
ORD-004775,WCUST-00398,2024-07-14,REGULAR-BLEND-WHOLESALE,2,84.0,168.0
ORD-004776,WCUST-00398,2024-08-16,REGULAR-BLEND-WHOLESALE,2,84.0,168.0
ORD-004777,WCUST-00398,2024-09-13,REGULAR-BLEND-WHOLESALE,3,84.0,252.0
ORD-004778,WCUST-00398,2024-10-18,REGULAR-GUATEMALA-WHOLESALE,4,84.0,336.0
ORD-004779,WCUST-00398,2024-11-20,REGULAR-GUATEMALA-WHOLESALE,4,84.0,336.0
ORD-004780,WCUST-00398,2024-12-20,REGULAR-GUATEMALA-WHOLESALE,3,84.0,252.0
ORD-004780,WCUST-00398,2024-12-20,REGULAR-GUATEMALA-RETAIL,2,14.0,28.0
ORD-004781,WCUST-00398,2025-01-12,REGULAR-GUATEMALA-WHOLESALE,2,84.0,168.0
ORD-004781,WCUST-00398,2025-01-12,REGULAR-GUATEMALA-RETAIL,3,14.0,42.0
ORD-004782,WCUST-00398,2025-02-05,REGULAR-COLOMBIA-WHOLESALE,4,84.0,336.0
ORD-004782,WCUST-00398,2025-02-05,DECAF-BLEND-RETAIL,2,15.5,31.0
ORD-004783,WCUST-00398,2025-03-13,REGULAR-GUATEMALA-WHOLESALE,3,84.0,252.0
ORD-004784,WCUST-00399,2025-03-30,REGULAR-COLOMBIA-WHOLESALE,4,84.0,336.0
ORD-004785,WCUST-00399,2025-04-20,REGULAR-GUATEMALA-WHOLESALE,3,84.0,252.0
ORD-004786,WCUST-00399,2025-05-21,REGULAR-GUATEMALA-WHOLESALE,4,84.0,336.0
ORD-004787,WCUST-00399,2025-06-21,REGULAR-GUATEMALA-WHOLESALE,5,84.0,420.0
ORD-004788,WCUST-00399,2025-07-16,REGULAR-COLOMBIA-WHOLESALE,5,84.0,420.0
ORD-004789,WCUST-00400,2026-03-24,REGULAR-COLOMBIA-WHOLESALE,9,84.0,756.0
ORD-004790,WCUST-00400,2026-04-27,REGULAR-GUATEMALA-WHOLESALE,4,84.0,336.0
ORD-004791,WCUST-00400,2026-06-04,REGULAR-BLEND-WHOLESALE,6,84.0,504.0
ORD-004792,WCUST-00400,2026-07-04,REGULAR-BLEND-WHOLESALE,6,84.0,504.0
ORD-004793,WCUST-00400,2026-08-11,REGULAR-BLEND-WHOLESALE,10,84.0,840.0
ORD-004794,WCUST-00401,2025-03-28,REGULAR-COLOMBIA-WHOLESALE,4,84.0,336.0
ORD-004795,WCUST-00401,2025-04-25,REGULAR-GUATEMALA-WHOLESALE,3,84.0,252.0
ORD-004796,WCUST-00401,2025-05-20,REGULAR-GUATEMALA-WHOLESALE,4,84.0,336.0
ORD-004797,WCUST-00401,2025-06-20,DECAF-BLEND-WHOLESALE,4,93.0,372.0
ORD-004798,WCUST-00401,2025-07-14,DECAF-BLEND-WHOLESALE,5,93.0,465.0
ORD-004799,WCUST-00401,2025-08-04,REGULAR-PERU-WHOLESALE,2,84.0,168.0
ORD-004800,WCUST-00401,2025-08-29,REGULAR-PERU-WHOLESALE,5,84.0,420.0
ORD-004801,WCUST-00401,2025-09-20,REGULAR-GUATEMALA-WHOLESALE,4,84.0,336.0
ORD-004802,WCUST-00401,2025-10-23,REGULAR-PERU-WHOLESALE,2,84.0,168.0
ORD-004803,WCUST-00401,2025-11-24,REGULAR-GUATEMALA-WHOLESALE,2,84.0,168.0
ORD-004804,WCUST-00401,2025-12-21,REGULAR-BLEND-WHOLESALE,4,84.0,336.0
ORD-004805,WCUST-00401,2026-01-24,DECAF-PERU-WHOLESALE,4,93.0,372.0
ORD-004806,WCUST-00401,2026-02-27,REGULAR-BLEND-WHOLESALE,2,84.0,168.0
ORD-004807,WCUST-00401,2026-03-22,REGULAR-COLOMBIA-WHOLESALE,4,84.0,336.0
ORD-004807,WCUST-00401,2026-03-22,REGULAR-GUATEMALA-RETAIL,1,14.0,14.0
ORD-004808,WCUST-00401,2026-04-15,REGULAR-GUATEMALA-WHOLESALE,3,84.0,252.0
ORD-004809,WCUST-00401,2026-05-14,REGULAR-BLEND-WHOLESALE,5,84.0,420.0
ORD-004810,WCUST-00401,2026-06-10,REGULAR-BLEND-WHOLESALE,3,84.0,252.0
ORD-004811,WCUST-00401,2026-07-13,REGULAR-COLOMBIA-WHOLESALE,5,84.0,420.0
ORD-004812,WCUST-00401,2026-08-15,REGULAR-COLOMBIA-WHOLESALE,2,84.0,168.0
ORD-004813,WCUST-00402,2025-08-23,REGULAR-GUATEMALA-WHOLESALE,5,84.0,420.0
ORD-004814,WCUST-00402,2025-09-22,REGULAR-PERU-WHOLESALE,8,84.0,672.0
ORD-004815,WCUST-00402,2025-10-30,REGULAR-PERU-WHOLESALE,7,84.0,588.0
ORD-004816,WCUST-00402,2025-12-09,DECAF-PERU-WHOLESALE,8,93.0,744.0
ORD-004817,WCUST-00402,2026-01-18,DECAF-PERU-WHOLESALE,8,93.0,744.0
ORD-004818,WCUST-00402,2026-02-25,REGULAR-PERU-WHOLESALE,6,84.0,504.0
ORD-004819,WCUST-00402,2026-04-08,REGULAR-GUATEMALA-WHOLESALE,8,84.0,672.0
ORD-004820,WCUST-00402,2026-05-08,REGULAR-BLEND-WHOLESALE,4,84.0,336.0
ORD-004821,WCUST-00402,2026-06-07,DECAF-COLOMBIA-WHOLESALE,10,93.0,930.0
ORD-004822,WCUST-00402,2026-07-14,REGULAR-BLEND-WHOLESALE,8,84.0,672.0
ORD-004823,WCUST-00402,2026-08-17,REGULAR-BLEND-WHOLESALE,7,84.0,588.0
ORD-004823,WCUST-00402,2026-08-17,REGULAR-BLEND-RETAIL,2,14.0,28.0
ORD-004824,WCUST-00404,2024-12-02,REGULAR-GUATEMALA-WHOLESALE,3,84.0,252.0
ORD-004825,WCUST-00404,2024-12-22,REGULAR-GUATEMALA-WHOLESALE,5,84.0,420.0
ORD-004826,WCUST-00404,2025-01-16,REGULAR-GUATEMALA-WHOLESALE,4,84.0,336.0
ORD-004827,WCUST-00404,2025-02-17,REGULAR-COLOMBIA-WHOLESALE,2,84.0,168.0
ORD-004828,WCUST-00404,2025-03-16,REGULAR-GUATEMALA-WHOLESALE,3,84.0,252.0
ORD-004829,WCUST-00404,2025-04-20,DECAF-BLEND-WHOLESALE,5,93.0,465.0
ORD-004830,WCUST-00404,2025-05-22,REGULAR-GUATEMALA-WHOLESALE,4,84.0,336.0
ORD-004831,WCUST-00404,2025-06-18,REGULAR-GUATEMALA-WHOLESALE,3,84.0,252.0
ORD-004832,WCUST-00404,2025-07-11,REGULAR-COLOMBIA-WHOLESALE,4,84.0,336.0
ORD-004833,WCUST-00404,2025-08-01,REGULAR-GUATEMALA-WHOLESALE,5,84.0,420.0
ORD-004834,WCUST-00404,2025-09-01,REGULAR-PERU-WHOLESALE,3,84.0,252.0
ORD-004835,WCUST-00404,2025-09-30,REGULAR-GUATEMALA-WHOLESALE,3,84.0,252.0
ORD-004836,WCUST-00404,2025-10-23,DECAF-GUATEMALA-WHOLESALE,2,93.0,186.0
ORD-004836,WCUST-00404,2025-10-23,REGULAR-PERU-RETAIL,2,14.0,28.0
ORD-004837,WCUST-00404,2025-11-24,REGULAR-BLEND-WHOLESALE,3,84.0,252.0
ORD-004838,WCUST-00404,2025-12-24,REGULAR-GUATEMALA-WHOLESALE,3,84.0,252.0
ORD-004839,WCUST-00404,2026-01-23,REGULAR-PERU-WHOLESALE,4,84.0,336.0
ORD-004840,WCUST-00404,2026-02-15,REGULAR-BLEND-WHOLESALE,4,84.0,336.0
ORD-004841,WCUST-00404,2026-03-10,REGULAR-GUATEMALA-WHOLESALE,5,84.0,420.0
ORD-004842,WCUST-00404,2026-04-08,REGULAR-GUATEMALA-WHOLESALE,5,84.0,420.0
ORD-004843,WCUST-00404,2026-05-01,REGULAR-BLEND-WHOLESALE,5,84.0,420.0
ORD-004844,WCUST-00404,2026-05-22,REGULAR-BLEND-WHOLESALE,4,84.0,336.0
ORD-004845,WCUST-00404,2026-06-14,REGULAR-BLEND-WHOLESALE,3,84.0,252.0
ORD-004845,WCUST-00404,2026-06-14,REGULAR-BLEND-RETAIL,2,14.0,28.0
ORD-004846,WCUST-00404,2026-07-14,REGULAR-BLEND-WHOLESALE,2,84.0,168.0
ORD-004847,WCUST-00404,2026-08-15,REGULAR-COLOMBIA-WHOLESALE,2,84.0,168.0
ORD-004848,WCUST-00405,2025-12-29,REGULAR-BLEND-WHOLESALE,4,84.0,336.0
ORD-004849,WCUST-00405,2026-01-28,REGULAR-BLEND-WHOLESALE,4,84.0,336.0
ORD-004850,WCUST-00405,2026-02-22,REGULAR-BLEND-WHOLESALE,3,84.0,252.0
ORD-004851,WCUST-00405,2026-03-25,REGULAR-GUATEMALA-WHOLESALE,4,84.0,336.0
ORD-004852,WCUST-00406,2024-09-26,REGULAR-BLEND-WHOLESALE,2,84.0,168.0
ORD-004853,WCUST-00406,2024-10-28,REGULAR-GUATEMALA-WHOLESALE,3,84.0,252.0
ORD-004854,WCUST-00406,2024-11-29,REGULAR-GUATEMALA-WHOLESALE,4,84.0,336.0
ORD-004855,WCUST-00406,2024-12-20,REGULAR-GUATEMALA-WHOLESALE,4,84.0,336.0
ORD-004856,WCUST-00406,2025-01-15,DECAF-PERU-WHOLESALE,5,93.0,465.0
ORD-004857,WCUST-00406,2025-02-09,REGULAR-COLOMBIA-WHOLESALE,3,84.0,252.0
ORD-004857,WCUST-00406,2025-02-09,REGULAR-COLOMBIA-RETAIL,3,14.0,42.0
ORD-004858,WCUST-00406,2025-03-09,REGULAR-GUATEMALA-WHOLESALE,5,84.0,420.0
ORD-004859,WCUST-00406,2025-04-03,DECAF-BLEND-WHOLESALE,5,93.0,465.0
ORD-004860,WCUST-00406,2025-04-30,REGULAR-GUATEMALA-WHOLESALE,3,84.0,252.0
ORD-004860,WCUST-00406,2025-04-30,DECAF-BLEND-RETAIL,3,15.5,46.5
ORD-004861,WCUST-00406,2025-06-01,REGULAR-GUATEMALA-WHOLESALE,4,84.0,336.0
ORD-004861,WCUST-00406,2025-06-01,REGULAR-GUATEMALA-RETAIL,1,14.0,14.0
ORD-004862,WCUST-00406,2025-07-01,REGULAR-COLOMBIA-WHOLESALE,4,84.0,336.0
ORD-004863,WCUST-00406,2025-07-23,REGULAR-COLOMBIA-WHOLESALE,2,84.0,168.0
ORD-004863,WCUST-00406,2025-07-23,REGULAR-COLOMBIA-RETAIL,3,14.0,42.0
ORD-004864,WCUST-00406,2025-08-12,REGULAR-PERU-WHOLESALE,3,84.0,252.0
ORD-004864,WCUST-00406,2025-08-12,REGULAR-PERU-RETAIL,3,14.0,42.0
ORD-004865,WCUST-00406,2025-09-05,REGULAR-PERU-WHOLESALE,2,84.0,168.0
ORD-004866,WCUST-00406,2025-10-02,REGULAR-GUATEMALA-WHOLESALE,5,84.0,420.0
ORD-004867,WCUST-00406,2025-10-25,REGULAR-PERU-WHOLESALE,4,84.0,336.0
ORD-004868,WCUST-00406,2025-11-20,REGULAR-GUATEMALA-WHOLESALE,5,84.0,420.0
ORD-004868,WCUST-00406,2025-11-20,REGULAR-BLEND-RETAIL,3,14.0,42.0
ORD-004869,WCUST-00406,2025-12-12,DECAF-PERU-WHOLESALE,3,93.0,279.0
ORD-004870,WCUST-00406,2026-01-04,REGULAR-PERU-WHOLESALE,4,84.0,336.0
ORD-004871,WCUST-00406,2026-02-09,DECAF-COLOMBIA-WHOLESALE,3,93.0,279.0
ORD-004872,WCUST-00406,2026-03-13,REGULAR-GUATEMALA-WHOLESALE,3,84.0,252.0
ORD-004873,WCUST-00406,2026-04-11,REGULAR-GUATEMALA-WHOLESALE,2,84.0,168.0
ORD-004874,WCUST-00406,2026-05-17,REGULAR-BLEND-WHOLESALE,5,84.0,420.0
ORD-004875,WCUST-00406,2026-06-21,REGULAR-BLEND-WHOLESALE,5,84.0,420.0
ORD-004876,WCUST-00406,2026-07-24,REGULAR-BLEND-WHOLESALE,3,84.0,252.0
ORD-004877,WCUST-00406,2026-08-19,REGULAR-BLEND-WHOLESALE,4,84.0,336.0
ORD-004878,WCUST-00407,2025-03-31,REGULAR-COLOMBIA-WHOLESALE,7,84.0,588.0
ORD-004879,WCUST-00407,2025-04-16,REGULAR-GUATEMALA-WHOLESALE,3,84.0,252.0
ORD-004880,WCUST-00407,2025-05-06,REGULAR-GUATEMALA-WHOLESALE,4,84.0,336.0
ORD-004881,WCUST-00407,2025-05-23,REGULAR-GUATEMALA-WHOLESALE,5,84.0,420.0
ORD-004882,WCUST-00407,2025-06-07,REGULAR-GUATEMALA-WHOLESALE,6,84.0,504.0
ORD-004883,WCUST-00407,2025-06-24,REGULAR-GUATEMALA-WHOLESALE,5,84.0,420.0
ORD-004883,WCUST-00407,2025-06-24,REGULAR-GUATEMALA-RETAIL,3,14.0,42.0
ORD-004884,WCUST-00407,2025-07-20,REGULAR-COLOMBIA-WHOLESALE,7,84.0,588.0
ORD-004885,WCUST-00407,2025-08-13,REGULAR-PERU-WHOLESALE,4,84.0,336.0
ORD-004885,WCUST-00407,2025-08-13,REGULAR-PERU-RETAIL,3,14.0,42.0
ORD-004886,WCUST-00407,2025-09-09,DECAF-GUATEMALA-WHOLESALE,8,93.0,744.0
ORD-004887,WCUST-00407,2025-09-26,REGULAR-PERU-WHOLESALE,8,84.0,672.0
ORD-004888,WCUST-00407,2025-10-11,REGULAR-GUATEMALA-WHOLESALE,8,84.0,672.0
ORD-004888,WCUST-00407,2025-10-11,DECAF-GUATEMALA-RETAIL,3,15.5,46.5
ORD-004889,WCUST-00407,2025-11-01,DECAF-PERU-WHOLESALE,6,93.0,558.0
ORD-004889,WCUST-00407,2025-11-01,REGULAR-BLEND-RETAIL,1,14.0,14.0
ORD-004890,WCUST-00407,2025-11-28,REGULAR-GUATEMALA-WHOLESALE,6,84.0,504.0
ORD-004890,WCUST-00407,2025-11-28,REGULAR-BLEND-RETAIL,1,14.0,14.0
ORD-004891,WCUST-00407,2025-12-22,REGULAR-GUATEMALA-WHOLESALE,8,84.0,672.0
ORD-004892,WCUST-00407,2026-01-06,REGULAR-BLEND-WHOLESALE,3,84.0,252.0
ORD-004892,WCUST-00407,2026-01-06,REGULAR-PERU-RETAIL,3,14.0,42.0
ORD-004893,WCUST-00407,2026-01-23,REGULAR-BLEND-WHOLESALE,8,84.0,672.0
ORD-004894,WCUST-00407,2026-02-18,REGULAR-BLEND-WHOLESALE,6,84.0,504.0
ORD-004895,WCUST-00407,2026-03-05,DECAF-COLOMBIA-WHOLESALE,4,93.0,372.0
ORD-004896,WCUST-00407,2026-03-28,REGULAR-GUATEMALA-WHOLESALE,8,84.0,672.0
ORD-004896,WCUST-00407,2026-03-28,DECAF-COLOMBIA-RETAIL,2,15.5,31.0
ORD-004897,WCUST-00407,2026-04-22,REGULAR-GUATEMALA-WHOLESALE,4,84.0,336.0
ORD-004897,WCUST-00407,2026-04-22,REGULAR-GUATEMALA-RETAIL,3,14.0,42.0
ORD-004898,WCUST-00407,2026-05-18,REGULAR-BLEND-WHOLESALE,6,84.0,504.0
ORD-004899,WCUST-00407,2026-06-11,REGULAR-BLEND-WHOLESALE,6,84.0,504.0
ORD-004900,WCUST-00407,2026-06-26,REGULAR-BLEND-WHOLESALE,3,84.0,252.0
ORD-004901,WCUST-00407,2026-07-20,REGULAR-BLEND-WHOLESALE,8,84.0,672.0
ORD-004902,WCUST-00407,2026-08-09,REGULAR-BLEND-WHOLESALE,4,84.0,336.0
ORD-004903,WCUST-00407,2026-09-03,REGULAR-COLOMBIA-WHOLESALE,7,84.0,588.0
ORD-004904,WCUST-00408,2025-01-09,REGULAR-GUATEMALA-WHOLESALE,2,84.0,168.0
ORD-004905,WCUST-00408,2025-02-10,REGULAR-COLOMBIA-WHOLESALE,3,84.0,252.0
ORD-004906,WCUST-00408,2025-03-03,REGULAR-GUATEMALA-WHOLESALE,5,84.0,420.0
ORD-004907,WCUST-00408,2025-04-06,REGULAR-GUATEMALA-WHOLESALE,5,84.0,420.0
ORD-004908,WCUST-00408,2025-05-04,REGULAR-GUATEMALA-WHOLESALE,3,84.0,252.0
ORD-004909,WCUST-00408,2025-05-28,REGULAR-GUATEMALA-WHOLESALE,2,84.0,168.0
ORD-004910,WCUST-00408,2025-06-18,REGULAR-GUATEMALA-WHOLESALE,3,84.0,252.0
ORD-004911,WCUST-00408,2025-07-24,REGULAR-COLOMBIA-WHOLESALE,5,84.0,420.0
ORD-004912,WCUST-00408,2025-08-25,REGULAR-PERU-WHOLESALE,2,84.0,168.0
ORD-004912,WCUST-00408,2025-08-25,REGULAR-GUATEMALA-RETAIL,1,14.0,14.0
ORD-004913,WCUST-00408,2025-09-30,DECAF-GUATEMALA-WHOLESALE,3,93.0,279.0
ORD-004914,WCUST-00408,2025-11-05,REGULAR-GUATEMALA-WHOLESALE,5,84.0,420.0
ORD-004915,WCUST-00408,2025-11-30,REGULAR-BLEND-WHOLESALE,5,84.0,420.0
ORD-004916,WCUST-00408,2026-01-02,REGULAR-PERU-WHOLESALE,3,84.0,252.0
ORD-004917,WCUST-00408,2026-01-30,REGULAR-BLEND-WHOLESALE,3,84.0,252.0
ORD-004918,WCUST-00408,2026-02-24,REGULAR-BLEND-WHOLESALE,5,84.0,420.0
ORD-004919,WCUST-00408,2026-03-24,REGULAR-GUATEMALA-WHOLESALE,2,84.0,168.0
ORD-004920,WCUST-00408,2026-04-28,REGULAR-GUATEMALA-WHOLESALE,4,84.0,336.0
ORD-004921,WCUST-00408,2026-05-31,REGULAR-BLEND-WHOLESALE,3,84.0,252.0
ORD-004922,WCUST-00408,2026-06-26,REGULAR-BLEND-WHOLESALE,2,84.0,168.0
ORD-004923,WCUST-00408,2026-08-01,REGULAR-COLOMBIA-WHOLESALE,4,84.0,336.0
ORD-004924,WCUST-00408,2026-08-21,REGULAR-BLEND-WHOLESALE,2,84.0,168.0
ORD-004925,WCUST-00409,2025-06-19,REGULAR-GUATEMALA-WHOLESALE,3,84.0,252.0
ORD-004925,WCUST-00409,2025-06-19,REGULAR-GUATEMALA-RETAIL,2,14.0,28.0
ORD-004926,WCUST-00409,2025-07-09,REGULAR-COLOMBIA-WHOLESALE,2,84.0,168.0
ORD-004927,WCUST-00409,2025-08-07,REGULAR-GUATEMALA-WHOLESALE,4,84.0,336.0
ORD-004928,WCUST-00409,2025-09-03,REGULAR-PERU-WHOLESALE,3,84.0,252.0
ORD-004929,WCUST-00409,2025-10-05,REGULAR-PERU-WHOLESALE,3,84.0,252.0
ORD-004930,WCUST-00409,2025-10-31,REGULAR-PERU-WHOLESALE,2,84.0,168.0
ORD-004931,WCUST-00409,2025-11-21,REGULAR-BLEND-WHOLESALE,5,84.0,420.0
ORD-004932,WCUST-00409,2025-12-11,REGULAR-BLEND-WHOLESALE,3,84.0,252.0
ORD-004933,WCUST-00409,2026-01-01,REGULAR-BLEND-WHOLESALE,3,84.0,252.0
ORD-004934,WCUST-00409,2026-01-25,REGULAR-PERU-WHOLESALE,4,84.0,336.0
ORD-004935,WCUST-00409,2026-02-20,REGULAR-BLEND-WHOLESALE,2,84.0,168.0
ORD-004936,WCUST-00409,2026-03-16,REGULAR-COLOMBIA-WHOLESALE,5,84.0,420.0
ORD-004936,WCUST-00409,2026-03-16,DECAF-COLOMBIA-RETAIL,2,15.5,31.0
ORD-004937,WCUST-00409,2026-04-17,DECAF-COLOMBIA-WHOLESALE,2,93.0,186.0
ORD-004938,WCUST-00409,2026-05-18,REGULAR-BLEND-WHOLESALE,5,84.0,420.0
ORD-004939,WCUST-00409,2026-06-23,REGULAR-BLEND-WHOLESALE,2,84.0,168.0
ORD-004940,WCUST-00409,2026-07-27,REGULAR-COLOMBIA-WHOLESALE,5,84.0,420.0
ORD-004941,WCUST-00409,2026-08-25,REGULAR-COLOMBIA-WHOLESALE,2,84.0,168.0
ORD-004942,WCUST-00410,2024-12-04,REGULAR-GUATEMALA-WHOLESALE,2,84.0,168.0
ORD-004943,WCUST-00410,2025-02-05,REGULAR-COLOMBIA-WHOLESALE,2,84.0,168.0
ORD-004944,WCUST-00410,2025-04-03,REGULAR-GUATEMALA-WHOLESALE,3,84.0,252.0
ORD-004945,WCUST-00410,2025-05-18,REGULAR-GUATEMALA-WHOLESALE,1,84.0,84.0
ORD-004946,WCUST-00410,2025-07-17,REGULAR-COLOMBIA-WHOLESALE,3,84.0,252.0
ORD-004946,WCUST-00410,2025-07-17,REGULAR-COLOMBIA-RETAIL,2,14.0,28.0
ORD-004947,WCUST-00410,2025-09-07,REGULAR-PERU-WHOLESALE,3,84.0,252.0
ORD-004948,WCUST-00410,2025-10-17,REGULAR-GUATEMALA-WHOLESALE,1,84.0,84.0
ORD-004949,WCUST-00410,2025-12-04,REGULAR-BLEND-WHOLESALE,1,84.0,84.0
ORD-004950,WCUST-00410,2026-02-02,REGULAR-BLEND-WHOLESALE,1,84.0,84.0
ORD-004951,WCUST-00410,2026-03-15,REGULAR-GUATEMALA-WHOLESALE,1,84.0,84.0
ORD-004952,WCUST-00410,2026-05-05,REGULAR-BLEND-WHOLESALE,3,84.0,252.0
ORD-004953,WCUST-00410,2026-06-27,REGULAR-BLEND-WHOLESALE,1,84.0,84.0
ORD-004954,WCUST-00410,2026-08-14,REGULAR-BLEND-WHOLESALE,1,84.0,84.0
ORD-004955,WCUST-00411,2024-03-08,DECAF-COLOMBIA-WHOLESALE,3,93.0,279.0
ORD-004956,WCUST-00411,2024-04-13,REGULAR-GUATEMALA-WHOLESALE,3,84.0,252.0
ORD-004957,WCUST-00411,2024-05-12,REGULAR-BLEND-WHOLESALE,5,84.0,420.0
ORD-004958,WCUST-00411,2024-06-17,REGULAR-BLEND-WHOLESALE,5,84.0,420.0
ORD-004958,WCUST-00411,2024-06-17,REGULAR-BLEND-RETAIL,1,14.0,14.0
ORD-004959,WCUST-00411,2024-07-13,REGULAR-BLEND-WHOLESALE,4,84.0,336.0
ORD-004960,WCUST-00411,2024-08-17,REGULAR-BLEND-WHOLESALE,4,84.0,336.0
ORD-004961,WCUST-00411,2024-09-12,REGULAR-BLEND-WHOLESALE,4,84.0,336.0
ORD-004962,WCUST-00411,2024-10-15,REGULAR-GUATEMALA-WHOLESALE,2,84.0,168.0
ORD-004963,WCUST-00411,2024-11-10,DECAF-PERU-WHOLESALE,5,93.0,465.0
ORD-004964,WCUST-00411,2024-12-04,REGULAR-GUATEMALA-WHOLESALE,3,84.0,252.0
ORD-004965,WCUST-00411,2025-01-08,REGULAR-GUATEMALA-WHOLESALE,4,84.0,336.0
ORD-004966,WCUST-00411,2025-01-29,REGULAR-GUATEMALA-WHOLESALE,4,84.0,336.0
ORD-004967,WCUST-00411,2025-02-24,DECAF-BLEND-WHOLESALE,2,93.0,186.0
ORD-004968,WCUST-00411,2025-04-01,REGULAR-GUATEMALA-WHOLESALE,3,84.0,252.0
ORD-004969,WCUST-00411,2025-04-23,DECAF-BLEND-WHOLESALE,2,93.0,186.0
ORD-004970,WCUST-00411,2025-05-23,REGULAR-GUATEMALA-WHOLESALE,5,84.0,420.0
ORD-004970,WCUST-00411,2025-05-23,REGULAR-GUATEMALA-RETAIL,1,14.0,14.0
ORD-004971,WCUST-00411,2025-06-12,REGULAR-GUATEMALA-WHOLESALE,4,84.0,336.0
ORD-004972,WCUST-00411,2025-07-04,REGULAR-COLOMBIA-WHOLESALE,2,84.0,168.0
ORD-004973,WCUST-00411,2025-07-27,REGULAR-COLOMBIA-WHOLESALE,2,84.0,168.0
ORD-004974,WCUST-00411,2025-08-22,REGULAR-GUATEMALA-WHOLESALE,4,84.0,336.0
ORD-004975,WCUST-00411,2025-09-18,REGULAR-PERU-WHOLESALE,5,84.0,420.0
ORD-004976,WCUST-00411,2025-10-11,REGULAR-PERU-WHOLESALE,5,84.0,420.0
ORD-004977,WCUST-00411,2025-11-13,REGULAR-GUATEMALA-WHOLESALE,5,84.0,420.0
ORD-004978,WCUST-00411,2025-12-07,REGULAR-BLEND-WHOLESALE,2,84.0,168.0
ORD-004979,WCUST-00411,2026-01-07,REGULAR-BLEND-WHOLESALE,4,84.0,336.0
ORD-004980,WCUST-00411,2026-02-01,REGULAR-BLEND-WHOLESALE,2,84.0,168.0
ORD-004981,WCUST-00411,2026-02-21,REGULAR-PERU-WHOLESALE,2,84.0,168.0
ORD-004982,WCUST-00411,2026-03-14,DECAF-COLOMBIA-WHOLESALE,4,93.0,372.0
ORD-004983,WCUST-00411,2026-04-13,REGULAR-GUATEMALA-WHOLESALE,2,84.0,168.0
ORD-004984,WCUST-00411,2026-05-16,REGULAR-BLEND-WHOLESALE,4,84.0,336.0
ORD-004985,WCUST-00411,2026-06-07,REGULAR-BLEND-WHOLESALE,2,84.0,168.0
ORD-004986,WCUST-00411,2026-07-07,REGULAR-COLOMBIA-WHOLESALE,4,84.0,336.0
ORD-004987,WCUST-00411,2026-08-03,REGULAR-COLOMBIA-WHOLESALE,4,84.0,336.0
ORD-004988,WCUST-00411,2026-08-24,DECAF-BLEND-WHOLESALE,4,93.0,372.0
ORD-004989,WCUST-00413,2025-10-15,REGULAR-GUATEMALA-WHOLESALE,6,84.0,504.0
ORD-004990,WCUST-00413,2025-11-10,DECAF-PERU-WHOLESALE,7,93.0,651.0
ORD-004990,WCUST-00413,2025-11-10,REGULAR-BLEND-RETAIL,2,14.0,28.0
ORD-004991,WCUST-00413,2025-12-01,REGULAR-GUATEMALA-WHOLESALE,8,84.0,672.0
ORD-004992,WCUST-00413,2025-12-28,REGULAR-BLEND-WHOLESALE,4,84.0,336.0
ORD-004993,WCUST-00413,2026-01-21,REGULAR-PERU-WHOLESALE,3,84.0,252.0
ORD-004994,WCUST-00413,2026-02-15,DECAF-COLOMBIA-WHOLESALE,4,93.0,372.0
ORD-004995,WCUST-00413,2026-03-02,REGULAR-COLOMBIA-WHOLESALE,5,84.0,420.0
ORD-004996,WCUST-00413,2026-03-24,REGULAR-GUATEMALA-WHOLESALE,6,84.0,504.0
ORD-004997,WCUST-00413,2026-04-18,REGULAR-GUATEMALA-WHOLESALE,7,84.0,588.0
ORD-004998,WCUST-00413,2026-05-09,REGULAR-BLEND-WHOLESALE,8,84.0,672.0
ORD-004999,WCUST-00413,2026-06-02,REGULAR-BLEND-WHOLESALE,4,84.0,336.0
ORD-005000,WCUST-00414,2026-07-14,REGULAR-COLOMBIA-WHOLESALE,6,84.0,504.0
ORD-005001,WCUST-00414,2026-08-01,REGULAR-BLEND-WHOLESALE,6,84.0,504.0
ORD-005002,WCUST-00414,2026-08-26,REGULAR-COLOMBIA-WHOLESALE,6,84.0,504.0
ORD-005003,WCUST-00415,2026-08-15,REGULAR-BLEND-WHOLESALE,7,84.0,588.0
ORD-005004,WCUST-00415,2026-09-02,REGULAR-BLEND-WHOLESALE,4,84.0,336.0
ORD-005004,WCUST-00415,2026-09-02,REGULAR-COLOMBIA-RETAIL,1,14.0,14.0
ORD-005005,WCUST-00416,2026-04-13,REGULAR-GUATEMALA-WHOLESALE,1,84.0,84.0
ORD-005005,WCUST-00416,2026-04-13,REGULAR-GUATEMALA-RETAIL,1,14.0,14.0
ORD-005006,WCUST-00416,2026-06-05,DECAF-COLOMBIA-WHOLESALE,2,93.0,186.0
ORD-005006,WCUST-00416,2026-06-05,REGULAR-BLEND-RETAIL,2,14.0,28.0
ORD-005007,WCUST-00416,2026-07-24,REGULAR-COLOMBIA-WHOLESALE,1,84.0,84.0
ORD-005008,WCUST-00417,2026-02-03,REGULAR-PERU-WHOLESALE,4,84.0,336.0
ORD-005009,WCUST-00417,2026-03-09,REGULAR-GUATEMALA-WHOLESALE,5,84.0,420.0
ORD-005009,WCUST-00417,2026-03-09,REGULAR-GUATEMALA-RETAIL,3,14.0,42.0
ORD-005010,WCUST-00417,2026-03-31,REGULAR-COLOMBIA-WHOLESALE,5,84.0,420.0
ORD-005011,WCUST-00417,2026-04-30,REGULAR-GUATEMALA-WHOLESALE,3,84.0,252.0
ORD-005012,WCUST-00417,2026-05-25,REGULAR-BLEND-WHOLESALE,2,84.0,168.0
ORD-005013,WCUST-00417,2026-06-19,REGULAR-BLEND-WHOLESALE,2,84.0,168.0
ORD-005014,WCUST-00417,2026-07-13,REGULAR-COLOMBIA-WHOLESALE,4,84.0,336.0
ORD-005015,WCUST-00417,2026-08-15,REGULAR-COLOMBIA-WHOLESALE,2,84.0,168.0
ORD-005016,WCUST-00419,2026-08-02,REGULAR-COLOMBIA-WHOLESALE,8,84.0,672.0
ORD-005017,WCUST-00419,2026-08-31,REGULAR-COLOMBIA-WHOLESALE,9,84.0,756.0
ORD-005017,WCUST-00419,2026-08-31,REGULAR-COLOMBIA-RETAIL,3,14.0,42.0
ORD-005018,WCUST-00421,2025-09-05,DECAF-GUATEMALA-WHOLESALE,5,93.0,465.0
ORD-005018,WCUST-00421,2025-09-05,REGULAR-PERU-RETAIL,3,14.0,42.0
ORD-005019,WCUST-00421,2025-09-22,REGULAR-PERU-WHOLESALE,8,84.0,672.0
ORD-005020,WCUST-00421,2025-10-16,REGULAR-PERU-WHOLESALE,5,84.0,420.0
ORD-005021,WCUST-00421,2025-11-04,REGULAR-GUATEMALA-WHOLESALE,3,84.0,252.0
ORD-005022,WCUST-00421,2025-11-19,REGULAR-GUATEMALA-WHOLESALE,4,84.0,336.0
ORD-005023,WCUST-00421,2025-12-05,REGULAR-BLEND-WHOLESALE,8,84.0,672.0
ORD-005024,WCUST-00421,2025-12-21,REGULAR-BLEND-WHOLESALE,5,84.0,420.0
ORD-005025,WCUST-00421,2026-01-08,REGULAR-PERU-WHOLESALE,5,84.0,420.0
ORD-005026,WCUST-00421,2026-01-26,REGULAR-PERU-WHOLESALE,4,84.0,336.0
ORD-005027,WCUST-00421,2026-02-17,REGULAR-PERU-WHOLESALE,5,84.0,420.0
ORD-005028,WCUST-00421,2026-03-10,REGULAR-GUATEMALA-WHOLESALE,5,84.0,420.0
ORD-005029,WCUST-00421,2026-03-30,REGULAR-COLOMBIA-WHOLESALE,6,84.0,504.0
ORD-005030,WCUST-00421,2026-04-15,REGULAR-GUATEMALA-WHOLESALE,7,84.0,588.0
ORD-005031,WCUST-00421,2026-05-07,REGULAR-BLEND-WHOLESALE,3,84.0,252.0
ORD-005032,WCUST-00421,2026-05-23,REGULAR-BLEND-WHOLESALE,7,84.0,588.0
ORD-005033,WCUST-00421,2026-06-09,DECAF-COLOMBIA-WHOLESALE,6,93.0,558.0
ORD-005033,WCUST-00421,2026-06-09,REGULAR-BLEND-RETAIL,1,14.0,14.0
ORD-005034,WCUST-00422,2026-02-17,REGULAR-PERU-WHOLESALE,3,84.0,252.0
ORD-005035,WCUST-00422,2026-04-25,REGULAR-GUATEMALA-WHOLESALE,1,84.0,84.0
ORD-005036,WCUST-00422,2026-06-14,REGULAR-BLEND-WHOLESALE,1,84.0,84.0
ORD-005037,WCUST-00422,2026-08-09,REGULAR-COLOMBIA-WHOLESALE,2,84.0,168.0
ORD-005038,WCUST-00423,2024-12-18,REGULAR-GUATEMALA-WHOLESALE,2,84.0,168.0
ORD-005039,WCUST-00423,2025-01-12,DECAF-PERU-WHOLESALE,3,93.0,279.0
ORD-005040,WCUST-00423,2025-02-04,DECAF-BLEND-WHOLESALE,4,93.0,372.0
ORD-005041,WCUST-00423,2025-02-24,DECAF-BLEND-WHOLESALE,3,93.0,279.0
ORD-005042,WCUST-00423,2025-03-22,REGULAR-GUATEMALA-WHOLESALE,5,84.0,420.0
ORD-005043,WCUST-00423,2025-04-21,REGULAR-GUATEMALA-WHOLESALE,2,84.0,168.0
ORD-005044,WCUST-00423,2025-05-27,REGULAR-GUATEMALA-WHOLESALE,4,84.0,336.0
ORD-005045,WCUST-00423,2025-06-30,REGULAR-GUATEMALA-WHOLESALE,4,84.0,336.0
ORD-005046,WCUST-00423,2025-07-26,REGULAR-COLOMBIA-WHOLESALE,3,84.0,252.0
ORD-005047,WCUST-00423,2025-08-15,REGULAR-GUATEMALA-WHOLESALE,4,84.0,336.0
ORD-005048,WCUST-00423,2025-09-14,REGULAR-GUATEMALA-WHOLESALE,3,84.0,252.0
ORD-005049,WCUST-00423,2025-10-13,REGULAR-GUATEMALA-WHOLESALE,5,84.0,420.0
ORD-005050,WCUST-00423,2025-11-04,REGULAR-BLEND-WHOLESALE,2,84.0,168.0
ORD-005051,WCUST-00423,2025-11-24,REGULAR-GUATEMALA-WHOLESALE,4,84.0,336.0
ORD-005052,WCUST-00423,2025-12-15,REGULAR-BLEND-WHOLESALE,3,84.0,252.0
ORD-005053,WCUST-00423,2026-01-18,REGULAR-BLEND-WHOLESALE,4,84.0,336.0
ORD-005054,WCUST-00423,2026-02-23,REGULAR-BLEND-WHOLESALE,4,84.0,336.0
ORD-005055,WCUST-00423,2026-03-16,REGULAR-GUATEMALA-WHOLESALE,5,84.0,420.0
ORD-005056,WCUST-00423,2026-04-05,REGULAR-GUATEMALA-WHOLESALE,4,84.0,336.0
ORD-005057,WCUST-00423,2026-04-25,REGULAR-GUATEMALA-WHOLESALE,3,84.0,252.0
ORD-005058,WCUST-00423,2026-05-15,REGULAR-BLEND-WHOLESALE,3,84.0,252.0
ORD-005059,WCUST-00423,2026-06-11,REGULAR-BLEND-WHOLESALE,4,84.0,336.0
ORD-005059,WCUST-00423,2026-06-11,DECAF-COLOMBIA-RETAIL,3,15.5,46.5
ORD-005060,WCUST-00423,2026-07-16,REGULAR-BLEND-WHOLESALE,3,84.0,252.0
ORD-005061,WCUST-00423,2026-08-13,REGULAR-COLOMBIA-WHOLESALE,3,84.0,252.0
ORD-005062,WCUST-00425,2025-10-15,DECAF-GUATEMALA-WHOLESALE,7,93.0,651.0
ORD-005063,WCUST-00425,2025-11-22,REGULAR-GUATEMALA-WHOLESALE,10,84.0,840.0
ORD-005064,WCUST-00425,2025-12-27,REGULAR-GUATEMALA-WHOLESALE,9,84.0,756.0
ORD-005065,WCUST-00425,2026-01-22,REGULAR-PERU-WHOLESALE,4,84.0,336.0
ORD-005066,WCUST-00425,2026-02-22,REGULAR-PERU-WHOLESALE,7,84.0,588.0
ORD-005067,WCUST-00425,2026-04-06,DECAF-COLOMBIA-WHOLESALE,7,93.0,651.0
ORD-005068,WCUST-00425,2026-05-01,REGULAR-BLEND-WHOLESALE,6,84.0,504.0
ORD-005069,WCUST-00425,2026-06-03,REGULAR-BLEND-WHOLESALE,8,84.0,672.0
ORD-005070,WCUST-00425,2026-07-10,REGULAR-BLEND-WHOLESALE,9,84.0,756.0
ORD-005071,WCUST-00425,2026-08-14,REGULAR-BLEND-WHOLESALE,8,84.0,672.0
ORD-005072,WCUST-00426,2026-02-15,REGULAR-PERU-WHOLESALE,4,84.0,336.0
ORD-005073,WCUST-00426,2026-03-12,REGULAR-GUATEMALA-WHOLESALE,7,84.0,588.0
ORD-005073,WCUST-00426,2026-03-12,REGULAR-COLOMBIA-RETAIL,2,14.0,28.0
ORD-005074,WCUST-00426,2026-04-04,REGULAR-GUATEMALA-WHOLESALE,7,84.0,588.0
ORD-005075,WCUST-00426,2026-04-28,REGULAR-GUATEMALA-WHOLESALE,6,84.0,504.0
ORD-005075,WCUST-00426,2026-04-28,REGULAR-GUATEMALA-RETAIL,1,14.0,14.0
ORD-005076,WCUST-00426,2026-05-17,REGULAR-BLEND-WHOLESALE,7,84.0,588.0
ORD-005077,WCUST-00426,2026-06-09,DECAF-COLOMBIA-WHOLESALE,3,93.0,279.0
ORD-005078,WCUST-00426,2026-07-02,REGULAR-BLEND-WHOLESALE,5,84.0,420.0
ORD-005079,WCUST-00426,2026-07-22,REGULAR-COLOMBIA-WHOLESALE,7,84.0,588.0
ORD-005080,WCUST-00428,2025-07-18,REGULAR-COLOMBIA-WHOLESALE,5,84.0,420.0
ORD-005081,WCUST-00428,2025-08-07,REGULAR-PERU-WHOLESALE,5,84.0,420.0
ORD-005082,WCUST-00428,2025-08-29,REGULAR-GUATEMALA-WHOLESALE,4,84.0,336.0
ORD-005082,WCUST-00428,2025-08-29,REGULAR-GUATEMALA-RETAIL,3,14.0,42.0
ORD-005083,WCUST-00428,2025-09-14,REGULAR-PERU-WHOLESALE,3,84.0,252.0
ORD-005084,WCUST-00428,2025-10-02,DECAF-GUATEMALA-WHOLESALE,5,93.0,465.0
ORD-005085,WCUST-00428,2025-10-22,REGULAR-PERU-WHOLESALE,4,84.0,336.0
ORD-005086,WCUST-00428,2025-11-06,REGULAR-BLEND-WHOLESALE,4,84.0,336.0
ORD-005087,WCUST-00428,2025-11-29,REGULAR-BLEND-WHOLESALE,5,84.0,420.0
ORD-005088,WCUST-00429,2026-02-28,DECAF-COLOMBIA-WHOLESALE,3,93.0,279.0
ORD-005089,WCUST-00429,2026-03-16,REGULAR-GUATEMALA-WHOLESALE,3,84.0,252.0
ORD-005090,WCUST-00429,2026-04-04,REGULAR-GUATEMALA-WHOLESALE,7,84.0,588.0
ORD-005091,WCUST-00430,2025-12-18,DECAF-PERU-WHOLESALE,9,93.0,837.0
ORD-005092,WCUST-00430,2026-01-14,REGULAR-PERU-WHOLESALE,7,84.0,588.0
ORD-005093,WCUST-00430,2026-02-26,REGULAR-PERU-WHOLESALE,9,84.0,756.0
ORD-005094,WCUST-00431,2024-06-18,REGULAR-BLEND-WHOLESALE,6,84.0,504.0
ORD-005095,WCUST-00431,2024-07-12,REGULAR-BLEND-WHOLESALE,5,84.0,420.0
ORD-005096,WCUST-00431,2024-08-05,REGULAR-BLEND-WHOLESALE,5,84.0,420.0
ORD-005097,WCUST-00431,2024-08-28,REGULAR-BLEND-WHOLESALE,6,84.0,504.0
ORD-005098,WCUST-00431,2024-09-15,DECAF-GUATEMALA-WHOLESALE,6,93.0,558.0
ORD-005099,WCUST-00431,2024-10-06,REGULAR-GUATEMALA-WHOLESALE,4,84.0,336.0
ORD-005100,WCUST-00431,2024-10-29,REGULAR-GUATEMALA-WHOLESALE,3,84.0,252.0
ORD-005101,WCUST-00431,2024-11-24,REGULAR-GUATEMALA-WHOLESALE,7,84.0,588.0
ORD-005102,WCUST-00431,2024-12-12,DECAF-PERU-WHOLESALE,7,93.0,651.0
ORD-005103,WCUST-00431,2025-01-08,REGULAR-GUATEMALA-WHOLESALE,3,84.0,252.0
ORD-005104,WCUST-00431,2025-02-02,REGULAR-COLOMBIA-WHOLESALE,4,84.0,336.0
ORD-005105,WCUST-00431,2025-02-22,REGULAR-GUATEMALA-WHOLESALE,4,84.0,336.0
ORD-005106,WCUST-00431,2025-03-17,REGULAR-COLOMBIA-WHOLESALE,6,84.0,504.0
ORD-005107,WCUST-00431,2025-04-03,REGULAR-GUATEMALA-WHOLESALE,5,84.0,420.0
ORD-005107,WCUST-00431,2025-04-03,REGULAR-GUATEMALA-RETAIL,1,14.0,14.0
ORD-005108,WCUST-00431,2025-04-19,REGULAR-GUATEMALA-WHOLESALE,8,84.0,672.0
ORD-005109,WCUST-00431,2025-05-12,DECAF-BLEND-WHOLESALE,6,93.0,558.0
ORD-005110,WCUST-00431,2025-05-30,REGULAR-GUATEMALA-WHOLESALE,7,84.0,588.0
ORD-005111,WCUST-00431,2025-06-19,REGULAR-GUATEMALA-WHOLESALE,8,84.0,672.0
ORD-005112,WCUST-00431,2025-07-15,REGULAR-COLOMBIA-WHOLESALE,6,84.0,504.0
ORD-005113,WCUST-00431,2025-08-04,DECAF-GUATEMALA-WHOLESALE,3,93.0,279.0
ORD-005114,WCUST-00431,2025-08-30,REGULAR-PERU-WHOLESALE,4,84.0,336.0
ORD-005115,WCUST-00431,2025-09-20,REGULAR-GUATEMALA-WHOLESALE,6,84.0,504.0
ORD-005116,WCUST-00431,2025-10-08,REGULAR-PERU-WHOLESALE,5,84.0,420.0
ORD-005116,WCUST-00431,2025-10-08,REGULAR-GUATEMALA-RETAIL,1,14.0,14.0
ORD-005117,WCUST-00431,2025-10-30,REGULAR-GUATEMALA-WHOLESALE,8,84.0,672.0
ORD-005117,WCUST-00431,2025-10-30,REGULAR-PERU-RETAIL,2,14.0,28.0
ORD-005118,WCUST-00431,2025-11-20,REGULAR-BLEND-WHOLESALE,6,84.0,504.0
ORD-005119,WCUST-00431,2025-12-11,REGULAR-BLEND-WHOLESALE,7,84.0,588.0
ORD-005119,WCUST-00431,2025-12-11,REGULAR-BLEND-RETAIL,1,14.0,14.0
ORD-005120,WCUST-00431,2025-12-27,REGULAR-GUATEMALA-WHOLESALE,5,84.0,420.0
ORD-005121,WCUST-00431,2026-01-20,REGULAR-BLEND-WHOLESALE,8,84.0,672.0
ORD-005122,WCUST-00431,2026-02-13,REGULAR-BLEND-WHOLESALE,4,84.0,336.0
ORD-005123,WCUST-00431,2026-03-06,REGULAR-COLOMBIA-WHOLESALE,4,84.0,336.0
ORD-005124,WCUST-00431,2026-03-25,REGULAR-GUATEMALA-WHOLESALE,3,84.0,252.0
ORD-005124,WCUST-00431,2026-03-25,REGULAR-COLOMBIA-RETAIL,2,14.0,28.0
ORD-005125,WCUST-00431,2026-04-12,REGULAR-GUATEMALA-WHOLESALE,4,84.0,336.0
ORD-005126,WCUST-00431,2026-05-08,REGULAR-BLEND-WHOLESALE,6,84.0,504.0
ORD-005127,WCUST-00431,2026-05-27,REGULAR-BLEND-WHOLESALE,6,84.0,504.0
ORD-005128,WCUST-00431,2026-06-12,REGULAR-BLEND-WHOLESALE,6,84.0,504.0
ORD-005129,WCUST-00431,2026-06-30,DECAF-COLOMBIA-WHOLESALE,7,93.0,651.0
ORD-005130,WCUST-00431,2026-07-16,REGULAR-BLEND-WHOLESALE,4,84.0,336.0
ORD-005131,WCUST-00431,2026-08-02,REGULAR-BLEND-WHOLESALE,8,84.0,672.0
ORD-005132,WCUST-00431,2026-08-18,REGULAR-BLEND-WHOLESALE,5,84.0,420.0
ORD-005133,WCUST-00431,2026-09-09,REGULAR-COLOMBIA-WHOLESALE,6,84.0,504.0
ORD-005134,WCUST-00434,2025-03-25,REGULAR-GUATEMALA-WHOLESALE,3,84.0,252.0
ORD-005135,WCUST-00434,2025-04-15,REGULAR-GUATEMALA-WHOLESALE,2,84.0,168.0
ORD-005135,WCUST-00434,2025-04-15,DECAF-BLEND-RETAIL,1,15.5,15.5
ORD-005136,WCUST-00434,2025-05-20,REGULAR-GUATEMALA-WHOLESALE,2,84.0,168.0
ORD-005137,WCUST-00434,2025-06-17,REGULAR-GUATEMALA-WHOLESALE,2,84.0,168.0
ORD-005138,WCUST-00434,2025-07-18,REGULAR-COLOMBIA-WHOLESALE,2,84.0,168.0
ORD-005139,WCUST-00434,2025-08-13,REGULAR-PERU-WHOLESALE,2,84.0,168.0
ORD-005140,WCUST-00434,2025-09-11,REGULAR-GUATEMALA-WHOLESALE,2,84.0,168.0
ORD-005141,WCUST-00434,2025-10-14,REGULAR-GUATEMALA-WHOLESALE,2,84.0,168.0
ORD-005142,WCUST-00434,2025-11-10,REGULAR-GUATEMALA-WHOLESALE,4,84.0,336.0
ORD-005143,WCUST-00434,2025-12-14,DECAF-PERU-WHOLESALE,3,93.0,279.0
ORD-005144,WCUST-00434,2026-01-03,REGULAR-BLEND-WHOLESALE,2,84.0,168.0
ORD-005144,WCUST-00434,2026-01-03,REGULAR-BLEND-RETAIL,1,14.0,14.0
ORD-005145,WCUST-00434,2026-02-01,REGULAR-BLEND-WHOLESALE,2,84.0,168.0
ORD-005146,WCUST-00434,2026-03-09,REGULAR-COLOMBIA-WHOLESALE,4,84.0,336.0
ORD-005147,WCUST-00434,2026-03-29,DECAF-COLOMBIA-WHOLESALE,3,93.0,279.0
ORD-005148,WCUST-00434,2026-05-01,REGULAR-BLEND-WHOLESALE,5,84.0,420.0
ORD-005149,WCUST-00434,2026-06-03,REGULAR-BLEND-WHOLESALE,5,84.0,420.0
ORD-005150,WCUST-00434,2026-07-05,REGULAR-COLOMBIA-WHOLESALE,2,84.0,168.0
ORD-005151,WCUST-00434,2026-08-04,REGULAR-COLOMBIA-WHOLESALE,4,84.0,336.0
ORD-005152,WCUST-00434,2026-09-02,REGULAR-BLEND-WHOLESALE,4,84.0,336.0
ORD-005153,WCUST-00435,2024-08-28,REGULAR-PERU-WHOLESALE,4,84.0,336.0
ORD-005154,WCUST-00435,2024-09-28,REGULAR-PERU-WHOLESALE,2,84.0,168.0
ORD-005154,WCUST-00435,2024-09-28,REGULAR-BLEND-RETAIL,3,14.0,42.0
ORD-005155,WCUST-00435,2024-10-26,REGULAR-GUATEMALA-WHOLESALE,2,84.0,168.0
ORD-005156,WCUST-00435,2024-11-18,REGULAR-GUATEMALA-WHOLESALE,2,84.0,168.0
ORD-005157,WCUST-00435,2024-12-19,REGULAR-GUATEMALA-WHOLESALE,4,84.0,336.0
ORD-005158,WCUST-00435,2025-01-16,REGULAR-GUATEMALA-WHOLESALE,2,84.0,168.0
ORD-005159,WCUST-00435,2025-02-14,REGULAR-GUATEMALA-WHOLESALE,5,84.0,420.0
ORD-005160,WCUST-00435,2025-03-06,REGULAR-GUATEMALA-WHOLESALE,4,84.0,336.0
ORD-005161,WCUST-00435,2025-04-04,REGULAR-GUATEMALA-WHOLESALE,4,84.0,336.0
ORD-005162,WCUST-00435,2025-04-30,DECAF-BLEND-WHOLESALE,3,93.0,279.0
ORD-005162,WCUST-00435,2025-04-30,REGULAR-GUATEMALA-RETAIL,1,14.0,14.0
ORD-005163,WCUST-00435,2025-06-03,REGULAR-GUATEMALA-WHOLESALE,2,84.0,168.0
ORD-005164,WCUST-00435,2025-06-30,REGULAR-GUATEMALA-WHOLESALE,5,84.0,420.0
ORD-005165,WCUST-00435,2025-07-27,REGULAR-COLOMBIA-WHOLESALE,5,84.0,420.0
ORD-005166,WCUST-00435,2025-08-17,REGULAR-GUATEMALA-WHOLESALE,2,84.0,168.0
ORD-005167,WCUST-00435,2025-09-09,REGULAR-GUATEMALA-WHOLESALE,3,84.0,252.0
ORD-005168,WCUST-00435,2025-10-10,REGULAR-PERU-WHOLESALE,2,84.0,168.0
ORD-005168,WCUST-00435,2025-10-10,REGULAR-GUATEMALA-RETAIL,2,14.0,28.0
ORD-005169,WCUST-00435,2025-11-13,REGULAR-BLEND-WHOLESALE,5,84.0,420.0
ORD-005170,WCUST-00435,2025-12-03,REGULAR-BLEND-WHOLESALE,4,84.0,336.0
ORD-005170,WCUST-00435,2025-12-03,REGULAR-BLEND-RETAIL,1,14.0,14.0
ORD-005171,WCUST-00435,2025-12-28,REGULAR-GUATEMALA-WHOLESALE,5,84.0,420.0
ORD-005172,WCUST-00435,2026-01-23,DECAF-PERU-WHOLESALE,2,93.0,186.0
ORD-005173,WCUST-00435,2026-02-23,REGULAR-BLEND-WHOLESALE,2,84.0,168.0
ORD-005174,WCUST-00435,2026-03-27,REGULAR-GUATEMALA-WHOLESALE,4,84.0,336.0
ORD-005175,WCUST-00435,2026-04-24,REGULAR-GUATEMALA-WHOLESALE,2,84.0,168.0
ORD-005176,WCUST-00435,2026-05-29,REGULAR-BLEND-WHOLESALE,5,84.0,420.0
ORD-005177,WCUST-00435,2026-07-02,REGULAR-COLOMBIA-WHOLESALE,4,84.0,336.0
ORD-005177,WCUST-00435,2026-07-02,REGULAR-COLOMBIA-RETAIL,3,14.0,42.0
ORD-005178,WCUST-00435,2026-07-30,REGULAR-COLOMBIA-WHOLESALE,2,84.0,168.0
ORD-005178,WCUST-00435,2026-07-30,REGULAR-BLEND-RETAIL,1,14.0,14.0
ORD-005179,WCUST-00435,2026-08-25,REGULAR-COLOMBIA-WHOLESALE,4,84.0,336.0
ORD-005179,WCUST-00435,2026-08-25,REGULAR-COLOMBIA-RETAIL,2,14.0,28.0
ORD-005180,WCUST-00436,2026-06-10,REGULAR-BLEND-WHOLESALE,3,84.0,252.0
ORD-005181,WCUST-00436,2026-07-07,DECAF-COLOMBIA-WHOLESALE,5,93.0,465.0
ORD-005181,WCUST-00436,2026-07-07,DECAF-COLOMBIA-RETAIL,3,15.5,46.5
ORD-005182,WCUST-00436,2026-07-31,REGULAR-COLOMBIA-WHOLESALE,4,84.0,336.0
ORD-005183,WCUST-00436,2026-08-26,DECAF-BLEND-WHOLESALE,4,93.0,372.0
ORD-005184,WCUST-00437,2026-07-24,REGULAR-COLOMBIA-WHOLESALE,9,84.0,756.0
ORD-005185,WCUST-00437,2026-08-26,REGULAR-COLOMBIA-WHOLESALE,10,84.0,840.0
ORD-005186,WCUST-00438,2024-09-08,REGULAR-PERU-WHOLESALE,5,84.0,420.0
ORD-005186,WCUST-00438,2024-09-08,REGULAR-BLEND-RETAIL,3,14.0,42.0
ORD-005187,WCUST-00438,2024-09-23,REGULAR-BLEND-WHOLESALE,3,84.0,252.0
ORD-005188,WCUST-00438,2024-10-15,REGULAR-GUATEMALA-WHOLESALE,5,84.0,420.0
ORD-005189,WCUST-00438,2024-11-06,REGULAR-GUATEMALA-WHOLESALE,6,84.0,504.0
ORD-005189,WCUST-00438,2024-11-06,REGULAR-GUATEMALA-RETAIL,1,14.0,14.0
ORD-005190,WCUST-00438,2024-11-28,REGULAR-GUATEMALA-WHOLESALE,8,84.0,672.0
ORD-005191,WCUST-00438,2024-12-21,REGULAR-GUATEMALA-WHOLESALE,3,84.0,252.0
ORD-005192,WCUST-00438,2025-01-13,REGULAR-GUATEMALA-WHOLESALE,3,84.0,252.0
ORD-005193,WCUST-00438,2025-02-06,REGULAR-GUATEMALA-WHOLESALE,4,84.0,336.0
ORD-005194,WCUST-00438,2025-03-05,REGULAR-GUATEMALA-WHOLESALE,3,84.0,252.0
ORD-005194,WCUST-00438,2025-03-05,REGULAR-GUATEMALA-RETAIL,1,14.0,14.0
ORD-005195,WCUST-00438,2025-03-21,DECAF-BLEND-WHOLESALE,7,93.0,651.0
ORD-005196,WCUST-00438,2025-04-14,REGULAR-GUATEMALA-WHOLESALE,7,84.0,588.0
ORD-005197,WCUST-00438,2025-05-08,REGULAR-GUATEMALA-WHOLESALE,6,84.0,504.0
ORD-005198,WCUST-00438,2025-05-28,REGULAR-GUATEMALA-WHOLESALE,5,84.0,420.0
ORD-005199,WCUST-00438,2025-06-21,REGULAR-GUATEMALA-WHOLESALE,7,84.0,588.0
ORD-005200,WCUST-00438,2025-07-08,REGULAR-COLOMBIA-WHOLESALE,8,84.0,672.0
ORD-005200,WCUST-00438,2025-07-08,REGULAR-COLOMBIA-RETAIL,2,14.0,28.0
ORD-005201,WCUST-00438,2025-07-30,DECAF-BLEND-WHOLESALE,5,93.0,465.0
ORD-005202,WCUST-00438,2025-08-15,REGULAR-GUATEMALA-WHOLESALE,6,84.0,504.0
ORD-005203,WCUST-00438,2025-09-05,DECAF-GUATEMALA-WHOLESALE,8,93.0,744.0
ORD-005204,WCUST-00438,2025-10-01,REGULAR-GUATEMALA-WHOLESALE,4,84.0,336.0
ORD-005205,WCUST-00438,2025-10-16,REGULAR-GUATEMALA-WHOLESALE,8,84.0,672.0
ORD-005206,WCUST-00438,2025-11-07,REGULAR-BLEND-WHOLESALE,6,84.0,504.0
ORD-005207,WCUST-00438,2025-11-24,REGULAR-GUATEMALA-WHOLESALE,3,84.0,252.0
ORD-005207,WCUST-00438,2025-11-24,DECAF-PERU-RETAIL,3,15.5,46.5
ORD-005208,WCUST-00438,2025-12-19,REGULAR-GUATEMALA-WHOLESALE,6,84.0,504.0
ORD-005208,WCUST-00438,2025-12-19,REGULAR-GUATEMALA-RETAIL,3,14.0,42.0
ORD-005209,WCUST-00438,2026-01-14,REGULAR-BLEND-WHOLESALE,3,84.0,252.0
ORD-005210,WCUST-00438,2026-02-06,REGULAR-PERU-WHOLESALE,5,84.0,420.0
ORD-005211,WCUST-00438,2026-02-26,REGULAR-PERU-WHOLESALE,6,84.0,504.0
ORD-005212,WCUST-00438,2026-03-14,REGULAR-GUATEMALA-WHOLESALE,4,84.0,336.0
ORD-005213,WCUST-00438,2026-03-31,REGULAR-COLOMBIA-WHOLESALE,5,84.0,420.0
ORD-005214,WCUST-00438,2026-04-16,REGULAR-GUATEMALA-WHOLESALE,4,84.0,336.0
ORD-005215,WCUST-00438,2026-05-04,REGULAR-BLEND-WHOLESALE,6,84.0,504.0
ORD-005216,WCUST-00438,2026-05-22,REGULAR-BLEND-WHOLESALE,6,84.0,504.0
ORD-005217,WCUST-00438,2026-06-06,REGULAR-BLEND-WHOLESALE,4,84.0,336.0
ORD-005218,WCUST-00438,2026-06-29,REGULAR-BLEND-WHOLESALE,5,84.0,420.0
ORD-005219,WCUST-00438,2026-07-18,REGULAR-BLEND-WHOLESALE,3,84.0,252.0
ORD-005220,WCUST-00438,2026-08-04,DECAF-BLEND-WHOLESALE,7,93.0,651.0
ORD-005221,WCUST-00438,2026-08-19,DECAF-BLEND-WHOLESALE,6,93.0,558.0
ORD-005222,WCUST-00438,2026-09-03,REGULAR-COLOMBIA-WHOLESALE,5,84.0,420.0
ORD-005223,WCUST-00439,2025-01-10,REGULAR-GUATEMALA-WHOLESALE,8,84.0,672.0
ORD-005224,WCUST-00439,2025-01-30,REGULAR-GUATEMALA-WHOLESALE,5,84.0,420.0
ORD-005225,WCUST-00439,2025-02-21,DECAF-BLEND-WHOLESALE,7,93.0,651.0
ORD-005226,WCUST-00439,2025-03-13,REGULAR-COLOMBIA-WHOLESALE,7,84.0,588.0
ORD-005227,WCUST-00439,2025-03-30,DECAF-BLEND-WHOLESALE,7,93.0,651.0
ORD-005228,WCUST-00439,2025-04-20,REGULAR-GUATEMALA-WHOLESALE,5,84.0,420.0
ORD-005229,WCUST-00439,2025-05-11,REGULAR-GUATEMALA-WHOLESALE,5,84.0,420.0
ORD-005230,WCUST-00439,2025-06-04,REGULAR-GUATEMALA-WHOLESALE,4,84.0,336.0
ORD-005231,WCUST-00439,2025-06-30,REGULAR-GUATEMALA-WHOLESALE,6,84.0,504.0
ORD-005232,WCUST-00439,2025-07-24,DECAF-BLEND-WHOLESALE,7,93.0,651.0
ORD-005233,WCUST-00439,2025-08-08,REGULAR-GUATEMALA-WHOLESALE,6,84.0,504.0
ORD-005234,WCUST-00439,2025-08-25,REGULAR-GUATEMALA-WHOLESALE,5,84.0,420.0
ORD-005235,WCUST-00439,2025-09-15,REGULAR-PERU-WHOLESALE,3,84.0,252.0
ORD-005236,WCUST-00439,2025-10-03,DECAF-GUATEMALA-WHOLESALE,5,93.0,465.0
ORD-005237,WCUST-00439,2025-10-22,DECAF-GUATEMALA-WHOLESALE,7,93.0,651.0
ORD-005238,WCUST-00439,2025-11-10,REGULAR-GUATEMALA-WHOLESALE,3,84.0,252.0
ORD-005239,WCUST-00439,2025-11-27,REGULAR-GUATEMALA-WHOLESALE,7,84.0,588.0
ORD-005240,WCUST-00439,2025-12-13,REGULAR-BLEND-WHOLESALE,3,84.0,252.0
ORD-005241,WCUST-00439,2025-12-29,REGULAR-GUATEMALA-WHOLESALE,3,84.0,252.0
ORD-005242,WCUST-00439,2026-01-21,REGULAR-BLEND-WHOLESALE,5,84.0,420.0
ORD-005243,WCUST-00439,2026-02-17,REGULAR-PERU-WHOLESALE,3,84.0,252.0
ORD-005244,WCUST-00439,2026-03-05,REGULAR-GUATEMALA-WHOLESALE,8,84.0,672.0
ORD-005245,WCUST-00439,2026-03-29,REGULAR-GUATEMALA-WHOLESALE,5,84.0,420.0
ORD-005246,WCUST-00439,2026-04-19,REGULAR-GUATEMALA-WHOLESALE,6,84.0,504.0
ORD-005247,WCUST-00439,2026-05-07,REGULAR-BLEND-WHOLESALE,8,84.0,672.0
ORD-005247,WCUST-00439,2026-05-07,DECAF-PERU-RETAIL,2,15.5,31.0
ORD-005248,WCUST-00439,2026-05-25,REGULAR-BLEND-WHOLESALE,6,84.0,504.0
ORD-005249,WCUST-00439,2026-06-17,DECAF-COLOMBIA-WHOLESALE,7,93.0,651.0
ORD-005250,WCUST-00439,2026-07-05,REGULAR-BLEND-WHOLESALE,5,84.0,420.0
ORD-005251,WCUST-00439,2026-07-30,REGULAR-BLEND-WHOLESALE,8,84.0,672.0
ORD-005252,WCUST-00439,2026-08-19,REGULAR-BLEND-WHOLESALE,4,84.0,336.0
ORD-005253,WCUST-00440,2023-12-05,REGULAR-COLOMBIA-WHOLESALE,3,84.0,252.0
ORD-005254,WCUST-00440,2023-12-20,REGULAR-GUATEMALA-WHOLESALE,7,84.0,588.0
ORD-005255,WCUST-00440,2024-01-16,REGULAR-GUATEMALA-WHOLESALE,4,84.0,336.0
ORD-005256,WCUST-00440,2024-02-11,REGULAR-COLOMBIA-WHOLESALE,5,84.0,420.0
ORD-005257,WCUST-00440,2024-02-29,REGULAR-GUATEMALA-WHOLESALE,8,84.0,672.0
ORD-005258,WCUST-00440,2024-03-21,REGULAR-COLOMBIA-WHOLESALE,4,84.0,336.0
ORD-005259,WCUST-00440,2024-04-09,REGULAR-GUATEMALA-WHOLESALE,5,84.0,420.0
ORD-005260,WCUST-00440,2024-04-29,REGULAR-BLEND-WHOLESALE,6,84.0,504.0
ORD-005261,WCUST-00440,2024-05-24,REGULAR-BLEND-WHOLESALE,5,84.0,420.0
ORD-005262,WCUST-00440,2024-06-12,REGULAR-BLEND-WHOLESALE,3,84.0,252.0
ORD-005263,WCUST-00441,2025-01-14,DECAF-PERU-WHOLESALE,3,93.0,279.0
ORD-005264,WCUST-00441,2025-02-18,REGULAR-GUATEMALA-WHOLESALE,3,84.0,252.0
ORD-005264,WCUST-00441,2025-02-18,REGULAR-GUATEMALA-RETAIL,3,14.0,42.0
ORD-005265,WCUST-00441,2025-03-24,REGULAR-GUATEMALA-WHOLESALE,2,84.0,168.0
ORD-005265,WCUST-00441,2025-03-24,REGULAR-COLOMBIA-RETAIL,1,14.0,14.0
ORD-005266,WCUST-00441,2025-04-28,DECAF-BLEND-WHOLESALE,4,93.0,372.0
ORD-005267,WCUST-00441,2025-06-02,REGULAR-GUATEMALA-WHOLESALE,3,84.0,252.0
ORD-005268,WCUST-00441,2025-06-30,REGULAR-GUATEMALA-WHOLESALE,3,84.0,252.0
ORD-005269,WCUST-00441,2025-08-02,REGULAR-PERU-WHOLESALE,5,84.0,420.0
ORD-005270,WCUST-00441,2025-08-28,REGULAR-GUATEMALA-WHOLESALE,4,84.0,336.0
ORD-005271,WCUST-00441,2025-09-19,REGULAR-GUATEMALA-WHOLESALE,3,84.0,252.0
ORD-005271,WCUST-00441,2025-09-19,REGULAR-GUATEMALA-RETAIL,2,14.0,28.0
ORD-005272,WCUST-00441,2025-10-25,REGULAR-GUATEMALA-WHOLESALE,4,84.0,336.0
ORD-005273,WCUST-00441,2025-11-17,REGULAR-BLEND-WHOLESALE,3,84.0,252.0
ORD-005274,WCUST-00441,2025-12-23,REGULAR-GUATEMALA-WHOLESALE,4,84.0,336.0
ORD-005275,WCUST-00441,2026-01-24,REGULAR-PERU-WHOLESALE,4,84.0,336.0
ORD-005276,WCUST-00441,2026-02-20,REGULAR-PERU-WHOLESALE,3,84.0,252.0
ORD-005277,WCUST-00441,2026-03-26,DECAF-COLOMBIA-WHOLESALE,3,93.0,279.0
ORD-005278,WCUST-00441,2026-04-25,REGULAR-GUATEMALA-WHOLESALE,3,84.0,252.0
ORD-005279,WCUST-00441,2026-05-27,REGULAR-BLEND-WHOLESALE,5,84.0,420.0
ORD-005280,WCUST-00441,2026-06-19,REGULAR-BLEND-WHOLESALE,4,84.0,336.0
ORD-005281,WCUST-00441,2026-07-22,REGULAR-BLEND-WHOLESALE,5,84.0,420.0
ORD-005282,WCUST-00441,2026-08-25,DECAF-BLEND-WHOLESALE,4,93.0,372.0
ORD-005283,WCUST-00442,2026-07-31,REGULAR-BLEND-WHOLESALE,7,84.0,588.0
ORD-005284,WCUST-00442,2026-08-23,REGULAR-BLEND-WHOLESALE,6,84.0,504.0
ORD-005285,WCUST-00443,2025-07-25,REGULAR-COLOMBIA-WHOLESALE,6,84.0,504.0
ORD-005286,WCUST-00443,2025-09-04,REGULAR-GUATEMALA-WHOLESALE,4,84.0,336.0
ORD-005287,WCUST-00443,2025-10-18,REGULAR-GUATEMALA-WHOLESALE,10,84.0,840.0
ORD-005288,WCUST-00443,2025-11-18,REGULAR-BLEND-WHOLESALE,6,84.0,504.0
ORD-005288,WCUST-00443,2025-11-18,REGULAR-GUATEMALA-RETAIL,1,14.0,14.0
ORD-005289,WCUST-00443,2026-01-02,REGULAR-PERU-WHOLESALE,8,84.0,672.0
ORD-005290,WCUST-00443,2026-02-15,REGULAR-PERU-WHOLESALE,8,84.0,672.0
ORD-005290,WCUST-00443,2026-02-15,REGULAR-BLEND-RETAIL,1,14.0,14.0
ORD-005291,WCUST-00443,2026-03-29,REGULAR-COLOMBIA-WHOLESALE,10,84.0,840.0
ORD-005291,WCUST-00443,2026-03-29,DECAF-COLOMBIA-RETAIL,3,15.5,46.5
ORD-005292,WCUST-00443,2026-04-28,REGULAR-GUATEMALA-WHOLESALE,7,84.0,588.0
ORD-005293,WCUST-00443,2026-06-10,REGULAR-BLEND-WHOLESALE,8,84.0,672.0
ORD-005294,WCUST-00443,2026-07-08,REGULAR-BLEND-WHOLESALE,8,84.0,672.0
ORD-005295,WCUST-00443,2026-08-11,REGULAR-BLEND-WHOLESALE,6,84.0,504.0
ORD-005296,WCUST-00444,2026-07-18,REGULAR-COLOMBIA-WHOLESALE,4,84.0,336.0
ORD-005297,WCUST-00444,2026-08-20,DECAF-BLEND-WHOLESALE,2,93.0,186.0
ORD-005298,WCUST-00445,2025-02-20,DECAF-BLEND-WHOLESALE,8,93.0,744.0
ORD-005299,WCUST-00445,2025-04-04,REGULAR-GUATEMALA-WHOLESALE,8,84.0,672.0
ORD-005300,WCUST-00445,2025-05-14,REGULAR-GUATEMALA-WHOLESALE,9,84.0,756.0
ORD-005301,WCUST-00445,2025-06-12,DECAF-BLEND-WHOLESALE,5,93.0,465.0
ORD-005302,WCUST-00445,2025-07-23,REGULAR-COLOMBIA-WHOLESALE,7,84.0,588.0
ORD-005303,WCUST-00445,2025-08-23,REGULAR-GUATEMALA-WHOLESALE,5,84.0,420.0
ORD-005304,WCUST-00445,2025-10-06,DECAF-GUATEMALA-WHOLESALE,8,93.0,744.0
ORD-005305,WCUST-00445,2025-11-11,REGULAR-GUATEMALA-WHOLESALE,8,84.0,672.0
ORD-005306,WCUST-00445,2025-12-22,REGULAR-GUATEMALA-WHOLESALE,10,84.0,840.0
ORD-005307,WCUST-00445,2026-01-18,REGULAR-BLEND-WHOLESALE,7,84.0,588.0
ORD-005308,WCUST-00445,2026-02-16,REGULAR-PERU-WHOLESALE,9,84.0,756.0
ORD-005309,WCUST-00445,2026-03-16,DECAF-COLOMBIA-WHOLESALE,8,93.0,744.0
ORD-005310,WCUST-00445,2026-04-25,REGULAR-GUATEMALA-WHOLESALE,10,84.0,840.0
ORD-005311,WCUST-00445,2026-06-09,REGULAR-BLEND-WHOLESALE,8,84.0,672.0
ORD-005312,WCUST-00445,2026-07-10,REGULAR-COLOMBIA-WHOLESALE,4,84.0,336.0
ORD-005313,WCUST-00445,2026-08-11,REGULAR-BLEND-WHOLESALE,9,84.0,756.0
ORD-005314,WCUST-00446,2025-04-08,DECAF-BLEND-WHOLESALE,6,93.0,558.0
ORD-005315,WCUST-00446,2025-04-27,REGULAR-GUATEMALA-WHOLESALE,4,84.0,336.0
ORD-005316,WCUST-00446,2025-05-20,REGULAR-GUATEMALA-WHOLESALE,5,84.0,420.0
ORD-005317,WCUST-00446,2025-06-05,REGULAR-GUATEMALA-WHOLESALE,8,84.0,672.0
ORD-005318,WCUST-00446,2025-06-30,DECAF-BLEND-WHOLESALE,4,93.0,372.0
ORD-005319,WCUST-00446,2025-07-23,DECAF-BLEND-WHOLESALE,6,93.0,558.0
ORD-005320,WCUST-00446,2025-08-17,REGULAR-PERU-WHOLESALE,4,84.0,336.0
ORD-005321,WCUST-00446,2025-09-11,REGULAR-GUATEMALA-WHOLESALE,6,84.0,504.0
ORD-005322,WCUST-00446,2025-10-06,REGULAR-PERU-WHOLESALE,4,84.0,336.0
ORD-005323,WCUST-00446,2025-10-31,REGULAR-PERU-WHOLESALE,5,84.0,420.0
ORD-005323,WCUST-00446,2025-10-31,REGULAR-GUATEMALA-RETAIL,3,14.0,42.0
ORD-005324,WCUST-00446,2025-11-23,DECAF-PERU-WHOLESALE,3,93.0,279.0
ORD-005324,WCUST-00446,2025-11-23,REGULAR-GUATEMALA-RETAIL,2,14.0,28.0
ORD-005325,WCUST-00446,2025-12-18,REGULAR-BLEND-WHOLESALE,3,84.0,252.0
ORD-005326,WCUST-00446,2026-01-13,REGULAR-PERU-WHOLESALE,6,84.0,504.0
ORD-005327,WCUST-00446,2026-02-09,REGULAR-PERU-WHOLESALE,8,84.0,672.0
ORD-005328,WCUST-00446,2026-03-06,REGULAR-GUATEMALA-WHOLESALE,7,84.0,588.0
ORD-005329,WCUST-00446,2026-03-25,REGULAR-COLOMBIA-WHOLESALE,6,84.0,504.0
ORD-005329,WCUST-00446,2026-03-25,DECAF-COLOMBIA-RETAIL,1,15.5,15.5
ORD-005330,WCUST-00446,2026-04-10,REGULAR-GUATEMALA-WHOLESALE,6,84.0,504.0
ORD-005330,WCUST-00446,2026-04-10,REGULAR-GUATEMALA-RETAIL,2,14.0,28.0
ORD-005331,WCUST-00446,2026-05-06,REGULAR-BLEND-WHOLESALE,3,84.0,252.0
ORD-005332,WCUST-00446,2026-05-25,REGULAR-BLEND-WHOLESALE,3,84.0,252.0
ORD-005333,WCUST-00446,2026-06-18,REGULAR-BLEND-WHOLESALE,6,84.0,504.0
ORD-005334,WCUST-00446,2026-07-11,DECAF-COLOMBIA-WHOLESALE,6,93.0,558.0
ORD-005335,WCUST-00446,2026-07-27,REGULAR-BLEND-WHOLESALE,8,84.0,672.0
ORD-005336,WCUST-00446,2026-08-20,REGULAR-COLOMBIA-WHOLESALE,8,84.0,672.0
ORD-005337,WCUST-00447,2026-04-03,DECAF-COLOMBIA-WHOLESALE,3,93.0,279.0
ORD-005337,WCUST-00447,2026-04-03,REGULAR-GUATEMALA-RETAIL,1,14.0,14.0
ORD-005338,WCUST-00447,2026-05-07,REGULAR-BLEND-WHOLESALE,5,84.0,420.0
ORD-005339,WCUST-00447,2026-05-29,REGULAR-BLEND-WHOLESALE,2,84.0,168.0
ORD-005339,WCUST-00447,2026-05-29,REGULAR-BLEND-RETAIL,3,14.0,42.0
ORD-005340,WCUST-00447,2026-06-18,REGULAR-BLEND-WHOLESALE,4,84.0,336.0
ORD-005341,WCUST-00447,2026-07-08,DECAF-COLOMBIA-WHOLESALE,5,93.0,465.0
ORD-005342,WCUST-00447,2026-08-07,DECAF-BLEND-WHOLESALE,5,93.0,465.0
ORD-005343,WCUST-00447,2026-09-02,REGULAR-COLOMBIA-WHOLESALE,3,84.0,252.0
ORD-005344,WCUST-00448,2024-04-14,REGULAR-BLEND-WHOLESALE,6,84.0,504.0
ORD-005345,WCUST-00448,2024-05-02,REGULAR-BLEND-WHOLESALE,4,84.0,336.0
ORD-005345,WCUST-00448,2024-05-02,REGULAR-BLEND-RETAIL,2,14.0,28.0
ORD-005346,WCUST-00448,2024-05-24,REGULAR-BLEND-WHOLESALE,5,84.0,420.0
ORD-005347,WCUST-00448,2024-06-12,REGULAR-BLEND-WHOLESALE,3,84.0,252.0
ORD-005348,WCUST-00448,2024-06-27,REGULAR-BLEND-WHOLESALE,5,84.0,420.0
ORD-005349,WCUST-00448,2024-07-15,REGULAR-BLEND-WHOLESALE,7,84.0,588.0
ORD-005350,WCUST-00448,2024-08-04,REGULAR-PERU-WHOLESALE,8,84.0,672.0
ORD-005351,WCUST-00448,2024-08-20,REGULAR-BLEND-WHOLESALE,6,84.0,504.0
ORD-005352,WCUST-00448,2024-09-07,DECAF-GUATEMALA-WHOLESALE,8,93.0,744.0
ORD-005353,WCUST-00448,2024-09-24,REGULAR-PERU-WHOLESALE,7,84.0,588.0
ORD-005354,WCUST-00448,2024-10-17,REGULAR-GUATEMALA-WHOLESALE,7,84.0,588.0
ORD-005355,WCUST-00448,2024-11-07,REGULAR-GUATEMALA-WHOLESALE,8,84.0,672.0
ORD-005356,WCUST-00448,2024-11-24,REGULAR-GUATEMALA-WHOLESALE,6,84.0,504.0
ORD-005357,WCUST-00448,2024-12-15,REGULAR-GUATEMALA-WHOLESALE,3,84.0,252.0
ORD-005358,WCUST-00448,2025-01-02,REGULAR-GUATEMALA-WHOLESALE,3,84.0,252.0
ORD-005359,WCUST-00448,2025-01-20,REGULAR-GUATEMALA-WHOLESALE,5,84.0,420.0
ORD-005359,WCUST-00448,2025-01-20,REGULAR-GUATEMALA-RETAIL,1,14.0,14.0
ORD-005360,WCUST-00448,2025-02-07,REGULAR-COLOMBIA-WHOLESALE,4,84.0,336.0
ORD-005360,WCUST-00448,2025-02-07,REGULAR-GUATEMALA-RETAIL,3,14.0,42.0
ORD-005361,WCUST-00448,2025-03-01,REGULAR-COLOMBIA-WHOLESALE,7,84.0,588.0
ORD-005362,WCUST-00448,2025-03-26,REGULAR-COLOMBIA-WHOLESALE,4,84.0,336.0
ORD-005363,WCUST-00448,2025-04-19,REGULAR-GUATEMALA-WHOLESALE,4,84.0,336.0
ORD-005364,WCUST-00448,2025-05-13,REGULAR-GUATEMALA-WHOLESALE,7,84.0,588.0
ORD-005364,WCUST-00448,2025-05-13,REGULAR-GUATEMALA-RETAIL,1,14.0,14.0
ORD-005365,WCUST-00448,2025-05-30,REGULAR-GUATEMALA-WHOLESALE,6,84.0,504.0
ORD-005366,WCUST-00448,2025-06-17,DECAF-BLEND-WHOLESALE,4,93.0,372.0
ORD-005367,WCUST-00448,2025-07-11,REGULAR-COLOMBIA-WHOLESALE,6,84.0,504.0
ORD-005368,WCUST-00448,2025-08-02,REGULAR-PERU-WHOLESALE,7,84.0,588.0
ORD-005369,WCUST-00448,2025-08-18,REGULAR-GUATEMALA-WHOLESALE,7,84.0,588.0
ORD-005370,WCUST-00448,2025-09-09,REGULAR-PERU-WHOLESALE,6,84.0,504.0
ORD-005371,WCUST-00448,2025-09-24,REGULAR-PERU-WHOLESALE,8,84.0,672.0
ORD-005372,WCUST-00448,2025-10-19,REGULAR-PERU-WHOLESALE,7,84.0,588.0
ORD-005373,WCUST-00448,2025-11-05,REGULAR-BLEND-WHOLESALE,6,84.0,504.0
ORD-005374,WCUST-00448,2025-11-30,REGULAR-GUATEMALA-WHOLESALE,8,84.0,672.0
ORD-005375,WCUST-00448,2025-12-20,REGULAR-GUATEMALA-WHOLESALE,7,84.0,588.0
ORD-005375,WCUST-00448,2025-12-20,REGULAR-GUATEMALA-RETAIL,3,14.0,42.0
ORD-005376,WCUST-00448,2026-01-15,DECAF-PERU-WHOLESALE,7,93.0,651.0
ORD-005377,WCUST-00448,2026-02-04,REGULAR-BLEND-WHOLESALE,7,84.0,588.0
ORD-005378,WCUST-00448,2026-02-20,DECAF-COLOMBIA-WHOLESALE,4,93.0,372.0
ORD-005379,WCUST-00448,2026-03-13,REGULAR-GUATEMALA-WHOLESALE,7,84.0,588.0
ORD-005380,WCUST-00448,2026-03-31,DECAF-COLOMBIA-WHOLESALE,4,93.0,372.0
ORD-005381,WCUST-00448,2026-04-16,REGULAR-GUATEMALA-WHOLESALE,3,84.0,252.0
ORD-005382,WCUST-00448,2026-05-04,REGULAR-BLEND-WHOLESALE,5,84.0,420.0
ORD-005383,WCUST-00448,2026-05-23,REGULAR-BLEND-WHOLESALE,8,84.0,672.0
ORD-005384,WCUST-00448,2026-06-09,REGULAR-BLEND-WHOLESALE,3,84.0,252.0
ORD-005385,WCUST-00448,2026-07-05,REGULAR-BLEND-WHOLESALE,6,84.0,504.0
ORD-005386,WCUST-00448,2026-07-28,REGULAR-BLEND-WHOLESALE,6,84.0,504.0
ORD-005387,WCUST-00448,2026-08-16,REGULAR-BLEND-WHOLESALE,7,84.0,588.0
ORD-005388,WCUST-00448,2026-09-05,REGULAR-BLEND-WHOLESALE,8,84.0,672.0
ORD-005389,WCUST-00449,2026-01-29,REGULAR-BLEND-WHOLESALE,3,84.0,252.0
ORD-005390,WCUST-00449,2026-03-03,REGULAR-GUATEMALA-WHOLESALE,2,84.0,168.0
ORD-005391,WCUST-00449,2026-03-26,DECAF-COLOMBIA-WHOLESALE,4,93.0,372.0
ORD-005392,WCUST-00449,2026-04-15,REGULAR-GUATEMALA-WHOLESALE,2,84.0,168.0
ORD-005393,WCUST-00449,2026-05-19,REGULAR-BLEND-WHOLESALE,4,84.0,336.0
ORD-005394,WCUST-00449,2026-06-08,REGULAR-BLEND-WHOLESALE,4,84.0,336.0
ORD-005395,WCUST-00449,2026-07-04,REGULAR-BLEND-WHOLESALE,3,84.0,252.0
ORD-005396,WCUST-00449,2026-07-25,REGULAR-BLEND-WHOLESALE,5,84.0,420.0
ORD-005396,WCUST-00449,2026-07-25,REGULAR-COLOMBIA-RETAIL,1,14.0,14.0
ORD-005397,WCUST-00449,2026-08-18,REGULAR-COLOMBIA-WHOLESALE,4,84.0,336.0
ORD-005397,WCUST-00449,2026-08-18,REGULAR-BLEND-RETAIL,3,14.0,42.0
ORD-005398,WCUST-00449,2026-09-07,REGULAR-COLOMBIA-WHOLESALE,3,84.0,252.0
ORD-005398,WCUST-00449,2026-09-07,DECAF-BLEND-RETAIL,1,15.5,15.5
ORD-005399,WCUST-00450,2025-12-23,REGULAR-BLEND-WHOLESALE,4,84.0,336.0
ORD-005400,WCUST-00450,2026-01-17,REGULAR-PERU-WHOLESALE,5,84.0,420.0
ORD-005401,WCUST-00450,2026-02-22,REGULAR-BLEND-WHOLESALE,3,84.0,252.0
ORD-005402,WCUST-00450,2026-03-26,REGULAR-COLOMBIA-WHOLESALE,5,84.0,420.0
ORD-005403,WCUST-00450,2026-04-21,REGULAR-GUATEMALA-WHOLESALE,2,84.0,168.0
ORD-005404,WCUST-00450,2026-05-13,REGULAR-BLEND-WHOLESALE,4,84.0,336.0
ORD-005405,WCUST-00450,2026-06-16,DECAF-COLOMBIA-WHOLESALE,5,93.0,465.0
ORD-005406,WCUST-00450,2026-07-11,REGULAR-COLOMBIA-WHOLESALE,5,84.0,420.0
ORD-005406,WCUST-00450,2026-07-11,DECAF-COLOMBIA-RETAIL,1,15.5,15.5
ORD-005407,WCUST-00450,2026-08-09,REGULAR-COLOMBIA-WHOLESALE,2,84.0,168.0
ORD-005408,WCUST-00450,2026-09-02,REGULAR-BLEND-WHOLESALE,5,84.0,420.0
ORD-005409,WCUST-00452,2026-03-27,REGULAR-GUATEMALA-WHOLESALE,2,84.0,168.0
ORD-005410,WCUST-00452,2026-04-19,REGULAR-GUATEMALA-WHOLESALE,3,84.0,252.0
ORD-005411,WCUST-00452,2026-05-20,DECAF-PERU-WHOLESALE,5,93.0,465.0
ORD-005412,WCUST-00452,2026-06-18,REGULAR-BLEND-WHOLESALE,5,84.0,420.0
ORD-005413,WCUST-00452,2026-07-15,REGULAR-BLEND-WHOLESALE,4,84.0,336.0
ORD-005414,WCUST-00452,2026-08-07,REGULAR-BLEND-WHOLESALE,2,84.0,168.0
ORD-005415,WCUST-00452,2026-09-09,REGULAR-COLOMBIA-WHOLESALE,3,84.0,252.0
ORD-005416,WCUST-00453,2026-08-13,REGULAR-COLOMBIA-WHOLESALE,4,84.0,336.0
ORD-005417,WCUST-00454,2024-10-18,REGULAR-GUATEMALA-WHOLESALE,2,84.0,168.0
ORD-005418,WCUST-00454,2024-11-29,REGULAR-GUATEMALA-WHOLESALE,3,84.0,252.0
ORD-005419,WCUST-00454,2025-02-02,REGULAR-COLOMBIA-WHOLESALE,1,84.0,84.0
ORD-005420,WCUST-00454,2025-04-07,REGULAR-GUATEMALA-WHOLESALE,2,84.0,168.0
ORD-005421,WCUST-00454,2025-06-09,REGULAR-GUATEMALA-WHOLESALE,3,84.0,252.0
ORD-005422,WCUST-00454,2025-07-27,DECAF-BLEND-WHOLESALE,3,93.0,279.0
ORD-005422,WCUST-00454,2025-07-27,REGULAR-COLOMBIA-RETAIL,3,14.0,42.0
ORD-005423,WCUST-00454,2025-09-13,REGULAR-GUATEMALA-WHOLESALE,3,84.0,252.0
ORD-005424,WCUST-00454,2025-11-12,REGULAR-BLEND-WHOLESALE,3,84.0,252.0
ORD-005424,WCUST-00454,2025-11-12,REGULAR-GUATEMALA-RETAIL,1,14.0,14.0
ORD-005425,WCUST-00454,2025-12-25,REGULAR-BLEND-WHOLESALE,1,84.0,84.0
ORD-005426,WCUST-00454,2026-02-11,REGULAR-PERU-WHOLESALE,2,84.0,168.0
ORD-005427,WCUST-00454,2026-04-23,REGULAR-GUATEMALA-WHOLESALE,2,84.0,168.0
ORD-005428,WCUST-00454,2026-06-23,REGULAR-BLEND-WHOLESALE,1,84.0,84.0
ORD-005429,WCUST-00454,2026-08-15,REGULAR-BLEND-WHOLESALE,3,84.0,252.0
ORD-005429,WCUST-00454,2026-08-15,REGULAR-BLEND-RETAIL,2,14.0,28.0
ORD-005430,WCUST-00455,2025-10-16,REGULAR-PERU-WHOLESALE,7,84.0,588.0
ORD-005431,WCUST-00455,2025-11-15,REGULAR-BLEND-WHOLESALE,7,84.0,588.0
ORD-005432,WCUST-00455,2025-12-10,REGULAR-BLEND-WHOLESALE,5,84.0,420.0
ORD-005433,WCUST-00455,2026-01-20,DECAF-PERU-WHOLESALE,7,93.0,651.0
ORD-005434,WCUST-00455,2026-02-20,REGULAR-PERU-WHOLESALE,8,84.0,672.0
ORD-005435,WCUST-00455,2026-04-02,DECAF-COLOMBIA-WHOLESALE,6,93.0,558.0
ORD-005436,WCUST-00455,2026-05-08,REGULAR-BLEND-WHOLESALE,4,84.0,336.0
ORD-005437,WCUST-00455,2026-06-11,REGULAR-BLEND-WHOLESALE,9,84.0,756.0
ORD-005438,WCUST-00455,2026-07-21,REGULAR-BLEND-WHOLESALE,8,84.0,672.0
ORD-005439,WCUST-00455,2026-08-28,REGULAR-BLEND-WHOLESALE,6,84.0,504.0
ORD-005440,WCUST-00456,2024-09-28,REGULAR-PERU-WHOLESALE,2,84.0,168.0
ORD-005441,WCUST-00456,2024-10-24,REGULAR-GUATEMALA-WHOLESALE,5,84.0,420.0
ORD-005441,WCUST-00456,2024-10-24,DECAF-GUATEMALA-RETAIL,3,15.5,46.5
ORD-005442,WCUST-00456,2024-11-25,REGULAR-GUATEMALA-WHOLESALE,5,84.0,420.0
ORD-005443,WCUST-00456,2024-12-25,REGULAR-GUATEMALA-WHOLESALE,4,84.0,336.0
ORD-005444,WCUST-00456,2025-01-25,REGULAR-GUATEMALA-WHOLESALE,3,84.0,252.0
ORD-005445,WCUST-00456,2025-02-25,DECAF-BLEND-WHOLESALE,4,93.0,372.0
ORD-005446,WCUST-00456,2025-03-21,REGULAR-COLOMBIA-WHOLESALE,4,84.0,336.0
ORD-005447,WCUST-00456,2025-04-26,REGULAR-GUATEMALA-WHOLESALE,4,84.0,336.0
ORD-005448,WCUST-00456,2025-05-16,REGULAR-GUATEMALA-WHOLESALE,5,84.0,420.0
ORD-005449,WCUST-00456,2025-06-17,REGULAR-GUATEMALA-WHOLESALE,4,84.0,336.0
ORD-005449,WCUST-00456,2025-06-17,REGULAR-GUATEMALA-RETAIL,1,14.0,14.0
ORD-005450,WCUST-00456,2025-07-07,REGULAR-COLOMBIA-WHOLESALE,3,84.0,252.0
ORD-005451,WCUST-00456,2025-07-28,REGULAR-COLOMBIA-WHOLESALE,3,84.0,252.0
ORD-005451,WCUST-00456,2025-07-28,DECAF-BLEND-RETAIL,2,15.5,31.0
ORD-005452,WCUST-00456,2025-08-30,DECAF-GUATEMALA-WHOLESALE,3,93.0,279.0
ORD-005453,WCUST-00456,2025-09-26,REGULAR-GUATEMALA-WHOLESALE,4,84.0,336.0
ORD-005453,WCUST-00456,2025-09-26,REGULAR-GUATEMALA-RETAIL,1,14.0,14.0
ORD-005454,WCUST-00456,2025-10-22,REGULAR-GUATEMALA-WHOLESALE,4,84.0,336.0
ORD-005454,WCUST-00456,2025-10-22,REGULAR-PERU-RETAIL,2,14.0,28.0
ORD-005455,WCUST-00456,2025-11-19,REGULAR-BLEND-WHOLESALE,5,84.0,420.0
ORD-005456,WCUST-00456,2025-12-09,REGULAR-BLEND-WHOLESALE,2,84.0,168.0
ORD-005457,WCUST-00456,2026-01-09,REGULAR-BLEND-WHOLESALE,2,84.0,168.0
ORD-005458,WCUST-00456,2026-02-05,REGULAR-BLEND-WHOLESALE,2,84.0,168.0
ORD-005458,WCUST-00456,2026-02-05,REGULAR-BLEND-RETAIL,2,14.0,28.0
ORD-005459,WCUST-00456,2026-03-08,REGULAR-COLOMBIA-WHOLESALE,5,84.0,420.0
ORD-005460,WCUST-00456,2026-04-10,REGULAR-GUATEMALA-WHOLESALE,3,84.0,252.0
ORD-005461,WCUST-00456,2026-05-02,REGULAR-BLEND-WHOLESALE,4,84.0,336.0
ORD-005462,WCUST-00456,2026-06-01,REGULAR-BLEND-WHOLESALE,4,84.0,336.0
ORD-005463,WCUST-00456,2026-07-02,REGULAR-COLOMBIA-WHOLESALE,3,84.0,252.0
ORD-005464,WCUST-00456,2026-07-26,REGULAR-COLOMBIA-WHOLESALE,3,84.0,252.0
ORD-005465,WCUST-00456,2026-08-25,REGULAR-BLEND-WHOLESALE,3,84.0,252.0
ORD-005466,WCUST-00457,2024-08-05,REGULAR-PERU-WHOLESALE,4,84.0,336.0
ORD-005467,WCUST-00457,2024-08-30,REGULAR-PERU-WHOLESALE,7,84.0,588.0
ORD-005468,WCUST-00457,2024-09-16,REGULAR-PERU-WHOLESALE,7,84.0,588.0
ORD-005469,WCUST-00457,2024-10-06,REGULAR-GUATEMALA-WHOLESALE,3,84.0,252.0
ORD-005470,WCUST-00457,2024-10-25,REGULAR-GUATEMALA-WHOLESALE,7,84.0,588.0
ORD-005471,WCUST-00457,2024-11-14,REGULAR-GUATEMALA-WHOLESALE,4,84.0,336.0
ORD-005472,WCUST-00457,2024-12-01,REGULAR-GUATEMALA-WHOLESALE,8,84.0,672.0
ORD-005473,WCUST-00457,2024-12-25,REGULAR-GUATEMALA-WHOLESALE,7,84.0,588.0
ORD-005473,WCUST-00457,2024-12-25,REGULAR-GUATEMALA-RETAIL,1,14.0,14.0
ORD-005474,WCUST-00457,2025-01-16,REGULAR-GUATEMALA-WHOLESALE,4,84.0,336.0
ORD-005475,WCUST-00457,2025-01-31,REGULAR-GUATEMALA-WHOLESALE,7,84.0,588.0
ORD-005476,WCUST-00457,2025-02-19,REGULAR-GUATEMALA-WHOLESALE,3,84.0,252.0
ORD-005477,WCUST-00457,2025-03-10,DECAF-BLEND-WHOLESALE,5,93.0,465.0
ORD-005478,WCUST-00457,2025-03-30,REGULAR-GUATEMALA-WHOLESALE,8,84.0,672.0
ORD-005479,WCUST-00457,2025-04-19,REGULAR-GUATEMALA-WHOLESALE,7,84.0,588.0
ORD-005479,WCUST-00457,2025-04-19,DECAF-BLEND-RETAIL,3,15.5,46.5
ORD-005480,WCUST-00457,2025-05-05,DECAF-BLEND-WHOLESALE,6,93.0,558.0
ORD-005481,WCUST-00457,2025-05-20,REGULAR-GUATEMALA-WHOLESALE,4,84.0,336.0
ORD-005482,WCUST-00457,2025-06-15,REGULAR-GUATEMALA-WHOLESALE,6,84.0,504.0
ORD-005483,WCUST-00457,2025-07-01,REGULAR-COLOMBIA-WHOLESALE,7,84.0,588.0
ORD-005483,WCUST-00457,2025-07-01,REGULAR-COLOMBIA-RETAIL,3,14.0,42.0
ORD-005484,WCUST-00457,2025-07-18,REGULAR-COLOMBIA-WHOLESALE,8,84.0,672.0
ORD-005484,WCUST-00457,2025-07-18,REGULAR-COLOMBIA-RETAIL,1,14.0,14.0
ORD-005485,WCUST-00457,2025-08-08,REGULAR-GUATEMALA-WHOLESALE,6,84.0,504.0
ORD-005486,WCUST-00457,2025-08-23,REGULAR-PERU-WHOLESALE,6,84.0,504.0
ORD-005487,WCUST-00457,2025-09-18,REGULAR-PERU-WHOLESALE,6,84.0,504.0
ORD-005488,WCUST-00457,2025-10-09,REGULAR-GUATEMALA-WHOLESALE,5,84.0,420.0
ORD-005489,WCUST-00457,2025-10-25,REGULAR-PERU-WHOLESALE,7,84.0,588.0
ORD-005490,WCUST-00457,2025-11-18,REGULAR-BLEND-WHOLESALE,3,84.0,252.0
ORD-005490,WCUST-00457,2025-11-18,REGULAR-GUATEMALA-RETAIL,2,14.0,28.0
ORD-005491,WCUST-00457,2025-12-12,REGULAR-BLEND-WHOLESALE,6,84.0,504.0
ORD-005492,WCUST-00457,2026-01-07,REGULAR-BLEND-WHOLESALE,7,84.0,588.0
ORD-005493,WCUST-00457,2026-02-02,REGULAR-BLEND-WHOLESALE,3,84.0,252.0
ORD-005493,WCUST-00457,2026-02-02,REGULAR-BLEND-RETAIL,3,14.0,42.0
ORD-005494,WCUST-00457,2026-02-27,REGULAR-BLEND-WHOLESALE,7,84.0,588.0
ORD-005495,WCUST-00457,2026-03-21,REGULAR-COLOMBIA-WHOLESALE,5,84.0,420.0
ORD-005496,WCUST-00457,2026-04-05,REGULAR-GUATEMALA-WHOLESALE,5,84.0,420.0
ORD-005497,WCUST-00457,2026-04-21,REGULAR-GUATEMALA-WHOLESALE,8,84.0,672.0
ORD-005498,WCUST-00457,2026-05-13,REGULAR-BLEND-WHOLESALE,7,84.0,588.0
ORD-005499,WCUST-00457,2026-06-05,REGULAR-BLEND-WHOLESALE,7,84.0,588.0
ORD-005499,WCUST-00457,2026-06-05,REGULAR-BLEND-RETAIL,1,14.0,14.0
ORD-005500,WCUST-00457,2026-06-24,DECAF-COLOMBIA-WHOLESALE,5,93.0,465.0
ORD-005501,WCUST-00457,2026-07-18,REGULAR-COLOMBIA-WHOLESALE,8,84.0,672.0
ORD-005502,WCUST-00457,2026-08-06,REGULAR-BLEND-WHOLESALE,3,84.0,252.0
ORD-005502,WCUST-00457,2026-08-06,REGULAR-COLOMBIA-RETAIL,1,14.0,14.0
ORD-005503,WCUST-00457,2026-08-30,REGULAR-COLOMBIA-WHOLESALE,8,84.0,672.0
ORD-005504,WCUST-00458,2024-12-24,REGULAR-GUATEMALA-WHOLESALE,5,84.0,420.0
ORD-005505,WCUST-00458,2025-01-24,REGULAR-GUATEMALA-WHOLESALE,2,84.0,168.0
ORD-005506,WCUST-00458,2025-02-25,REGULAR-GUATEMALA-WHOLESALE,5,84.0,420.0
ORD-005507,WCUST-00458,2025-03-17,DECAF-BLEND-WHOLESALE,5,93.0,465.0
ORD-005508,WCUST-00458,2025-04-18,REGULAR-GUATEMALA-WHOLESALE,3,84.0,252.0
ORD-005509,WCUST-00458,2025-05-09,REGULAR-GUATEMALA-WHOLESALE,5,84.0,420.0
ORD-005510,WCUST-00458,2025-06-08,REGULAR-GUATEMALA-WHOLESALE,2,84.0,168.0
ORD-005511,WCUST-00458,2025-07-11,REGULAR-COLOMBIA-WHOLESALE,4,84.0,336.0
ORD-005512,WCUST-00458,2025-08-12,REGULAR-PERU-WHOLESALE,2,84.0,168.0
ORD-005513,WCUST-00458,2025-09-12,REGULAR-GUATEMALA-WHOLESALE,5,84.0,420.0
ORD-005513,WCUST-00458,2025-09-12,REGULAR-PERU-RETAIL,3,14.0,42.0
ORD-005514,WCUST-00458,2025-10-17,REGULAR-PERU-WHOLESALE,4,84.0,336.0
ORD-005515,WCUST-00458,2025-11-11,REGULAR-BLEND-WHOLESALE,3,84.0,252.0
ORD-005516,WCUST-00458,2025-12-04,DECAF-PERU-WHOLESALE,2,93.0,186.0
ORD-005517,WCUST-00458,2026-01-08,REGULAR-PERU-WHOLESALE,5,84.0,420.0
ORD-005518,WCUST-00458,2026-02-07,REGULAR-BLEND-WHOLESALE,5,84.0,420.0
ORD-005519,WCUST-00458,2026-03-01,REGULAR-COLOMBIA-WHOLESALE,2,84.0,168.0
ORD-005520,WCUST-00458,2026-04-03,REGULAR-GUATEMALA-WHOLESALE,3,84.0,252.0
ORD-005521,WCUST-00458,2026-04-24,DECAF-COLOMBIA-WHOLESALE,3,93.0,279.0
ORD-005522,WCUST-00458,2026-05-17,REGULAR-BLEND-WHOLESALE,3,84.0,252.0
ORD-005522,WCUST-00458,2026-05-17,REGULAR-BLEND-RETAIL,3,14.0,42.0
ORD-005523,WCUST-00458,2026-06-20,REGULAR-BLEND-WHOLESALE,5,84.0,420.0
ORD-005524,WCUST-00458,2026-07-13,REGULAR-COLOMBIA-WHOLESALE,4,84.0,336.0
ORD-005525,WCUST-00458,2026-08-02,REGULAR-COLOMBIA-WHOLESALE,5,84.0,420.0
ORD-005526,WCUST-00458,2026-09-05,REGULAR-BLEND-WHOLESALE,3,84.0,252.0
ORD-005526,WCUST-00458,2026-09-05,REGULAR-COLOMBIA-RETAIL,3,14.0,42.0
ORD-005527,WCUST-00459,2024-12-07,REGULAR-GUATEMALA-WHOLESALE,4,84.0,336.0
ORD-005527,WCUST-00459,2024-12-07,REGULAR-GUATEMALA-RETAIL,3,14.0,42.0
ORD-005528,WCUST-00459,2024-12-30,REGULAR-GUATEMALA-WHOLESALE,4,84.0,336.0
ORD-005529,WCUST-00459,2025-01-28,REGULAR-GUATEMALA-WHOLESALE,5,84.0,420.0
ORD-005530,WCUST-00459,2025-03-02,REGULAR-COLOMBIA-WHOLESALE,4,84.0,336.0
ORD-005530,WCUST-00459,2025-03-02,REGULAR-COLOMBIA-RETAIL,1,14.0,14.0
ORD-005531,WCUST-00459,2025-03-30,REGULAR-GUATEMALA-WHOLESALE,5,84.0,420.0
ORD-005532,WCUST-00459,2025-05-05,DECAF-BLEND-WHOLESALE,3,93.0,279.0
ORD-005533,WCUST-00459,2025-06-09,REGULAR-GUATEMALA-WHOLESALE,5,84.0,420.0
ORD-005534,WCUST-00459,2025-07-12,REGULAR-COLOMBIA-WHOLESALE,5,84.0,420.0
ORD-005535,WCUST-00459,2025-08-04,DECAF-GUATEMALA-WHOLESALE,2,93.0,186.0
ORD-005536,WCUST-00459,2025-09-07,REGULAR-GUATEMALA-WHOLESALE,2,84.0,168.0
ORD-005537,WCUST-00459,2025-09-27,REGULAR-GUATEMALA-WHOLESALE,3,84.0,252.0
ORD-005537,WCUST-00459,2025-09-27,REGULAR-GUATEMALA-RETAIL,1,14.0,14.0
ORD-005538,WCUST-00459,2025-10-29,REGULAR-PERU-WHOLESALE,4,84.0,336.0
ORD-005539,WCUST-00459,2025-11-28,REGULAR-GUATEMALA-WHOLESALE,5,84.0,420.0
ORD-005540,WCUST-00459,2026-01-03,REGULAR-PERU-WHOLESALE,5,84.0,420.0
ORD-005541,WCUST-00459,2026-02-07,REGULAR-BLEND-WHOLESALE,4,84.0,336.0
ORD-005542,WCUST-00459,2026-02-27,REGULAR-PERU-WHOLESALE,4,84.0,336.0
ORD-005543,WCUST-00459,2026-03-24,REGULAR-COLOMBIA-WHOLESALE,5,84.0,420.0
ORD-005544,WCUST-00459,2026-04-27,REGULAR-GUATEMALA-WHOLESALE,4,84.0,336.0
ORD-005544,WCUST-00459,2026-04-27,DECAF-COLOMBIA-RETAIL,3,15.5,46.5
ORD-005545,WCUST-00459,2026-05-24,REGULAR-BLEND-WHOLESALE,4,84.0,336.0
ORD-005545,WCUST-00459,2026-05-24,REGULAR-BLEND-RETAIL,1,14.0,14.0
ORD-005546,WCUST-00459,2026-06-14,DECAF-COLOMBIA-WHOLESALE,5,93.0,465.0
ORD-005547,WCUST-00459,2026-07-11,REGULAR-BLEND-WHOLESALE,5,84.0,420.0
ORD-005548,WCUST-00459,2026-08-12,REGULAR-BLEND-WHOLESALE,3,84.0,252.0
ORD-005548,WCUST-00459,2026-08-12,REGULAR-COLOMBIA-RETAIL,3,14.0,42.0
ORD-005549,WCUST-00459,2026-09-08,REGULAR-BLEND-WHOLESALE,3,84.0,252.0
ORD-005550,WCUST-00461,2025-01-12,REGULAR-GUATEMALA-WHOLESALE,1,84.0,84.0
ORD-005551,WCUST-00461,2025-03-06,REGULAR-COLOMBIA-WHOLESALE,1,84.0,84.0
ORD-005552,WCUST-00461,2025-04-21,REGULAR-GUATEMALA-WHOLESALE,3,84.0,252.0
ORD-005553,WCUST-00461,2025-06-16,REGULAR-GUATEMALA-WHOLESALE,3,84.0,252.0
ORD-005554,WCUST-00461,2025-08-11,REGULAR-PERU-WHOLESALE,3,84.0,252.0
ORD-005555,WCUST-00461,2025-10-05,REGULAR-GUATEMALA-WHOLESALE,3,84.0,252.0
ORD-005556,WCUST-00461,2025-12-10,REGULAR-BLEND-WHOLESALE,2,84.0,168.0
ORD-005557,WCUST-00461,2026-02-12,DECAF-COLOMBIA-WHOLESALE,1,93.0,93.0
ORD-005558,WCUST-00461,2026-04-01,REGULAR-GUATEMALA-WHOLESALE,3,84.0,252.0
ORD-005559,WCUST-00461,2026-05-23,REGULAR-BLEND-WHOLESALE,3,84.0,252.0
ORD-005560,WCUST-00461,2026-07-04,REGULAR-COLOMBIA-WHOLESALE,2,84.0,168.0
ORD-005561,WCUST-00462,2025-05-14,REGULAR-GUATEMALA-WHOLESALE,1,84.0,84.0
ORD-005562,WCUST-00462,2025-07-25,REGULAR-COLOMBIA-WHOLESALE,1,84.0,84.0
ORD-005563,WCUST-00462,2025-09-25,DECAF-GUATEMALA-WHOLESALE,3,93.0,279.0
ORD-005564,WCUST-00462,2025-11-23,REGULAR-BLEND-WHOLESALE,2,84.0,168.0
ORD-005565,WCUST-00462,2026-01-24,DECAF-PERU-WHOLESALE,2,93.0,186.0
ORD-005566,WCUST-00462,2026-03-15,REGULAR-COLOMBIA-WHOLESALE,1,84.0,84.0
ORD-005566,WCUST-00462,2026-03-15,REGULAR-COLOMBIA-RETAIL,1,14.0,14.0
ORD-005567,WCUST-00462,2026-05-12,REGULAR-BLEND-WHOLESALE,3,84.0,252.0
ORD-005568,WCUST-00462,2026-07-14,REGULAR-COLOMBIA-WHOLESALE,3,84.0,252.0
ORD-005569,WCUST-00465,2026-04-29,REGULAR-GUATEMALA-WHOLESALE,7,84.0,588.0
ORD-005570,WCUST-00466,2024-02-22,REGULAR-GUATEMALA-WHOLESALE,7,84.0,588.0
ORD-005571,WCUST-00466,2024-03-21,DECAF-COLOMBIA-WHOLESALE,4,93.0,372.0
ORD-005572,WCUST-00466,2024-04-16,DECAF-GUATEMALA-WHOLESALE,9,93.0,837.0
ORD-005573,WCUST-00466,2024-05-19,DECAF-GUATEMALA-WHOLESALE,10,93.0,930.0
ORD-005574,WCUST-00466,2024-06-28,REGULAR-BLEND-WHOLESALE,10,84.0,840.0
ORD-005574,WCUST-00466,2024-06-28,REGULAR-BLEND-RETAIL,2,14.0,28.0
ORD-005575,WCUST-00466,2024-08-11,REGULAR-BLEND-WHOLESALE,7,84.0,588.0
ORD-005576,WCUST-00466,2024-09-14,REGULAR-PERU-WHOLESALE,7,84.0,588.0
ORD-005577,WCUST-00466,2024-10-11,DECAF-GUATEMALA-WHOLESALE,7,93.0,651.0
ORD-005578,WCUST-00466,2024-11-19,REGULAR-GUATEMALA-WHOLESALE,5,84.0,420.0
ORD-005578,WCUST-00466,2024-11-19,DECAF-PERU-RETAIL,2,15.5,31.0
ORD-005579,WCUST-00466,2024-12-17,REGULAR-GUATEMALA-WHOLESALE,6,84.0,504.0
ORD-005580,WCUST-00466,2025-01-19,REGULAR-GUATEMALA-WHOLESALE,8,84.0,672.0
ORD-005581,WCUST-00466,2025-03-03,DECAF-BLEND-WHOLESALE,7,93.0,651.0
ORD-005582,WCUST-00466,2025-04-12,DECAF-BLEND-WHOLESALE,10,93.0,930.0
ORD-005583,WCUST-00466,2025-05-23,REGULAR-GUATEMALA-WHOLESALE,5,84.0,420.0
ORD-005583,WCUST-00466,2025-05-23,REGULAR-GUATEMALA-RETAIL,2,14.0,28.0
ORD-005584,WCUST-00466,2025-06-19,REGULAR-GUATEMALA-WHOLESALE,10,84.0,840.0
ORD-005585,WCUST-00466,2025-07-21,REGULAR-COLOMBIA-WHOLESALE,4,84.0,336.0
ORD-005586,WCUST-00466,2025-08-16,REGULAR-PERU-WHOLESALE,4,84.0,336.0
ORD-005587,WCUST-00466,2025-09-22,REGULAR-GUATEMALA-WHOLESALE,8,84.0,672.0
ORD-005588,WCUST-00466,2025-10-27,REGULAR-PERU-WHOLESALE,9,84.0,756.0
ORD-005589,WCUST-00466,2025-11-24,REGULAR-GUATEMALA-WHOLESALE,10,84.0,840.0
ORD-005590,WCUST-00466,2026-01-07,REGULAR-BLEND-WHOLESALE,7,84.0,588.0
ORD-005591,WCUST-00466,2026-02-21,REGULAR-PERU-WHOLESALE,6,84.0,504.0
ORD-005592,WCUST-00466,2026-03-29,REGULAR-COLOMBIA-WHOLESALE,9,84.0,756.0
ORD-005593,WCUST-00466,2026-04-27,REGULAR-GUATEMALA-WHOLESALE,9,84.0,756.0
ORD-005594,WCUST-00466,2026-06-08,REGULAR-BLEND-WHOLESALE,8,84.0,672.0
ORD-005595,WCUST-00466,2026-07-07,REGULAR-BLEND-WHOLESALE,10,84.0,840.0
ORD-005596,WCUST-00466,2026-08-15,REGULAR-COLOMBIA-WHOLESALE,6,84.0,504.0
ORD-005596,WCUST-00466,2026-08-15,REGULAR-BLEND-RETAIL,3,14.0,42.0
ORD-005597,WCUST-00467,2024-06-30,REGULAR-BLEND-WHOLESALE,3,84.0,252.0
ORD-005598,WCUST-00467,2024-07-25,REGULAR-BLEND-WHOLESALE,4,84.0,336.0
ORD-005599,WCUST-00467,2024-08-10,REGULAR-BLEND-WHOLESALE,7,84.0,588.0
ORD-005600,WCUST-00467,2024-08-27,REGULAR-BLEND-WHOLESALE,8,84.0,672.0
ORD-005601,WCUST-00467,2024-09-17,REGULAR-PERU-WHOLESALE,3,84.0,252.0
ORD-005602,WCUST-00467,2024-10-11,REGULAR-GUATEMALA-WHOLESALE,5,84.0,420.0
ORD-005603,WCUST-00467,2024-10-29,REGULAR-GUATEMALA-WHOLESALE,7,84.0,588.0
ORD-005603,WCUST-00467,2024-10-29,REGULAR-GUATEMALA-RETAIL,2,14.0,28.0
ORD-005604,WCUST-00467,2024-11-18,DECAF-PERU-WHOLESALE,3,93.0,279.0
ORD-005605,WCUST-00467,2024-12-10,DECAF-PERU-WHOLESALE,6,93.0,558.0
ORD-005606,WCUST-00467,2024-12-31,REGULAR-GUATEMALA-WHOLESALE,6,84.0,504.0
ORD-005607,WCUST-00467,2025-01-22,REGULAR-GUATEMALA-WHOLESALE,4,84.0,336.0
ORD-005608,WCUST-00467,2025-02-10,REGULAR-GUATEMALA-WHOLESALE,6,84.0,504.0
ORD-005609,WCUST-00467,2025-03-09,REGULAR-GUATEMALA-WHOLESALE,5,84.0,420.0
ORD-005610,WCUST-00467,2025-03-25,REGULAR-COLOMBIA-WHOLESALE,6,84.0,504.0
ORD-005611,WCUST-00467,2025-04-21,REGULAR-GUATEMALA-WHOLESALE,8,84.0,672.0
ORD-005612,WCUST-00467,2025-05-14,REGULAR-GUATEMALA-WHOLESALE,8,84.0,672.0
ORD-005613,WCUST-00467,2025-06-04,REGULAR-GUATEMALA-WHOLESALE,8,84.0,672.0
ORD-005614,WCUST-00467,2025-06-22,REGULAR-GUATEMALA-WHOLESALE,5,84.0,420.0
ORD-005614,WCUST-00467,2025-06-22,REGULAR-GUATEMALA-RETAIL,2,14.0,28.0
ORD-005615,WCUST-00467,2025-07-16,REGULAR-COLOMBIA-WHOLESALE,4,84.0,336.0
ORD-005616,WCUST-00467,2025-08-04,REGULAR-GUATEMALA-WHOLESALE,6,84.0,504.0
ORD-005617,WCUST-00467,2025-08-25,DECAF-GUATEMALA-WHOLESALE,8,93.0,744.0
ORD-005618,WCUST-00467,2025-09-11,REGULAR-GUATEMALA-WHOLESALE,5,84.0,420.0
ORD-005619,WCUST-00467,2025-09-26,DECAF-GUATEMALA-WHOLESALE,5,93.0,465.0
ORD-005620,WCUST-00467,2025-10-20,REGULAR-GUATEMALA-WHOLESALE,4,84.0,336.0
ORD-005621,WCUST-00467,2025-11-12,DECAF-PERU-WHOLESALE,4,93.0,372.0
ORD-005621,WCUST-00467,2025-11-12,REGULAR-GUATEMALA-RETAIL,1,14.0,14.0
ORD-005622,WCUST-00467,2025-12-07,REGULAR-GUATEMALA-WHOLESALE,5,84.0,420.0
ORD-005623,WCUST-00467,2025-12-22,REGULAR-BLEND-WHOLESALE,4,84.0,336.0
ORD-005624,WCUST-00468,2024-09-16,REGULAR-BLEND-WHOLESALE,8,84.0,672.0
ORD-005625,WCUST-00468,2024-10-09,REGULAR-GUATEMALA-WHOLESALE,6,84.0,504.0
ORD-005625,WCUST-00468,2024-10-09,REGULAR-GUATEMALA-RETAIL,1,14.0,14.0
ORD-005626,WCUST-00468,2024-10-31,REGULAR-GUATEMALA-WHOLESALE,5,84.0,420.0
ORD-005626,WCUST-00468,2024-10-31,REGULAR-GUATEMALA-RETAIL,1,14.0,14.0
ORD-005627,WCUST-00468,2024-11-15,REGULAR-GUATEMALA-WHOLESALE,4,84.0,336.0
ORD-005628,WCUST-00468,2024-12-02,REGULAR-GUATEMALA-WHOLESALE,8,84.0,672.0
ORD-005628,WCUST-00468,2024-12-02,REGULAR-GUATEMALA-RETAIL,2,14.0,28.0
ORD-005629,WCUST-00468,2024-12-19,REGULAR-GUATEMALA-WHOLESALE,8,84.0,672.0
ORD-005630,WCUST-00468,2025-01-13,REGULAR-GUATEMALA-WHOLESALE,8,84.0,672.0
ORD-005631,WCUST-00468,2025-02-06,REGULAR-COLOMBIA-WHOLESALE,4,84.0,336.0
ORD-005632,WCUST-00468,2025-02-26,REGULAR-GUATEMALA-WHOLESALE,3,84.0,252.0
ORD-005633,WCUST-00468,2025-03-17,REGULAR-GUATEMALA-WHOLESALE,4,84.0,336.0
ORD-005634,WCUST-00468,2025-04-12,REGULAR-GUATEMALA-WHOLESALE,8,84.0,672.0
ORD-005635,WCUST-00468,2025-04-28,REGULAR-GUATEMALA-WHOLESALE,6,84.0,504.0
ORD-005636,WCUST-00468,2025-05-18,REGULAR-GUATEMALA-WHOLESALE,5,84.0,420.0
ORD-005637,WCUST-00468,2025-06-06,REGULAR-GUATEMALA-WHOLESALE,5,84.0,420.0
ORD-005638,WCUST-00468,2025-06-24,REGULAR-GUATEMALA-WHOLESALE,5,84.0,420.0
ORD-005639,WCUST-00468,2025-07-16,REGULAR-COLOMBIA-WHOLESALE,6,84.0,504.0
ORD-005640,WCUST-00468,2025-08-03,REGULAR-PERU-WHOLESALE,6,84.0,504.0
ORD-005641,WCUST-00468,2025-08-27,REGULAR-GUATEMALA-WHOLESALE,7,84.0,588.0
ORD-005642,WCUST-00468,2025-09-13,REGULAR-GUATEMALA-WHOLESALE,5,84.0,420.0
ORD-005643,WCUST-00468,2025-09-30,REGULAR-PERU-WHOLESALE,5,84.0,420.0
ORD-005644,WCUST-00468,2025-10-27,REGULAR-GUATEMALA-WHOLESALE,6,84.0,504.0
ORD-005645,WCUST-00468,2025-11-16,REGULAR-BLEND-WHOLESALE,6,84.0,504.0
ORD-005645,WCUST-00468,2025-11-16,REGULAR-BLEND-RETAIL,2,14.0,28.0
ORD-005646,WCUST-00468,2025-12-10,REGULAR-BLEND-WHOLESALE,5,84.0,420.0
ORD-005647,WCUST-00468,2026-01-04,REGULAR-PERU-WHOLESALE,6,84.0,504.0
ORD-005648,WCUST-00468,2026-01-25,DECAF-PERU-WHOLESALE,5,93.0,465.0
ORD-005649,WCUST-00468,2026-02-11,REGULAR-BLEND-WHOLESALE,4,84.0,336.0
ORD-005650,WCUST-00468,2026-02-28,REGULAR-BLEND-WHOLESALE,8,84.0,672.0
ORD-005651,WCUST-00468,2026-03-21,REGULAR-COLOMBIA-WHOLESALE,4,84.0,336.0
ORD-005652,WCUST-00468,2026-04-16,DECAF-COLOMBIA-WHOLESALE,8,93.0,744.0
ORD-005653,WCUST-00468,2026-05-06,REGULAR-BLEND-WHOLESALE,6,84.0,504.0
ORD-005654,WCUST-00468,2026-05-21,REGULAR-BLEND-WHOLESALE,7,84.0,588.0
ORD-005655,WCUST-00468,2026-06-15,REGULAR-BLEND-WHOLESALE,3,84.0,252.0
ORD-005655,WCUST-00468,2026-06-15,REGULAR-BLEND-RETAIL,3,14.0,42.0
ORD-005656,WCUST-00468,2026-06-30,REGULAR-BLEND-WHOLESALE,8,84.0,672.0
ORD-005657,WCUST-00468,2026-07-27,REGULAR-BLEND-WHOLESALE,8,84.0,672.0
ORD-005658,WCUST-00468,2026-08-16,DECAF-BLEND-WHOLESALE,6,93.0,558.0
ORD-005659,WCUST-00468,2026-09-02,REGULAR-COLOMBIA-WHOLESALE,3,84.0,252.0
ORD-005660,WCUST-00469,2025-11-04,REGULAR-BLEND-WHOLESALE,5,84.0,420.0
ORD-005661,WCUST-00469,2025-11-29,REGULAR-GUATEMALA-WHOLESALE,8,84.0,672.0
ORD-005662,WCUST-00469,2025-12-19,REGULAR-GUATEMALA-WHOLESALE,4,84.0,336.0
ORD-005663,WCUST-00469,2026-01-10,REGULAR-BLEND-WHOLESALE,4,84.0,336.0
ORD-005664,WCUST-00469,2026-02-02,REGULAR-PERU-WHOLESALE,3,84.0,252.0
ORD-005665,WCUST-00469,2026-02-27,REGULAR-PERU-WHOLESALE,4,84.0,336.0
ORD-005665,WCUST-00469,2026-02-27,REGULAR-PERU-RETAIL,2,14.0,28.0
ORD-005666,WCUST-00469,2026-03-16,REGULAR-COLOMBIA-WHOLESALE,3,84.0,252.0
ORD-005667,WCUST-00469,2026-04-05,REGULAR-GUATEMALA-WHOLESALE,3,84.0,252.0
ORD-005668,WCUST-00469,2026-04-27,REGULAR-GUATEMALA-WHOLESALE,3,84.0,252.0
ORD-005669,WCUST-00469,2026-05-17,REGULAR-BLEND-WHOLESALE,7,84.0,588.0
ORD-005670,WCUST-00469,2026-06-03,DECAF-COLOMBIA-WHOLESALE,5,93.0,465.0
ORD-005671,WCUST-00469,2026-06-25,REGULAR-BLEND-WHOLESALE,6,84.0,504.0
ORD-005672,WCUST-00469,2026-07-12,DECAF-COLOMBIA-WHOLESALE,7,93.0,651.0
ORD-005673,WCUST-00469,2026-08-04,REGULAR-COLOMBIA-WHOLESALE,6,84.0,504.0
ORD-005674,WCUST-00469,2026-08-30,REGULAR-BLEND-WHOLESALE,7,84.0,588.0
ORD-005675,WCUST-00470,2025-11-22,REGULAR-BLEND-WHOLESALE,4,84.0,336.0
ORD-005676,WCUST-00470,2025-12-14,REGULAR-BLEND-WHOLESALE,5,84.0,420.0
ORD-005677,WCUST-00470,2026-01-09,REGULAR-PERU-WHOLESALE,2,84.0,168.0
ORD-005678,WCUST-00470,2026-02-09,DECAF-COLOMBIA-WHOLESALE,3,93.0,279.0
ORD-005679,WCUST-00470,2026-03-15,REGULAR-COLOMBIA-WHOLESALE,2,84.0,168.0
ORD-005680,WCUST-00470,2026-04-15,REGULAR-GUATEMALA-WHOLESALE,3,84.0,252.0
ORD-005681,WCUST-00470,2026-05-08,REGULAR-BLEND-WHOLESALE,5,84.0,420.0
ORD-005681,WCUST-00470,2026-05-08,REGULAR-BLEND-RETAIL,3,14.0,42.0
ORD-005682,WCUST-00470,2026-06-02,REGULAR-BLEND-WHOLESALE,2,84.0,168.0
ORD-005683,WCUST-00470,2026-06-29,REGULAR-BLEND-WHOLESALE,4,84.0,336.0
ORD-005684,WCUST-00470,2026-07-24,REGULAR-COLOMBIA-WHOLESALE,4,84.0,336.0
ORD-005685,WCUST-00470,2026-08-15,REGULAR-BLEND-WHOLESALE,2,84.0,168.0
ORD-005686,WCUST-00471,2025-02-21,DECAF-BLEND-WHOLESALE,3,93.0,279.0
ORD-005687,WCUST-00471,2025-04-28,REGULAR-GUATEMALA-WHOLESALE,2,84.0,168.0
ORD-005688,WCUST-00471,2025-06-25,REGULAR-GUATEMALA-WHOLESALE,3,84.0,252.0
ORD-005689,WCUST-00471,2025-08-21,REGULAR-GUATEMALA-WHOLESALE,1,84.0,84.0
ORD-005690,WCUST-00471,2025-09-30,REGULAR-PERU-WHOLESALE,3,84.0,252.0
ORD-005691,WCUST-00471,2025-11-24,REGULAR-GUATEMALA-WHOLESALE,2,84.0,168.0
ORD-005692,WCUST-00471,2026-01-24,REGULAR-BLEND-WHOLESALE,3,84.0,252.0
ORD-005693,WCUST-00471,2026-03-10,REGULAR-GUATEMALA-WHOLESALE,1,84.0,84.0
ORD-005694,WCUST-00471,2026-05-03,REGULAR-BLEND-WHOLESALE,3,84.0,252.0
ORD-005695,WCUST-00471,2026-07-07,REGULAR-COLOMBIA-WHOLESALE,3,84.0,252.0
ORD-005696,WCUST-00471,2026-08-21,REGULAR-COLOMBIA-WHOLESALE,1,84.0,84.0
ORD-005697,WCUST-00472,2024-12-13,DECAF-PERU-WHOLESALE,4,93.0,372.0
ORD-005698,WCUST-00472,2025-01-03,DECAF-PERU-WHOLESALE,5,93.0,465.0
ORD-005699,WCUST-00472,2025-01-19,REGULAR-GUATEMALA-WHOLESALE,5,84.0,420.0
ORD-005700,WCUST-00472,2025-02-11,REGULAR-GUATEMALA-WHOLESALE,7,84.0,588.0
ORD-005701,WCUST-00472,2025-03-06,REGULAR-COLOMBIA-WHOLESALE,6,84.0,504.0
ORD-005702,WCUST-00472,2025-03-29,REGULAR-COLOMBIA-WHOLESALE,7,84.0,588.0
ORD-005703,WCUST-00472,2025-04-15,REGULAR-GUATEMALA-WHOLESALE,4,84.0,336.0
ORD-005704,WCUST-00472,2025-05-03,REGULAR-GUATEMALA-WHOLESALE,7,84.0,588.0
ORD-005705,WCUST-00472,2025-05-26,REGULAR-GUATEMALA-WHOLESALE,8,84.0,672.0
ORD-005706,WCUST-00472,2025-06-11,REGULAR-GUATEMALA-WHOLESALE,4,84.0,336.0
ORD-005707,WCUST-00472,2025-06-28,REGULAR-GUATEMALA-WHOLESALE,8,84.0,672.0
ORD-005708,WCUST-00472,2025-07-13,REGULAR-COLOMBIA-WHOLESALE,7,84.0,588.0
ORD-005709,WCUST-00472,2025-07-30,REGULAR-COLOMBIA-WHOLESALE,4,84.0,336.0
ORD-005710,WCUST-00472,2025-08-24,REGULAR-PERU-WHOLESALE,4,84.0,336.0
ORD-005711,WCUST-00472,2025-09-20,REGULAR-PERU-WHOLESALE,4,84.0,336.0
ORD-005712,WCUST-00472,2025-10-16,REGULAR-PERU-WHOLESALE,4,84.0,336.0
ORD-005713,WCUST-00472,2025-11-12,REGULAR-GUATEMALA-WHOLESALE,3,84.0,252.0
ORD-005714,WCUST-00472,2025-12-02,REGULAR-BLEND-WHOLESALE,3,84.0,252.0
ORD-005715,WCUST-00472,2025-12-23,REGULAR-GUATEMALA-WHOLESALE,3,84.0,252.0
ORD-005716,WCUST-00472,2026-01-15,REGULAR-BLEND-WHOLESALE,3,84.0,252.0
ORD-005717,WCUST-00472,2026-01-30,REGULAR-BLEND-WHOLESALE,3,84.0,252.0
ORD-005717,WCUST-00472,2026-01-30,REGULAR-BLEND-RETAIL,3,14.0,42.0
ORD-005718,WCUST-00472,2026-02-17,REGULAR-PERU-WHOLESALE,6,84.0,504.0
ORD-005719,WCUST-00472,2026-03-15,REGULAR-COLOMBIA-WHOLESALE,8,84.0,672.0
ORD-005720,WCUST-00472,2026-04-04,REGULAR-GUATEMALA-WHOLESALE,5,84.0,420.0
ORD-005721,WCUST-00472,2026-04-21,REGULAR-GUATEMALA-WHOLESALE,4,84.0,336.0
ORD-005722,WCUST-00472,2026-05-10,REGULAR-BLEND-WHOLESALE,8,84.0,672.0
ORD-005723,WCUST-00472,2026-06-06,REGULAR-BLEND-WHOLESALE,8,84.0,672.0
ORD-005724,WCUST-00472,2026-06-23,REGULAR-BLEND-WHOLESALE,5,84.0,420.0
ORD-005725,WCUST-00472,2026-07-15,REGULAR-COLOMBIA-WHOLESALE,8,84.0,672.0
ORD-005726,WCUST-00472,2026-08-01,REGULAR-COLOMBIA-WHOLESALE,4,84.0,336.0
ORD-005727,WCUST-00472,2026-08-26,DECAF-BLEND-WHOLESALE,6,93.0,558.0
ORD-005728,WCUST-00473,2025-10-03,DECAF-GUATEMALA-WHOLESALE,5,93.0,465.0
ORD-005729,WCUST-00473,2025-10-27,REGULAR-GUATEMALA-WHOLESALE,4,84.0,336.0
ORD-005730,WCUST-00473,2025-11-28,DECAF-PERU-WHOLESALE,3,93.0,279.0
ORD-005731,WCUST-00473,2026-01-01,DECAF-PERU-WHOLESALE,2,93.0,186.0
ORD-005732,WCUST-00473,2026-01-24,REGULAR-PERU-WHOLESALE,3,84.0,252.0
ORD-005733,WCUST-00473,2026-02-15,REGULAR-BLEND-WHOLESALE,3,84.0,252.0
ORD-005734,WCUST-00474,2025-11-12,REGULAR-GUATEMALA-WHOLESALE,4,84.0,336.0
ORD-005735,WCUST-00474,2025-12-09,REGULAR-GUATEMALA-WHOLESALE,4,84.0,336.0
ORD-005736,WCUST-00474,2026-01-01,REGULAR-BLEND-WHOLESALE,4,84.0,336.0
ORD-005737,WCUST-00474,2026-01-27,REGULAR-PERU-WHOLESALE,5,84.0,420.0
ORD-005738,WCUST-00474,2026-02-21,REGULAR-BLEND-WHOLESALE,8,84.0,672.0
ORD-005739,WCUST-00474,2026-03-09,REGULAR-GUATEMALA-WHOLESALE,7,84.0,588.0
ORD-005739,WCUST-00474,2026-03-09,DECAF-COLOMBIA-RETAIL,2,15.5,31.0
ORD-005740,WCUST-00474,2026-03-29,REGULAR-GUATEMALA-WHOLESALE,4,84.0,336.0
ORD-005741,WCUST-00474,2026-04-13,REGULAR-GUATEMALA-WHOLESALE,7,84.0,588.0
ORD-005742,WCUST-00474,2026-04-30,REGULAR-GUATEMALA-WHOLESALE,7,84.0,588.0
ORD-005743,WCUST-00474,2026-05-20,REGULAR-BLEND-WHOLESALE,3,84.0,252.0
ORD-005744,WCUST-00474,2026-06-12,REGULAR-BLEND-WHOLESALE,4,84.0,336.0
ORD-005745,WCUST-00474,2026-06-28,DECAF-COLOMBIA-WHOLESALE,7,93.0,651.0
ORD-005746,WCUST-00474,2026-07-24,REGULAR-BLEND-WHOLESALE,8,84.0,672.0
ORD-005747,WCUST-00474,2026-08-10,REGULAR-COLOMBIA-WHOLESALE,7,84.0,588.0
ORD-005748,WCUST-00474,2026-08-29,REGULAR-COLOMBIA-WHOLESALE,4,84.0,336.0
ORD-005749,WCUST-00475,2024-05-29,REGULAR-BLEND-WHOLESALE,1,84.0,84.0
ORD-005750,WCUST-00475,2024-07-25,REGULAR-BLEND-WHOLESALE,2,84.0,168.0
ORD-005751,WCUST-00475,2024-09-25,REGULAR-BLEND-WHOLESALE,3,84.0,252.0
ORD-005752,WCUST-00475,2024-11-06,REGULAR-GUATEMALA-WHOLESALE,2,84.0,168.0
ORD-005753,WCUST-00475,2024-12-31,REGULAR-GUATEMALA-WHOLESALE,2,84.0,168.0
ORD-005753,WCUST-00475,2024-12-31,DECAF-PERU-RETAIL,2,15.5,31.0
ORD-005754,WCUST-00475,2025-02-17,REGULAR-COLOMBIA-WHOLESALE,2,84.0,168.0
ORD-005755,WCUST-00475,2025-04-22,REGULAR-GUATEMALA-WHOLESALE,3,84.0,252.0
ORD-005756,WCUST-00475,2025-06-02,REGULAR-GUATEMALA-WHOLESALE,1,84.0,84.0
ORD-005757,WCUST-00475,2025-07-18,REGULAR-COLOMBIA-WHOLESALE,3,84.0,252.0
ORD-005757,WCUST-00475,2025-07-18,REGULAR-COLOMBIA-RETAIL,3,14.0,42.0
ORD-005758,WCUST-00475,2025-09-06,REGULAR-GUATEMALA-WHOLESALE,1,84.0,84.0
ORD-005759,WCUST-00475,2025-11-07,REGULAR-BLEND-WHOLESALE,2,84.0,168.0
ORD-005760,WCUST-00475,2025-12-28,REGULAR-GUATEMALA-WHOLESALE,3,84.0,252.0
ORD-005761,WCUST-00475,2026-02-09,REGULAR-PERU-WHOLESALE,2,84.0,168.0
ORD-005761,WCUST-00475,2026-02-09,REGULAR-BLEND-RETAIL,3,14.0,42.0
ORD-005762,WCUST-00475,2026-04-09,REGULAR-GUATEMALA-WHOLESALE,1,84.0,84.0
ORD-005763,WCUST-00475,2026-05-26,DECAF-PERU-WHOLESALE,2,93.0,186.0
ORD-005764,WCUST-00475,2026-07-10,REGULAR-COLOMBIA-WHOLESALE,1,84.0,84.0
ORD-005764,WCUST-00475,2026-07-10,REGULAR-BLEND-RETAIL,3,14.0,42.0
ORD-005765,WCUST-00475,2026-08-19,DECAF-BLEND-WHOLESALE,2,93.0,186.0
ORD-005766,WCUST-00476,2024-12-21,REGULAR-GUATEMALA-WHOLESALE,6,84.0,504.0
ORD-005767,WCUST-00476,2025-02-01,REGULAR-GUATEMALA-WHOLESALE,9,84.0,756.0
ORD-005768,WCUST-00476,2025-03-11,REGULAR-COLOMBIA-WHOLESALE,7,84.0,588.0
ORD-005769,WCUST-00476,2025-04-20,REGULAR-GUATEMALA-WHOLESALE,10,84.0,840.0
ORD-005770,WCUST-00476,2025-05-17,REGULAR-GUATEMALA-WHOLESALE,6,84.0,504.0
ORD-005771,WCUST-00476,2025-06-23,REGULAR-GUATEMALA-WHOLESALE,6,84.0,504.0
ORD-005771,WCUST-00476,2025-06-23,REGULAR-GUATEMALA-RETAIL,2,14.0,28.0
ORD-005772,WCUST-00476,2025-08-02,REGULAR-GUATEMALA-WHOLESALE,5,84.0,420.0
ORD-005773,WCUST-00476,2025-08-30,REGULAR-PERU-WHOLESALE,5,84.0,420.0
ORD-005774,WCUST-00476,2025-10-12,REGULAR-PERU-WHOLESALE,7,84.0,588.0
ORD-005775,WCUST-00476,2025-11-19,DECAF-PERU-WHOLESALE,6,93.0,558.0
ORD-005776,WCUST-00476,2025-12-16,REGULAR-BLEND-WHOLESALE,9,84.0,756.0
ORD-005777,WCUST-00476,2026-01-16,REGULAR-BLEND-WHOLESALE,8,84.0,672.0
ORD-005778,WCUST-00476,2026-02-24,REGULAR-BLEND-WHOLESALE,8,84.0,672.0
ORD-005779,WCUST-00476,2026-03-27,DECAF-COLOMBIA-WHOLESALE,10,93.0,930.0
ORD-005780,WCUST-00476,2026-04-27,REGULAR-GUATEMALA-WHOLESALE,10,84.0,840.0
ORD-005781,WCUST-00476,2026-06-11,REGULAR-BLEND-WHOLESALE,4,84.0,336.0
ORD-005781,WCUST-00476,2026-06-11,REGULAR-BLEND-RETAIL,2,14.0,28.0
ORD-005782,WCUST-00476,2026-07-17,REGULAR-BLEND-WHOLESALE,9,84.0,756.0
ORD-005782,WCUST-00476,2026-07-17,REGULAR-BLEND-RETAIL,3,14.0,42.0
ORD-005783,WCUST-00476,2026-08-29,REGULAR-COLOMBIA-WHOLESALE,8,84.0,672.0
ORD-005784,WCUST-00477,2026-08-14,REGULAR-BLEND-WHOLESALE,5,84.0,420.0
ORD-005785,WCUST-00478,2025-07-19,REGULAR-COLOMBIA-WHOLESALE,4,84.0,336.0
ORD-005786,WCUST-00478,2025-08-23,REGULAR-PERU-WHOLESALE,4,84.0,336.0
ORD-005787,WCUST-00478,2025-09-26,REGULAR-GUATEMALA-WHOLESALE,8,84.0,672.0
ORD-005787,WCUST-00478,2025-09-26,REGULAR-PERU-RETAIL,1,14.0,14.0
ORD-005788,WCUST-00478,2025-10-24,REGULAR-GUATEMALA-WHOLESALE,7,84.0,588.0
ORD-005788,WCUST-00478,2025-10-24,REGULAR-PERU-RETAIL,1,14.0,14.0
ORD-005789,WCUST-00478,2025-11-20,REGULAR-GUATEMALA-WHOLESALE,4,84.0,336.0
ORD-005790,WCUST-00478,2025-12-25,DECAF-PERU-WHOLESALE,8,93.0,744.0
ORD-005791,WCUST-00478,2026-01-27,REGULAR-BLEND-WHOLESALE,9,84.0,756.0
ORD-005792,WCUST-00478,2026-02-25,REGULAR-BLEND-WHOLESALE,9,84.0,756.0
ORD-005793,WCUST-00478,2026-03-23,REGULAR-GUATEMALA-WHOLESALE,4,84.0,336.0
ORD-005794,WCUST-00478,2026-04-19,REGULAR-GUATEMALA-WHOLESALE,7,84.0,588.0
ORD-005795,WCUST-00478,2026-05-31,REGULAR-BLEND-WHOLESALE,5,84.0,420.0
ORD-005796,WCUST-00478,2026-07-09,REGULAR-BLEND-WHOLESALE,4,84.0,336.0
ORD-005797,WCUST-00478,2026-08-06,REGULAR-BLEND-WHOLESALE,9,84.0,756.0
ORD-005798,WCUST-00478,2026-09-04,REGULAR-BLEND-WHOLESALE,5,84.0,420.0
ORD-005799,WCUST-00479,2026-06-24,REGULAR-BLEND-WHOLESALE,1,84.0,84.0
ORD-005800,WCUST-00479,2026-08-03,DECAF-BLEND-WHOLESALE,3,93.0,279.0
ORD-005801,WCUST-00480,2025-03-14,REGULAR-GUATEMALA-WHOLESALE,4,84.0,336.0
ORD-005802,WCUST-00480,2025-04-13,DECAF-BLEND-WHOLESALE,4,93.0,372.0
ORD-005803,WCUST-00480,2025-05-03,REGULAR-GUATEMALA-WHOLESALE,5,84.0,420.0
ORD-005804,WCUST-00480,2025-05-28,REGULAR-GUATEMALA-WHOLESALE,5,84.0,420.0
ORD-005805,WCUST-00480,2025-06-29,REGULAR-GUATEMALA-WHOLESALE,3,84.0,252.0
ORD-005806,WCUST-00480,2025-07-24,REGULAR-COLOMBIA-WHOLESALE,4,84.0,336.0
ORD-005807,WCUST-00480,2025-08-19,REGULAR-GUATEMALA-WHOLESALE,5,84.0,420.0
ORD-005808,WCUST-00480,2025-09-14,REGULAR-GUATEMALA-WHOLESALE,2,84.0,168.0
ORD-005809,WCUST-00480,2025-10-17,REGULAR-PERU-WHOLESALE,2,84.0,168.0
ORD-005810,WCUST-00480,2025-11-12,REGULAR-BLEND-WHOLESALE,5,84.0,420.0
ORD-005811,WCUST-00480,2025-12-12,REGULAR-BLEND-WHOLESALE,5,84.0,420.0
ORD-005812,WCUST-00480,2026-01-13,REGULAR-BLEND-WHOLESALE,5,84.0,420.0
ORD-005813,WCUST-00480,2026-02-17,REGULAR-BLEND-WHOLESALE,5,84.0,420.0
ORD-005814,WCUST-00480,2026-03-20,REGULAR-GUATEMALA-WHOLESALE,3,84.0,252.0
ORD-005814,WCUST-00480,2026-03-20,REGULAR-GUATEMALA-RETAIL,3,14.0,42.0
ORD-005815,WCUST-00480,2026-04-09,REGULAR-GUATEMALA-WHOLESALE,2,84.0,168.0
ORD-005815,WCUST-00480,2026-04-09,REGULAR-GUATEMALA-RETAIL,1,14.0,14.0
ORD-005816,WCUST-00480,2026-05-14,REGULAR-BLEND-WHOLESALE,5,84.0,420.0
ORD-005817,WCUST-00480,2026-06-06,REGULAR-BLEND-WHOLESALE,2,84.0,168.0
ORD-005817,WCUST-00480,2026-06-06,REGULAR-BLEND-RETAIL,2,14.0,28.0
ORD-005818,WCUST-00480,2026-07-10,REGULAR-COLOMBIA-WHOLESALE,2,84.0,168.0
ORD-005819,WCUST-00480,2026-08-08,REGULAR-COLOMBIA-WHOLESALE,4,84.0,336.0
ORD-005820,WCUST-00480,2026-09-09,REGULAR-BLEND-WHOLESALE,3,84.0,252.0
ORD-005821,WCUST-00481,2026-07-01,REGULAR-BLEND-WHOLESALE,1,84.0,84.0
ORD-005822,WCUST-00481,2026-09-05,REGULAR-COLOMBIA-WHOLESALE,3,84.0,252.0
ORD-005823,WCUST-00483,2025-12-29,REGULAR-BLEND-WHOLESALE,3,84.0,252.0
ORD-005824,WCUST-00483,2026-02-01,REGULAR-PERU-WHOLESALE,3,84.0,252.0
ORD-005825,WCUST-00483,2026-02-24,REGULAR-BLEND-WHOLESALE,3,84.0,252.0
ORD-005826,WCUST-00483,2026-03-27,REGULAR-COLOMBIA-WHOLESALE,3,84.0,252.0
ORD-005827,WCUST-00483,2026-04-16,REGULAR-GUATEMALA-WHOLESALE,5,84.0,420.0
ORD-005828,WCUST-00483,2026-05-22,REGULAR-BLEND-WHOLESALE,2,84.0,168.0
ORD-005828,WCUST-00483,2026-05-22,REGULAR-BLEND-RETAIL,1,14.0,14.0
ORD-005829,WCUST-00483,2026-06-22,REGULAR-BLEND-WHOLESALE,3,84.0,252.0
ORD-005829,WCUST-00483,2026-06-22,REGULAR-BLEND-RETAIL,3,14.0,42.0
ORD-005830,WCUST-00483,2026-07-13,REGULAR-BLEND-WHOLESALE,3,84.0,252.0
ORD-005831,WCUST-00483,2026-08-04,REGULAR-BLEND-WHOLESALE,4,84.0,336.0
ORD-005832,WCUST-00483,2026-09-04,REGULAR-COLOMBIA-WHOLESALE,5,84.0,420.0
ORD-005832,WCUST-00483,2026-09-04,REGULAR-BLEND-RETAIL,3,14.0,42.0
ORD-005833,WCUST-00484,2024-05-20,REGULAR-BLEND-WHOLESALE,3,84.0,252.0
ORD-005834,WCUST-00484,2024-06-17,REGULAR-BLEND-WHOLESALE,2,84.0,168.0
ORD-005835,WCUST-00484,2024-07-08,REGULAR-BLEND-WHOLESALE,5,84.0,420.0
ORD-005836,WCUST-00484,2024-08-13,REGULAR-BLEND-WHOLESALE,3,84.0,252.0
ORD-005837,WCUST-00484,2024-09-05,REGULAR-BLEND-WHOLESALE,3,84.0,252.0
ORD-005838,WCUST-00484,2024-10-04,DECAF-GUATEMALA-WHOLESALE,3,93.0,279.0
ORD-005839,WCUST-00484,2024-10-29,REGULAR-GUATEMALA-WHOLESALE,5,84.0,420.0
ORD-005840,WCUST-00484,2024-11-19,REGULAR-GUATEMALA-WHOLESALE,5,84.0,420.0
ORD-005841,WCUST-00484,2024-12-24,REGULAR-GUATEMALA-WHOLESALE,2,84.0,168.0
ORD-005842,WCUST-00484,2025-01-17,REGULAR-GUATEMALA-WHOLESALE,3,84.0,252.0
ORD-005842,WCUST-00484,2025-01-17,REGULAR-GUATEMALA-RETAIL,1,14.0,14.0
ORD-005843,WCUST-00484,2025-02-20,REGULAR-COLOMBIA-WHOLESALE,4,84.0,336.0
ORD-005844,WCUST-00484,2025-03-28,REGULAR-COLOMBIA-WHOLESALE,5,84.0,420.0
ORD-005845,WCUST-00484,2025-05-02,REGULAR-GUATEMALA-WHOLESALE,5,84.0,420.0
ORD-005846,WCUST-00484,2025-05-25,REGULAR-GUATEMALA-WHOLESALE,4,84.0,336.0
ORD-005847,WCUST-00484,2025-06-29,DECAF-BLEND-WHOLESALE,4,93.0,372.0
ORD-005847,WCUST-00484,2025-06-29,REGULAR-GUATEMALA-RETAIL,3,14.0,42.0
ORD-005848,WCUST-00484,2025-07-25,REGULAR-COLOMBIA-WHOLESALE,4,84.0,336.0
ORD-005849,WCUST-00484,2025-08-26,REGULAR-PERU-WHOLESALE,2,84.0,168.0
ORD-005850,WCUST-00484,2025-09-28,REGULAR-PERU-WHOLESALE,4,84.0,336.0
ORD-005851,WCUST-00484,2025-10-22,DECAF-GUATEMALA-WHOLESALE,2,93.0,186.0
ORD-005852,WCUST-00484,2025-11-22,REGULAR-GUATEMALA-WHOLESALE,5,84.0,420.0
ORD-005853,WCUST-00484,2025-12-21,REGULAR-BLEND-WHOLESALE,5,84.0,420.0
ORD-005854,WCUST-00484,2026-01-23,REGULAR-PERU-WHOLESALE,3,84.0,252.0
ORD-005854,WCUST-00484,2026-01-23,DECAF-PERU-RETAIL,2,15.5,31.0
ORD-005855,WCUST-00484,2026-02-14,REGULAR-BLEND-WHOLESALE,5,84.0,420.0
ORD-005856,WCUST-00484,2026-03-12,REGULAR-COLOMBIA-WHOLESALE,2,84.0,168.0
ORD-005857,WCUST-00484,2026-04-17,REGULAR-GUATEMALA-WHOLESALE,2,84.0,168.0
ORD-005857,WCUST-00484,2026-04-17,REGULAR-GUATEMALA-RETAIL,2,14.0,28.0
ORD-005858,WCUST-00484,2026-05-23,REGULAR-BLEND-WHOLESALE,3,84.0,252.0
ORD-005859,WCUST-00484,2026-06-28,DECAF-COLOMBIA-WHOLESALE,4,93.0,372.0
ORD-005860,WCUST-00484,2026-08-01,REGULAR-BLEND-WHOLESALE,2,84.0,168.0
ORD-005860,WCUST-00484,2026-08-01,REGULAR-COLOMBIA-RETAIL,1,14.0,14.0
ORD-005861,WCUST-00484,2026-09-03,REGULAR-COLOMBIA-WHOLESALE,5,84.0,420.0
ORD-005861,WCUST-00484,2026-09-03,REGULAR-COLOMBIA-RETAIL,1,14.0,14.0
ORD-005862,WCUST-00485,2025-11-17,REGULAR-BLEND-WHOLESALE,8,84.0,672.0
ORD-005862,WCUST-00485,2025-11-17,REGULAR-GUATEMALA-RETAIL,1,14.0,14.0
ORD-005863,WCUST-00485,2025-12-20,REGULAR-BLEND-WHOLESALE,10,84.0,840.0
ORD-005863,WCUST-00485,2025-12-20,REGULAR-BLEND-RETAIL,2,14.0,28.0
ORD-005864,WCUST-00485,2026-02-02,REGULAR-BLEND-WHOLESALE,8,84.0,672.0
ORD-005865,WCUST-00485,2026-03-08,REGULAR-GUATEMALA-WHOLESALE,6,84.0,504.0
ORD-005865,WCUST-00485,2026-03-08,REGULAR-COLOMBIA-RETAIL,2,14.0,28.0
ORD-005866,WCUST-00485,2026-04-02,REGULAR-GUATEMALA-WHOLESALE,10,84.0,840.0
ORD-005867,WCUST-00485,2026-05-02,DECAF-PERU-WHOLESALE,8,93.0,744.0
ORD-005868,WCUST-00485,2026-06-12,REGULAR-BLEND-WHOLESALE,6,84.0,504.0
ORD-005869,WCUST-00485,2026-07-18,REGULAR-BLEND-WHOLESALE,5,84.0,420.0
ORD-005870,WCUST-00485,2026-08-19,REGULAR-COLOMBIA-WHOLESALE,7,84.0,588.0
ORD-005870,WCUST-00485,2026-08-19,DECAF-BLEND-RETAIL,1,15.5,15.5
ORD-005871,WCUST-00486,2024-06-27,REGULAR-BLEND-WHOLESALE,1,84.0,84.0
ORD-005871,WCUST-00486,2024-06-27,REGULAR-BLEND-RETAIL,1,14.0,14.0
ORD-005872,WCUST-00486,2024-08-31,REGULAR-BLEND-WHOLESALE,3,84.0,252.0
ORD-005873,WCUST-00486,2024-10-27,REGULAR-GUATEMALA-WHOLESALE,1,84.0,84.0
ORD-005874,WCUST-00486,2024-12-23,REGULAR-GUATEMALA-WHOLESALE,2,84.0,168.0
ORD-005875,WCUST-00486,2025-02-20,REGULAR-COLOMBIA-WHOLESALE,3,84.0,252.0
ORD-005876,WCUST-00486,2025-04-28,DECAF-BLEND-WHOLESALE,2,93.0,186.0
ORD-005877,WCUST-00486,2025-06-17,DECAF-BLEND-WHOLESALE,2,93.0,186.0
ORD-005878,WCUST-00486,2025-08-06,REGULAR-PERU-WHOLESALE,1,84.0,84.0
ORD-005879,WCUST-00486,2025-09-23,REGULAR-GUATEMALA-WHOLESALE,1,84.0,84.0
ORD-005880,WCUST-00486,2025-11-26,REGULAR-GUATEMALA-WHOLESALE,3,84.0,252.0
ORD-005881,WCUST-00486,2026-01-27,REGULAR-BLEND-WHOLESALE,3,84.0,252.0
ORD-005882,WCUST-00486,2026-04-01,REGULAR-GUATEMALA-WHOLESALE,2,84.0,168.0
ORD-005883,WCUST-00486,2026-05-18,REGULAR-BLEND-WHOLESALE,3,84.0,252.0
ORD-005884,WCUST-00486,2026-07-13,REGULAR-COLOMBIA-WHOLESALE,3,84.0,252.0
ORD-005885,WCUST-00486,2026-08-28,REGULAR-COLOMBIA-WHOLESALE,3,84.0,252.0
ORD-005886,WCUST-00487,2026-03-04,REGULAR-COLOMBIA-WHOLESALE,9,84.0,756.0
ORD-005887,WCUST-00487,2026-04-04,REGULAR-GUATEMALA-WHOLESALE,5,84.0,420.0
ORD-005888,WCUST-00487,2026-05-12,REGULAR-BLEND-WHOLESALE,4,84.0,336.0
ORD-005888,WCUST-00487,2026-05-12,REGULAR-BLEND-RETAIL,3,14.0,42.0
ORD-005889,WCUST-00487,2026-06-11,REGULAR-BLEND-WHOLESALE,4,84.0,336.0
ORD-005890,WCUST-00487,2026-07-19,REGULAR-COLOMBIA-WHOLESALE,7,84.0,588.0
ORD-005891,WCUST-00487,2026-08-13,REGULAR-BLEND-WHOLESALE,5,84.0,420.0
ORD-005892,WCUST-00488,2025-08-09,REGULAR-GUATEMALA-WHOLESALE,7,84.0,588.0
ORD-005893,WCUST-00488,2025-08-25,REGULAR-PERU-WHOLESALE,4,84.0,336.0
ORD-005894,WCUST-00488,2025-09-10,DECAF-GUATEMALA-WHOLESALE,6,93.0,558.0
ORD-005895,WCUST-00488,2025-09-28,REGULAR-PERU-WHOLESALE,8,84.0,672.0
ORD-005896,WCUST-00488,2025-10-15,DECAF-GUATEMALA-WHOLESALE,8,93.0,744.0
ORD-005897,WCUST-00488,2025-11-01,REGULAR-BLEND-WHOLESALE,8,84.0,672.0
ORD-005898,WCUST-00488,2025-11-18,REGULAR-GUATEMALA-WHOLESALE,3,84.0,252.0
ORD-005899,WCUST-00488,2025-12-14,REGULAR-BLEND-WHOLESALE,3,84.0,252.0
ORD-005900,WCUST-00488,2026-01-02,REGULAR-BLEND-WHOLESALE,3,84.0,252.0
ORD-005901,WCUST-00488,2026-01-20,REGULAR-BLEND-WHOLESALE,5,84.0,420.0
ORD-005902,WCUST-00488,2026-02-15,REGULAR-BLEND-WHOLESALE,8,84.0,672.0
ORD-005903,WCUST-00488,2026-03-09,REGULAR-GUATEMALA-WHOLESALE,5,84.0,420.0
ORD-005903,WCUST-00488,2026-03-09,REGULAR-COLOMBIA-RETAIL,1,14.0,14.0
ORD-005904,WCUST-00488,2026-03-24,REGULAR-GUATEMALA-WHOLESALE,7,84.0,588.0
ORD-005904,WCUST-00488,2026-03-24,REGULAR-GUATEMALA-RETAIL,2,14.0,28.0
ORD-005905,WCUST-00488,2026-04-08,REGULAR-GUATEMALA-WHOLESALE,3,84.0,252.0
ORD-005906,WCUST-00488,2026-04-24,DECAF-COLOMBIA-WHOLESALE,7,93.0,651.0
ORD-005907,WCUST-00488,2026-05-15,REGULAR-BLEND-WHOLESALE,8,84.0,672.0
ORD-005908,WCUST-00488,2026-06-09,REGULAR-BLEND-WHOLESALE,7,84.0,588.0
ORD-005909,WCUST-00488,2026-06-29,REGULAR-BLEND-WHOLESALE,7,84.0,588.0
ORD-005910,WCUST-00488,2026-07-17,DECAF-COLOMBIA-WHOLESALE,7,93.0,651.0
ORD-005911,WCUST-00488,2026-08-12,REGULAR-COLOMBIA-WHOLESALE,6,84.0,504.0
ORD-005912,WCUST-00488,2026-09-07,REGULAR-COLOMBIA-WHOLESALE,7,84.0,588.0
ORD-005913,WCUST-00489,2025-08-23,REGULAR-GUATEMALA-WHOLESALE,5,84.0,420.0
ORD-005913,WCUST-00489,2025-08-23,REGULAR-PERU-RETAIL,1,14.0,14.0
ORD-005914,WCUST-00489,2025-09-20,REGULAR-GUATEMALA-WHOLESALE,5,84.0,420.0
ORD-005915,WCUST-00489,2025-10-20,DECAF-GUATEMALA-WHOLESALE,5,93.0,465.0
ORD-005916,WCUST-00489,2025-11-11,DECAF-PERU-WHOLESALE,2,93.0,186.0
ORD-005917,WCUST-00490,2024-05-24,DECAF-GUATEMALA-WHOLESALE,3,93.0,279.0
ORD-005918,WCUST-00490,2024-06-15,REGULAR-BLEND-WHOLESALE,2,84.0,168.0
ORD-005919,WCUST-00490,2024-07-06,REGULAR-BLEND-WHOLESALE,5,84.0,420.0
ORD-005920,WCUST-00490,2024-08-02,REGULAR-PERU-WHOLESALE,3,84.0,252.0
ORD-005921,WCUST-00490,2024-09-07,REGULAR-PERU-WHOLESALE,3,84.0,252.0
ORD-005922,WCUST-00490,2024-10-11,REGULAR-GUATEMALA-WHOLESALE,4,84.0,336.0
ORD-005923,WCUST-00490,2024-11-07,DECAF-PERU-WHOLESALE,3,93.0,279.0
ORD-005924,WCUST-00490,2024-11-28,REGULAR-GUATEMALA-WHOLESALE,3,84.0,252.0
ORD-005925,WCUST-00490,2024-12-26,REGULAR-GUATEMALA-WHOLESALE,3,84.0,252.0
ORD-005926,WCUST-00490,2025-01-21,REGULAR-GUATEMALA-WHOLESALE,5,84.0,420.0
ORD-005927,WCUST-00490,2025-02-13,REGULAR-GUATEMALA-WHOLESALE,5,84.0,420.0
ORD-005928,WCUST-00490,2025-03-21,REGULAR-COLOMBIA-WHOLESALE,4,84.0,336.0
ORD-005929,WCUST-00490,2025-04-21,REGULAR-GUATEMALA-WHOLESALE,5,84.0,420.0
ORD-005930,WCUST-00490,2025-05-27,REGULAR-GUATEMALA-WHOLESALE,4,84.0,336.0
ORD-005931,WCUST-00490,2025-06-30,REGULAR-GUATEMALA-WHOLESALE,2,84.0,168.0
ORD-005932,WCUST-00490,2025-07-27,REGULAR-COLOMBIA-WHOLESALE,3,84.0,252.0
ORD-005933,WCUST-00490,2025-08-22,REGULAR-GUATEMALA-WHOLESALE,3,84.0,252.0
ORD-005934,WCUST-00490,2025-09-22,REGULAR-PERU-WHOLESALE,2,84.0,168.0
ORD-005935,WCUST-00490,2025-10-21,REGULAR-PERU-WHOLESALE,4,84.0,336.0
ORD-005936,WCUST-00490,2025-11-25,REGULAR-BLEND-WHOLESALE,3,84.0,252.0
ORD-005937,WCUST-00490,2025-12-27,REGULAR-GUATEMALA-WHOLESALE,5,84.0,420.0
ORD-005938,WCUST-00490,2026-01-20,REGULAR-PERU-WHOLESALE,3,84.0,252.0
ORD-005939,WCUST-00490,2026-02-23,REGULAR-PERU-WHOLESALE,3,84.0,252.0
ORD-005939,WCUST-00490,2026-02-23,REGULAR-BLEND-RETAIL,3,14.0,42.0
ORD-005940,WCUST-00490,2026-03-17,REGULAR-GUATEMALA-WHOLESALE,2,84.0,168.0
ORD-005941,WCUST-00490,2026-04-22,REGULAR-GUATEMALA-WHOLESALE,4,84.0,336.0
ORD-005941,WCUST-00490,2026-04-22,REGULAR-GUATEMALA-RETAIL,2,14.0,28.0
ORD-005942,WCUST-00490,2026-05-23,REGULAR-BLEND-WHOLESALE,4,84.0,336.0
ORD-005943,WCUST-00490,2026-06-19,REGULAR-BLEND-WHOLESALE,4,84.0,336.0
ORD-005944,WCUST-00490,2026-07-25,REGULAR-BLEND-WHOLESALE,3,84.0,252.0
ORD-005944,WCUST-00490,2026-07-25,REGULAR-BLEND-RETAIL,3,14.0,42.0
ORD-005945,WCUST-00490,2026-08-14,REGULAR-COLOMBIA-WHOLESALE,2,84.0,168.0
ORD-005946,WCUST-00490,2026-09-06,REGULAR-COLOMBIA-WHOLESALE,2,84.0,168.0
ORD-005947,WCUST-00491,2025-12-23,REGULAR-GUATEMALA-WHOLESALE,6,84.0,504.0
ORD-005948,WCUST-00491,2026-01-19,REGULAR-BLEND-WHOLESALE,3,84.0,252.0
ORD-005949,WCUST-00491,2026-02-12,REGULAR-PERU-WHOLESALE,8,84.0,672.0
ORD-005950,WCUST-00491,2026-03-11,REGULAR-GUATEMALA-WHOLESALE,8,84.0,672.0
ORD-005951,WCUST-00491,2026-04-04,DECAF-COLOMBIA-WHOLESALE,8,93.0,744.0
ORD-005952,WCUST-00491,2026-04-20,REGULAR-GUATEMALA-WHOLESALE,5,84.0,420.0
ORD-005953,WCUST-00491,2026-05-17,REGULAR-BLEND-WHOLESALE,8,84.0,672.0
ORD-005954,WCUST-00491,2026-06-07,REGULAR-BLEND-WHOLESALE,5,84.0,420.0
ORD-005955,WCUST-00491,2026-06-24,DECAF-COLOMBIA-WHOLESALE,4,93.0,372.0
ORD-005956,WCUST-00492,2026-03-09,REGULAR-COLOMBIA-WHOLESALE,2,84.0,168.0
ORD-005956,WCUST-00492,2026-03-09,REGULAR-COLOMBIA-RETAIL,2,14.0,28.0
ORD-005957,WCUST-00492,2026-03-30,REGULAR-GUATEMALA-WHOLESALE,5,84.0,420.0
ORD-005958,WCUST-00492,2026-04-24,REGULAR-GUATEMALA-WHOLESALE,2,84.0,168.0
ORD-005959,WCUST-00492,2026-05-27,REGULAR-BLEND-WHOLESALE,3,84.0,252.0
ORD-005960,WCUST-00492,2026-06-29,REGULAR-BLEND-WHOLESALE,5,84.0,420.0
ORD-005960,WCUST-00492,2026-06-29,REGULAR-BLEND-RETAIL,1,14.0,14.0
ORD-005961,WCUST-00492,2026-07-24,REGULAR-BLEND-WHOLESALE,2,84.0,168.0
ORD-005961,WCUST-00492,2026-07-24,REGULAR-BLEND-RETAIL,1,14.0,14.0
ORD-005962,WCUST-00493,2025-08-28,REGULAR-PERU-WHOLESALE,6,84.0,504.0
ORD-005963,WCUST-00493,2025-09-15,REGULAR-PERU-WHOLESALE,6,84.0,504.0
ORD-005964,WCUST-00493,2025-10-04,REGULAR-PERU-WHOLESALE,4,84.0,336.0
ORD-005965,WCUST-00493,2025-10-25,DECAF-GUATEMALA-WHOLESALE,4,93.0,372.0
ORD-005966,WCUST-00493,2025-11-09,DECAF-PERU-WHOLESALE,4,93.0,372.0
ORD-005967,WCUST-00493,2025-11-24,REGULAR-GUATEMALA-WHOLESALE,6,84.0,504.0
ORD-005968,WCUST-00493,2025-12-21,REGULAR-BLEND-WHOLESALE,4,84.0,336.0
ORD-005969,WCUST-00493,2026-01-12,REGULAR-PERU-WHOLESALE,5,84.0,420.0
ORD-005970,WCUST-00493,2026-01-29,REGULAR-PERU-WHOLESALE,6,84.0,504.0
ORD-005971,WCUST-00493,2026-02-23,REGULAR-BLEND-WHOLESALE,4,84.0,336.0
ORD-005972,WCUST-00493,2026-03-12,REGULAR-COLOMBIA-WHOLESALE,7,84.0,588.0
ORD-005972,WCUST-00493,2026-03-12,DECAF-COLOMBIA-RETAIL,2,15.5,31.0
ORD-005973,WCUST-00493,2026-03-28,REGULAR-GUATEMALA-WHOLESALE,7,84.0,588.0
ORD-005974,WCUST-00493,2026-04-16,REGULAR-GUATEMALA-WHOLESALE,4,84.0,336.0
ORD-005975,WCUST-00493,2026-05-12,REGULAR-BLEND-WHOLESALE,4,84.0,336.0
ORD-005976,WCUST-00493,2026-06-04,REGULAR-BLEND-WHOLESALE,5,84.0,420.0
ORD-005977,WCUST-00493,2026-06-21,REGULAR-BLEND-WHOLESALE,8,84.0,672.0
ORD-005978,WCUST-00493,2026-07-13,REGULAR-COLOMBIA-WHOLESALE,4,84.0,336.0
ORD-005979,WCUST-00493,2026-08-06,REGULAR-COLOMBIA-WHOLESALE,3,84.0,252.0
ORD-005980,WCUST-00493,2026-08-23,REGULAR-COLOMBIA-WHOLESALE,7,84.0,588.0
ORD-005981,WCUST-00493,2026-09-07,REGULAR-BLEND-WHOLESALE,4,84.0,336.0
ORD-005982,WCUST-00494,2024-05-31,REGULAR-BLEND-WHOLESALE,8,84.0,672.0
ORD-005983,WCUST-00494,2024-06-19,REGULAR-BLEND-WHOLESALE,4,84.0,336.0
ORD-005984,WCUST-00494,2024-07-12,DECAF-BLEND-WHOLESALE,5,93.0,465.0
ORD-005985,WCUST-00494,2024-08-02,REGULAR-BLEND-WHOLESALE,8,84.0,672.0
ORD-005986,WCUST-00494,2024-08-27,REGULAR-BLEND-WHOLESALE,4,84.0,336.0
ORD-005986,WCUST-00494,2024-08-27,REGULAR-PERU-RETAIL,2,14.0,28.0
ORD-005987,WCUST-00494,2024-09-12,DECAF-GUATEMALA-WHOLESALE,7,93.0,651.0
ORD-005988,WCUST-00494,2024-10-05,REGULAR-GUATEMALA-WHOLESALE,5,84.0,420.0
ORD-005989,WCUST-00494,2024-10-26,REGULAR-GUATEMALA-WHOLESALE,8,84.0,672.0
ORD-005990,WCUST-00494,2024-11-11,REGULAR-GUATEMALA-WHOLESALE,3,84.0,252.0
ORD-005991,WCUST-00494,2024-12-03,REGULAR-GUATEMALA-WHOLESALE,6,84.0,504.0
ORD-005991,WCUST-00494,2024-12-03,REGULAR-GUATEMALA-RETAIL,1,14.0,14.0
ORD-005992,WCUST-00494,2024-12-20,REGULAR-GUATEMALA-WHOLESALE,6,84.0,504.0
ORD-005993,WCUST-00494,2025-01-13,REGULAR-GUATEMALA-WHOLESALE,6,84.0,504.0
ORD-005994,WCUST-00494,2025-02-03,REGULAR-GUATEMALA-WHOLESALE,8,84.0,672.0
ORD-005995,WCUST-00494,2025-02-22,REGULAR-GUATEMALA-WHOLESALE,6,84.0,504.0
ORD-005996,WCUST-00494,2025-03-16,REGULAR-GUATEMALA-WHOLESALE,3,84.0,252.0
ORD-005997,WCUST-00494,2025-04-04,DECAF-BLEND-WHOLESALE,3,93.0,279.0
ORD-005998,WCUST-00494,2025-04-27,DECAF-BLEND-WHOLESALE,7,93.0,651.0
ORD-005999,WCUST-00494,2025-05-23,REGULAR-GUATEMALA-WHOLESALE,3,84.0,252.0
ORD-006000,WCUST-00494,2025-06-12,REGULAR-GUATEMALA-WHOLESALE,3,84.0,252.0
ORD-006001,WCUST-00494,2025-07-07,REGULAR-COLOMBIA-WHOLESALE,5,84.0,420.0
ORD-006002,WCUST-00494,2025-07-24,REGULAR-COLOMBIA-WHOLESALE,3,84.0,252.0
ORD-006003,WCUST-00494,2025-08-15,DECAF-GUATEMALA-WHOLESALE,7,93.0,651.0
ORD-006004,WCUST-00494,2025-09-02,REGULAR-GUATEMALA-WHOLESALE,3,84.0,252.0
ORD-006005,WCUST-00494,2025-09-26,REGULAR-PERU-WHOLESALE,5,84.0,420.0
ORD-006006,WCUST-00494,2025-10-15,REGULAR-GUATEMALA-WHOLESALE,5,84.0,420.0
ORD-006007,WCUST-00494,2025-11-07,DECAF-PERU-WHOLESALE,8,93.0,744.0
ORD-006008,WCUST-00494,2025-11-26,REGULAR-BLEND-WHOLESALE,4,84.0,336.0
ORD-006009,WCUST-00494,2025-12-20,REGULAR-GUATEMALA-WHOLESALE,5,84.0,420.0
ORD-006010,WCUST-00494,2026-01-13,REGULAR-BLEND-WHOLESALE,4,84.0,336.0
ORD-006011,WCUST-00494,2026-01-30,DECAF-PERU-WHOLESALE,4,93.0,372.0
ORD-006012,WCUST-00494,2026-02-17,REGULAR-PERU-WHOLESALE,5,84.0,420.0
ORD-006013,WCUST-00494,2026-03-16,REGULAR-GUATEMALA-WHOLESALE,8,84.0,672.0
ORD-006014,WCUST-00494,2026-04-10,REGULAR-GUATEMALA-WHOLESALE,5,84.0,420.0
ORD-006015,WCUST-00494,2026-05-07,REGULAR-BLEND-WHOLESALE,6,84.0,504.0
ORD-006016,WCUST-00494,2026-05-29,DECAF-PERU-WHOLESALE,6,93.0,558.0
ORD-006016,WCUST-00494,2026-05-29,REGULAR-BLEND-RETAIL,1,14.0,14.0
ORD-006017,WCUST-00494,2026-06-23,REGULAR-BLEND-WHOLESALE,5,84.0,420.0
ORD-006017,WCUST-00494,2026-06-23,REGULAR-BLEND-RETAIL,1,14.0,14.0
ORD-006018,WCUST-00494,2026-07-16,REGULAR-COLOMBIA-WHOLESALE,5,84.0,420.0
ORD-006019,WCUST-00494,2026-08-07,DECAF-BLEND-WHOLESALE,3,93.0,279.0
ORD-006020,WCUST-00494,2026-08-23,REGULAR-COLOMBIA-WHOLESALE,5,84.0,420.0
ORD-006021,WCUST-00495,2026-01-15,REGULAR-PERU-WHOLESALE,3,84.0,252.0
ORD-006022,WCUST-00495,2026-03-22,REGULAR-GUATEMALA-WHOLESALE,3,84.0,252.0
ORD-006023,WCUST-00495,2026-05-06,REGULAR-BLEND-WHOLESALE,2,84.0,168.0
ORD-006023,WCUST-00495,2026-05-06,REGULAR-BLEND-RETAIL,3,14.0,42.0
ORD-006024,WCUST-00495,2026-07-07,REGULAR-BLEND-WHOLESALE,3,84.0,252.0
ORD-006025,WCUST-00495,2026-08-23,REGULAR-COLOMBIA-WHOLESALE,2,84.0,168.0
ORD-006026,WCUST-00496,2026-07-12,REGULAR-BLEND-WHOLESALE,2,84.0,168.0
ORD-006027,WCUST-00496,2026-08-07,REGULAR-COLOMBIA-WHOLESALE,5,84.0,420.0
ORD-006028,WCUST-00496,2026-08-29,REGULAR-BLEND-WHOLESALE,4,84.0,336.0
ORD-006029,WCUST-00497,2025-08-31,REGULAR-GUATEMALA-WHOLESALE,6,84.0,504.0
ORD-006030,WCUST-00497,2025-09-26,REGULAR-GUATEMALA-WHOLESALE,5,84.0,420.0
ORD-006031,WCUST-00497,2025-10-16,REGULAR-GUATEMALA-WHOLESALE,5,84.0,420.0
ORD-006032,WCUST-00497,2025-11-04,REGULAR-GUATEMALA-WHOLESALE,8,84.0,672.0
ORD-006032,WCUST-00497,2025-11-04,REGULAR-BLEND-RETAIL,2,14.0,28.0
ORD-006033,WCUST-00497,2025-12-01,REGULAR-GUATEMALA-WHOLESALE,8,84.0,672.0
ORD-006034,WCUST-00497,2025-12-26,REGULAR-BLEND-WHOLESALE,8,84.0,672.0
ORD-006035,WCUST-00497,2026-01-16,REGULAR-BLEND-WHOLESALE,8,84.0,672.0
ORD-006036,WCUST-00497,2026-02-01,REGULAR-BLEND-WHOLESALE,8,84.0,672.0
ORD-006037,WCUST-00497,2026-02-22,REGULAR-PERU-WHOLESALE,3,84.0,252.0
ORD-006038,WCUST-00497,2026-03-09,DECAF-COLOMBIA-WHOLESALE,8,93.0,744.0
ORD-006039,WCUST-00497,2026-03-26,REGULAR-COLOMBIA-WHOLESALE,8,84.0,672.0
ORD-006040,WCUST-00497,2026-04-22,DECAF-COLOMBIA-WHOLESALE,7,93.0,651.0
ORD-006041,WCUST-00497,2026-05-18,REGULAR-BLEND-WHOLESALE,8,84.0,672.0
ORD-006041,WCUST-00497,2026-05-18,REGULAR-BLEND-RETAIL,2,14.0,28.0
ORD-006042,WCUST-00497,2026-06-12,REGULAR-BLEND-WHOLESALE,6,84.0,504.0
ORD-006042,WCUST-00497,2026-06-12,REGULAR-BLEND-RETAIL,2,14.0,28.0
ORD-006043,WCUST-00497,2026-07-01,REGULAR-COLOMBIA-WHOLESALE,7,84.0,588.0
ORD-006043,WCUST-00497,2026-07-01,REGULAR-BLEND-RETAIL,1,14.0,14.0
ORD-006044,WCUST-00497,2026-07-25,REGULAR-COLOMBIA-WHOLESALE,8,84.0,672.0
ORD-006044,WCUST-00497,2026-07-25,REGULAR-BLEND-RETAIL,3,14.0,42.0
ORD-006045,WCUST-00497,2026-08-20,REGULAR-BLEND-WHOLESALE,5,84.0,420.0
ORD-006046,WCUST-00497,2026-09-05,REGULAR-COLOMBIA-WHOLESALE,6,84.0,504.0
ORD-006046,WCUST-00497,2026-09-05,REGULAR-BLEND-RETAIL,1,14.0,14.0
ORD-006047,WCUST-00499,2026-08-15,REGULAR-COLOMBIA-WHOLESALE,7,84.0,588.0
ORD-006048,WCUST-00499,2026-09-04,REGULAR-BLEND-WHOLESALE,5,84.0,420.0
ORD-006048,WCUST-00499,2026-09-04,REGULAR-BLEND-RETAIL,1,14.0,14.0
ORD-006049,WCUST-00500,2026-03-20,REGULAR-COLOMBIA-WHOLESALE,10,84.0,840.0
ORD-006050,WCUST-00500,2026-04-20,REGULAR-GUATEMALA-WHOLESALE,5,84.0,420.0
ORD-006050,WCUST-00500,2026-04-20,REGULAR-GUATEMALA-RETAIL,1,14.0,14.0
ORD-006051,WCUST-00500,2026-05-15,REGULAR-BLEND-WHOLESALE,9,84.0,756.0
